Mono path[0] = 'C:/Apps/Steam/steamapps/common/Hollow Knight/hollow_knight_Data/Managed'
Mono config path = 'C:/Apps/Steam/steamapps/common/Hollow Knight/MonoBleedingEdge/etc'
Initialize engine version: 2020.2.2f1 (068178b99f32)
[Subsystems] Discovering subsystems at path C:/Apps/Steam/steamapps/common/Hollow Knight/hollow_knight_Data/UnitySubsystems
GfxDevice: creating device client; threaded=1
Direct3D:
    Version:  Direct3D 11.0 [level 11.1]
    Renderer: AMD Radeon RX 6750 GRE 12GB (ID=0x73df)
    Vendor:   
    VRAM:     12242 MB
    Driver:   32.0.21025.10016
Begin MonoManager ReloadAssembly
- Completed reload, in  0.105 seconds
OnLevelWasLoaded was found on GameMap
This message has been deprecated and will be removed in a later version of Unity.
Add a delegate to SceneManager.sceneLoaded instead to get notifications after scene loading has completed

OnLevelWasLoaded was found on PlayMakerUnity2d
This message has been deprecated and will be removed in a later version of Unity.
Add a delegate to SceneManager.sceneLoaded instead to get notifications after scene loading has completed

D3D11 device created for Microsoft Media Foundation video decoding.
<RI> Initializing input.
<RI> Input initialized.
<RI> Initialized touch support.
The class named 'ConfigManager' is abstract. The script class can't be abstract!

UnloadTime: 5.039500 ms
Graphics tier changed to High

Steam initializing

Steam logged in as chenxi_Euemnides

Selected online subsystem SteamOnlineSubsystem

Discovered supported languages: DE, EN, ES, FR, IT, JA, KO, PT, RU, ZH

Unloading 5 Unused Serialized files (Serialized files now loaded: 0)
Loaded saved language code 'ZH'

Restored language code 'ZH'

GameVersionData must be instantiated using the ScriptableObject.CreateInstance method instead of new GameVersionData.


Unloading 362 unused Assets to reduce memory usage. Loaded Objects now: 3825.
Total: 2.853700 ms (FindLiveObjects: 0.111900 ms CreateObjectMapping: 0.050900 ms MarkObjects: 2.619900 ms  DeleteObjects: 0.070900 ms)

Steam stats received.

Unloading 5 Unused Serialized files (Serialized files now loaded: 0)
UnloadTime: 2.763300 ms
DontDestroyOnLoad only works for root GameObjects or components on root GameObjects.

Creating Mod Logger

Fallback handler could not load library C:/Apps/Steam/steamapps/common/Hollow Knight/hollow_knight_Data/Mono/data-0000014492847E90.dll
Fallback handler could not load library C:/Apps/Steam/steamapps/common/Hollow Knight/hollow_knight_Data/Mono/data-00000144929B3E90.dll
Performing automatic level start.

Game controller set to None.


Unloading 30 unused Assets to reduce memory usage. Loaded Objects now: 46278.
Total: 98.040000 ms (FindLiveObjects: 1.882300 ms CreateObjectMapping: 0.736600 ms MarkObjects: 95.332000 ms  DeleteObjects: 0.088500 ms)

AddEventHandlerComponent: PlayMakerFixedUpdate

AddEventHandlerComponent: PlayMakerFixedUpdate

AddEventHandlerComponent: PlayMakerFixedUpdate

AddEventHandlerComponent: PlayMakerFixedUpdate

AddEventHandlerComponent: PlayMakerFixedUpdate

AddEventHandlerComponent: PlayMakerFixedUpdate

AddEventHandlerComponent: PlayMakerFixedUpdate

AddEventHandlerComponent: PlayMakerFixedUpdate

AddEventHandlerComponent: PlayMakerFixedUpdate

AddEventHandlerComponent: PlayMakerFixedUpdate

AddEventHandlerComponent: PlayMakerFixedUpdate

AddEventHandlerComponent: PlayMakerFixedUpdate

AddEventHandlerComponent: PlayMakerFixedUpdate

AddEventHandlerComponent: PlayMakerFixedUpdate

AddEventHandlerComponent: PlayMakerFixedUpdate

AddEventHandlerComponent: PlayMakerFixedUpdate

AddEventHandlerComponent: PlayMakerFixedUpdate

AddEventHandlerComponent: PlayMakerFixedUpdate

AddEventHandlerComponent: PlayMakerFixedUpdate

AddEventHandlerComponent: PlayMakerFixedUpdate

AddEventHandlerComponent: PlayMakerFixedUpdate

Couldn't find a Hero, make sure one exists in the scene.

Couldn't find a Hero, make sure one exists in the scene.

AddEventHandlerComponent: PlayMakerFixedUpdate

AddEventHandlerComponent: PlayMakerFixedUpdate

AddEventHandlerComponent: PlayMakerFixedUpdate

AddEventHandlerComponent: PlayMakerFixedUpdate

AddEventHandlerComponent: PlayMakerFixedUpdate

AddEventHandlerComponent: PlayMakerFixedUpdate

AddEventHandlerComponent: PlayMakerFixedUpdate

AddEventHandlerComponent: PlayMakerFixedUpdate

AddEventHandlerComponent: PlayMakerFixedUpdate

AddEventHandlerComponent: PlayMakerFixedUpdate

AddEventHandlerComponent: PlayMakerFixedUpdate

AddEventHandlerComponent: PlayMakerFixedUpdate

AddEventHandlerComponent: PlayMakerFixedUpdate

AddEventHandlerComponent: PlayMakerFixedUpdate

AddEventHandlerComponent: PlayMakerFixedUpdate

AddEventHandlerComponent: PlayMakerFixedUpdate

AddEventHandlerComponent: PlayMakerFixedUpdate

AddEventHandlerComponent: PlayMakerFixedUpdate

AddEventHandlerComponent: PlayMakerFixedUpdate

AddEventHandlerComponent: PlayMakerFixedUpdate

AddEventHandlerComponent: PlayMakerFixedUpdate

AddEventHandlerComponent: PlayMakerFixedUpdate

AddEventHandlerComponent: PlayMakerFixedUpdate

AddEventHandlerComponent: PlayMakerFixedUpdate

AddEventHandlerComponent: PlayMakerFixedUpdate

AddEventHandlerComponent: PlayMakerFixedUpdate

Couldn't find a Hero, make sure one exists in the scene.

Couldn't find a Hero, make sure one exists in the scene.

Couldn't find a Hero, make sure one exists in the scene.

AddEventHandlerComponent: PlayMakerFixedUpdate

AddEventHandlerComponent: PlayMakerFixedUpdate

AddEventHandlerComponent: PlayMakerFixedUpdate

AddEventHandlerComponent: PlayMakerFixedUpdate

AddEventHandlerComponent: PlayMakerFixedUpdate

AddEventHandlerComponent: PlayMakerLateUpdate

AddEventHandlerComponent: PlayMakerFixedUpdate

AddEventHandlerComponent: PlayMakerFixedUpdate

AddEventHandlerComponent: PlayMakerLateUpdate

AddEventHandlerComponent: PlayMakerFixedUpdate

AddEventHandlerComponent: PlayMakerLateUpdate

AddEventHandlerComponent: PlayMakerFixedUpdate

AddEventHandlerComponent: PlayMakerLateUpdate

AddEventHandlerComponent: PlayMakerFixedUpdate

AddEventHandlerComponent: PlayMakerLateUpdate

AddEventHandlerComponent: PlayMakerFixedUpdate

AddEventHandlerComponent: PlayMakerFixedUpdate

AddEventHandlerComponent: PlayMakerFixedUpdate

AddEventHandlerComponent: PlayMakerFixedUpdate

AddEventHandlerComponent: PlayMakerFixedUpdate

AddEventHandlerComponent: PlayMakerFixedUpdate

AddEventHandlerComponent: PlayMakerFixedUpdate

AddEventHandlerComponent: PlayMakerFixedUpdate

AddEventHandlerComponent: PlayMakerFixedUpdate

AddEventHandlerComponent: PlayMakerFixedUpdate

AddEventHandlerComponent: PlayMakerFixedUpdate

AddEventHandlerComponent: PlayMakerFixedUpdate

AddEventHandlerComponent: PlayMakerFixedUpdate

AddEventHandlerComponent: PlayMakerFixedUpdate

AddEventHandlerComponent: PlayMakerFixedUpdate

AddEventHandlerComponent: PlayMakerFixedUpdate

AddEventHandlerComponent: PlayMakerFixedUpdate

AddEventHandlerComponent: PlayMakerFixedUpdate

AddEventHandlerComponent: PlayMakerFixedUpdate

AddEventHandlerComponent: PlayMakerFixedUpdate

AddEventHandlerComponent: PlayMakerFixedUpdate

AddEventHandlerComponent: PlayMakerFixedUpdate

Couldn't find a Hero, make sure one exists in the scene.

Couldn't find a Hero, make sure one exists in the scene.

AddEventHandlerComponent: PlayMakerFixedUpdate

AddEventHandlerComponent: PlayMakerFixedUpdate

AddEventHandlerComponent: PlayMakerFixedUpdate

AddEventHandlerComponent: PlayMakerFixedUpdate

Couldn't find a Hero, make sure one exists in the scene.

Couldn't find a Hero, make sure one exists in the scene.

AddEventHandlerComponent: PlayMakerFixedUpdate

AddEventHandlerComponent: PlayMakerFixedUpdate

AddEventHandlerComponent: PlayMakerFixedUpdate

AddEventHandlerComponent: PlayMakerFixedUpdate

AddEventHandlerComponent: PlayMakerFixedUpdate

AddEventHandlerComponent: PlayMakerFixedUpdate

AddEventHandlerComponent: PlayMakerFixedUpdate

AddEventHandlerComponent: PlayMakerFixedUpdate

AddEventHandlerComponent: PlayMakerFixedUpdate

AddEventHandlerComponent: PlayMakerFixedUpdate

AddEventHandlerComponent: PlayMakerFixedUpdate

AddEventHandlerComponent: PlayMakerFixedUpdate

AddEventHandlerComponent: PlayMakerFixedUpdate

AddEventHandlerComponent: PlayMakerFixedUpdate

AddEventHandlerComponent: PlayMakerFixedUpdate

AddEventHandlerComponent: PlayMakerFixedUpdate

AddEventHandlerComponent: PlayMakerFixedUpdate

AddEventHandlerComponent: PlayMakerFixedUpdate

AddEventHandlerComponent: PlayMakerFixedUpdate

AddEventHandlerComponent: PlayMakerFixedUpdate

AddEventHandlerComponent: PlayMakerFixedUpdate

AddEventHandlerComponent: PlayMakerFixedUpdate

AddEventHandlerComponent: PlayMakerFixedUpdate

AddEventHandlerComponent: PlayMakerFixedUpdate

AddEventHandlerComponent: PlayMakerFixedUpdate

AddEventHandlerComponent: PlayMakerFixedUpdate

AddEventHandlerComponent: PlayMakerFixedUpdate

AddEventHandlerComponent: PlayMakerFixedUpdate

AddEventHandlerComponent: PlayMakerFixedUpdate

AddEventHandlerComponent: PlayMakerFixedUpdate

AddEventHandlerComponent: PlayMakerFixedUpdate

AddEventHandlerComponent: PlayMakerFixedUpdate

AddEventHandlerComponent: PlayMakerCollisionEnter2D

AddEventHandlerComponent: PlayMakerFixedUpdate

AddEventHandlerComponent: PlayMakerFixedUpdate

AddEventHandlerComponent: PlayMakerFixedUpdate

AddEventHandlerComponent: PlayMakerFixedUpdate

AddEventHandlerComponent: PlayMakerFixedUpdate

AddEventHandlerComponent: PlayMakerFixedUpdate

AddEventHandlerComponent: PlayMakerFixedUpdate

AddEventHandlerComponent: PlayMakerFixedUpdate

AddEventHandlerComponent: PlayMakerFixedUpdate

AddEventHandlerComponent: PlayMakerFixedUpdate

AddEventHandlerComponent: PlayMakerFixedUpdate

AddEventHandlerComponent: PlayMakerFixedUpdate

AddEventHandlerComponent: PlayMakerFixedUpdate

AddEventHandlerComponent: PlayMakerFixedUpdate

AddEventHandlerComponent: PlayMakerFixedUpdate

AddEventHandlerComponent: PlayMakerFixedUpdate

AddEventHandlerComponent: PlayMakerFixedUpdate

AddEventHandlerComponent: PlayMakerFixedUpdate

AddEventHandlerComponent: PlayMakerFixedUpdate

AddEventHandlerComponent: PlayMakerFixedUpdate

AddEventHandlerComponent: PlayMakerFixedUpdate

AddEventHandlerComponent: PlayMakerFixedUpdate

AddEventHandlerComponent: PlayMakerFixedUpdate

AddEventHandlerComponent: PlayMakerFixedUpdate

AddEventHandlerComponent: PlayMakerFixedUpdate

AddEventHandlerComponent: PlayMakerFixedUpdate

AddEventHandlerComponent: PlayMakerFixedUpdate

AddEventHandlerComponent: PlayMakerFixedUpdate

AddEventHandlerComponent: PlayMakerFixedUpdate

AddEventHandlerComponent: PlayMakerFixedUpdate

AddEventHandlerComponent: PlayMakerFixedUpdate

Couldn't find a Hero, make sure one exists in the scene.

Couldn't find a Hero, make sure one exists in the scene.

Couldn't find a Hero, make sure one exists in the scene.

Couldn't find a Hero, make sure one exists in the scene.

AddEventHandlerComponent: PlayMakerFixedUpdate

AddEventHandlerComponent: PlayMakerFixedUpdate

AddEventHandlerComponent: PlayMakerFixedUpdate

AddEventHandlerComponent: PlayMakerFixedUpdate

AddEventHandlerComponent: PlayMakerFixedUpdate

AddEventHandlerComponent: PlayMakerFixedUpdate

AddEventHandlerComponent: PlayMakerFixedUpdate

AddEventHandlerComponent: PlayMakerFixedUpdate

AddEventHandlerComponent: PlayMakerFixedUpdate

AddEventHandlerComponent: PlayMakerFixedUpdate

AddEventHandlerComponent: PlayMakerFixedUpdate

AddEventHandlerComponent: PlayMakerFixedUpdate

AddEventHandlerComponent: PlayMakerFixedUpdate

AddEventHandlerComponent: PlayMakerFixedUpdate

AddEventHandlerComponent: PlayMakerFixedUpdate

AddEventHandlerComponent: PlayMakerFixedUpdate

AddEventHandlerComponent: PlayMakerFixedUpdate

AddEventHandlerComponent: PlayMakerFixedUpdate

AddEventHandlerComponent: PlayMakerFixedUpdate

AddEventHandlerComponent: PlayMakerFixedUpdate

AddEventHandlerComponent: PlayMakerFixedUpdate

AddEventHandlerComponent: PlayMakerFixedUpdate

AddEventHandlerComponent: PlayMakerFixedUpdate

AddEventHandlerComponent: PlayMakerFixedUpdate

AddEventHandlerComponent: PlayMakerFixedUpdate

AddEventHandlerComponent: PlayMakerFixedUpdate

AddEventHandlerComponent: PlayMakerFixedUpdate

AddEventHandlerComponent: PlayMakerFixedUpdate

Couldn't find a Hero, make sure one exists in the scene.

AddEventHandlerComponent: PlayMakerFixedUpdate

AddEventHandlerComponent: PlayMakerFixedUpdate

AddEventHandlerComponent: PlayMakerFixedUpdate

AddEventHandlerComponent: PlayMakerFixedUpdate

AddEventHandlerComponent: PlayMakerFixedUpdate

AddEventHandlerComponent: PlayMakerFixedUpdate

AddEventHandlerComponent: PlayMakerFixedUpdate

AddEventHandlerComponent: PlayMakerFixedUpdate

AddEventHandlerComponent: PlayMakerFixedUpdate

AddEventHandlerComponent: PlayMakerFixedUpdate

AddEventHandlerComponent: PlayMakerFixedUpdate

AddEventHandlerComponent: PlayMakerFixedUpdate

AddEventHandlerComponent: PlayMakerFixedUpdate

AddEventHandlerComponent: PlayMakerFixedUpdate

AddEventHandlerComponent: PlayMakerFixedUpdate

AddEventHandlerComponent: PlayMakerFixedUpdate

AddEventHandlerComponent: PlayMakerFixedUpdate

AddEventHandlerComponent: PlayMakerFixedUpdate

AddEventHandlerComponent: PlayMakerFixedUpdate

AddEventHandlerComponent: PlayMakerFixedUpdate

AddEventHandlerComponent: PlayMakerFixedUpdate

AddEventHandlerComponent: PlayMakerFixedUpdate

AddEventHandlerComponent: PlayMakerFixedUpdate

AddEventHandlerComponent: PlayMakerFixedUpdate

AddEventHandlerComponent: PlayMakerFixedUpdate

AddEventHandlerComponent: PlayMakerFixedUpdate

AddEventHandlerComponent: PlayMakerFixedUpdate

AddEventHandlerComponent: PlayMakerFixedUpdate

AddEventHandlerComponent: PlayMakerFixedUpdate

AddEventHandlerComponent: PlayMakerFixedUpdate

AddEventHandlerComponent: PlayMakerFixedUpdate

AddEventHandlerComponent: PlayMakerFixedUpdate

AddEventHandlerComponent: PlayMakerFixedUpdate

AddEventHandlerComponent: PlayMakerFixedUpdate

AddEventHandlerComponent: PlayMakerFixedUpdate

AddEventHandlerComponent: PlayMakerFixedUpdate

AddEventHandlerComponent: PlayMakerFixedUpdate

AddEventHandlerComponent: PlayMakerFixedUpdate

AddEventHandlerComponent: PlayMakerFixedUpdate

AddEventHandlerComponent: PlayMakerFixedUpdate

AddEventHandlerComponent: PlayMakerFixedUpdate

AddEventHandlerComponent: PlayMakerFixedUpdate

AddEventHandlerComponent: PlayMakerFixedUpdate

AddEventHandlerComponent: PlayMakerFixedUpdate

AddEventHandlerComponent: PlayMakerFixedUpdate

AddEventHandlerComponent: PlayMakerFixedUpdate

AddEventHandlerComponent: PlayMakerFixedUpdate

AddEventHandlerComponent: PlayMakerFixedUpdate

AddEventHandlerComponent: PlayMakerFixedUpdate

AddEventHandlerComponent: PlayMakerFixedUpdate

AddEventHandlerComponent: PlayMakerFixedUpdate

AddEventHandlerComponent: PlayMakerFixedUpdate

AddEventHandlerComponent: PlayMakerFixedUpdate

AddEventHandlerComponent: PlayMakerFixedUpdate

AddEventHandlerComponent: PlayMakerFixedUpdate

AddEventHandlerComponent: PlayMakerFixedUpdate

AddEventHandlerComponent: PlayMakerFixedUpdate

AddEventHandlerComponent: PlayMakerFixedUpdate

AddEventHandlerComponent: PlayMakerFixedUpdate

AddEventHandlerComponent: PlayMakerFixedUpdate

AddEventHandlerComponent: PlayMakerFixedUpdate

AddEventHandlerComponent: PlayMakerFixedUpdate

AddEventHandlerComponent: PlayMakerFixedUpdate

Unloading 115 Unused Serialized files (Serialized files now loaded: 0)
UnloadTime: 0.807700 ms
Performing automatic level start.

Couldn't find a Hero, make sure one exists in the scene.

NullReferenceException: Object reference not set to an instance of an object
  at GameManager.SetupHeroRefs () [0x00016] in <2b54cdaf7a934f0eb297d50c4090ea9f>:0 
  at GameManager.orig_SetupSceneRefs (System.Boolean refreshTilemapInfo) [0x0006c] in <2b54cdaf7a934f0eb297d50c4090ea9f>:0 
  at GameManager.SetupSceneRefs (System.Boolean refreshTilemapInfo) [0x00000] in <2b54cdaf7a934f0eb297d50c4090ea9f>:0 
  at GameManager.LevelActivated (UnityEngine.SceneManagement.Scene sceneFrom, UnityEngine.SceneManagement.Scene sceneTo) [0x0003c] in <2b54cdaf7a934f0eb297d50c4090ea9f>:0 
  at (wrapper delegate-invoke) UnityEngine.Events.UnityAction`2[UnityEngine.SceneManagement.Scene,UnityEngine.SceneManagement.Scene].invoke_void_T0_T1(UnityEngine.SceneManagement.Scene,UnityEngine.SceneManagement.Scene)
  at UnityEngine.SceneManagement.SceneManager.Internal_ActiveSceneChanged (UnityEngine.SceneManagement.Scene previousActiveScene, UnityEngine.SceneManagement.Scene newActiveScene) [0x0000e] in <047294ce45cf4b9a9441e48d2b8435e4>:0 

Couldn't find a Hero, make sure one exists in the scene.


Unloading 6886 unused Assets to reduce memory usage. Loaded Objects now: 48112.
Total: 146.113800 ms (FindLiveObjects: 2.060800 ms CreateObjectMapping: 1.444700 ms MarkObjects: 132.407300 ms  DeleteObjects: 10.200200 ms)

Couldn't find a Hero, make sure one exists in the scene.

Unloading 5 Unused Serialized files (Serialized files now loaded: 0)
UnloadTime: 0.231400 ms
DontDestroyOnLoad only works for root GameObjects or components on root GameObjects.

Performing automatic level start.

Game controller set to None.

Fallback handler could not load library C:/Apps/Steam/steamapps/common/Hollow Knight/hollow_knight_Data/Mono/data-000001449B487540.dll
Coroutine couldn't be started because the the game object 'OptionsMenuScreen' is inactive!


Unloading 7 unused Assets to reduce memory usage. Loaded Objects now: 55334.
Total: 140.430000 ms (FindLiveObjects: 3.366100 ms CreateObjectMapping: 0.835000 ms MarkObjects: 136.173500 ms  DeleteObjects: 0.054900 ms)

Making UI menu lean.

NullReferenceException
  at (wrapper managed-to-native) UnityEngine.MonoBehaviour.IsObjectMonoBehaviour(UnityEngine.Object)
  at UnityEngine.MonoBehaviour.StartCoroutine (System.Collections.IEnumerator routine) [0x00014] in <047294ce45cf4b9a9441e48d2b8435e4>:0 
  at (wrapper dynamic-method) UnityEngine.UI.SaveSlotButton+<AnimateToSlotState>d__68.DMD<UnityEngine.UI.SaveSlotButton+<AnimateToSlotState>d__68::MoveNext>(UnityEngine.UI.SaveSlotButton/<AnimateToSlotState>d__68)
  at CoroutineQueue+<Run>d__5.MoveNext () [0x00046] in <2b54cdaf7a934f0eb297d50c4090ea9f>:0 
UnityEngine.DebugLogHandler:Internal_LogException(Exception, Object)
UnityEngine.DebugLogHandler:LogException(Exception, Object)
UnityEngine.Logger:LogException(Exception, Object)
UnityEngine.Debug:LogException(Exception)
<Run>d__5:MoveNext()
UnityEngine.SetupCoroutine:InvokeMoveNext(IEnumerator, IntPtr)

NullReferenceException
  at (wrapper managed-to-native) UnityEngine.Animator.ResetTriggerString(UnityEngine.Animator,string)
  at UnityEngine.Animator.ResetTrigger (System.String name) [0x00001] in <d9588575c4ff4e818531b9dd12300bcd>:0 
  at (wrapper dynamic-method) UnityEngine.UI.SaveSlotButton+<AnimateToSlotState>d__68.DMD<UnityEngine.UI.SaveSlotButton+<AnimateToSlotState>d__68::MoveNext>(UnityEngine.UI.SaveSlotButton/<AnimateToSlotState>d__68)
  at CoroutineQueue+<Run>d__5.MoveNext () [0x00046] in <2b54cdaf7a934f0eb297d50c4090ea9f>:0 
UnityEngine.DebugLogHandler:Internal_LogException(Exception, Object)
UnityEngine.DebugLogHandler:LogException(Exception, Object)
UnityEngine.Logger:LogException(Exception, Object)
UnityEngine.Debug:LogException(Exception)
<Run>d__5:MoveNext()
UnityEngine.SetupCoroutine:InvokeMoveNext(IEnumerator, IntPtr)
UnityEngine.MonoBehaviour:StartCoroutineManaged2(IEnumerator)
UnityEngine.MonoBehaviour:StartCoroutine(IEnumerator)
CoroutineQueue:Enqueue(IEnumerator)
UnityEngine.UI.SaveSlotButton:HideSaveSlot()
<HideSaveProfileMenu>d__216:DMD<UIManager+<HideSaveProfileMenu>d__216::MoveNext>(<HideSaveProfileMenu>d__216)
UnityEngine.SetupCoroutine:InvokeMoveNext(IEnumerator, IntPtr)

NullReferenceException
  at (wrapper managed-to-native) UnityEngine.Animator.ResetTriggerString(UnityEngine.Animator,string)
  at UnityEngine.Animator.ResetTrigger (System.String name) [0x00001] in <d9588575c4ff4e818531b9dd12300bcd>:0 
  at (wrapper dynamic-method) UnityEngine.UI.SaveSlotButton+<AnimateToSlotState>d__68.DMD<UnityEngine.UI.SaveSlotButton+<AnimateToSlotState>d__68::MoveNext>(UnityEngine.UI.SaveSlotButton/<AnimateToSlotState>d__68)
  at CoroutineQueue+<Run>d__5.MoveNext () [0x00046] in <2b54cdaf7a934f0eb297d50c4090ea9f>:0 
UnityEngine.DebugLogHandler:Internal_LogException(Exception, Object)
UnityEngine.DebugLogHandler:LogException(Exception, Object)
UnityEngine.Logger:LogException(Exception, Object)
UnityEngine.Debug:LogException(Exception)
<Run>d__5:MoveNext()
UnityEngine.SetupCoroutine:InvokeMoveNext(IEnumerator, IntPtr)
UnityEngine.MonoBehaviour:StartCoroutineManaged2(IEnumerator)
UnityEngine.MonoBehaviour:StartCoroutine(IEnumerator)
CoroutineQueue:Enqueue(IEnumerator)
UnityEngine.UI.SaveSlotButton:HideSaveSlot()
<HideSaveProfileMenu>d__216:DMD<UIManager+<HideSaveProfileMenu>d__216::MoveNext>(<HideSaveProfileMenu>d__216)
UnityEngine.SetupCoroutine:InvokeMoveNext(IEnumerator, IntPtr)

AddEventHandlerComponent: PlayMakerFixedUpdate

AddEventHandlerComponent: PlayMakerFixedUpdate

AddEventHandlerComponent: PlayMakerFixedUpdate

AddEventHandlerComponent: PlayMakerFixedUpdate

AddEventHandlerComponent: PlayMakerFixedUpdate

AddEventHandlerComponent: PlayMakerFixedUpdate

AddEventHandlerComponent: PlayMakerFixedUpdate

AddEventHandlerComponent: PlayMakerFixedUpdate

AddEventHandlerComponent: PlayMakerFixedUpdate

AddEventHandlerComponent: PlayMakerFixedUpdate

AddEventHandlerComponent: PlayMakerFixedUpdate

AddEventHandlerComponent: PlayMakerFixedUpdate

AddEventHandlerComponent: PlayMakerFixedUpdate

AddEventHandlerComponent: PlayMakerFixedUpdate

AddEventHandlerComponent: PlayMakerFixedUpdate

AddEventHandlerComponent: PlayMakerFixedUpdate

AddEventHandlerComponent: PlayMakerCollisionEnter2D

AddEventHandlerComponent: PlayMakerFixedUpdate

AddEventHandlerComponent: PlayMakerFixedUpdate

AddEventHandlerComponent: PlayMakerFixedUpdate

AddEventHandlerComponent: PlayMakerFixedUpdate

AddEventHandlerComponent: PlayMakerFixedUpdate

AddEventHandlerComponent: PlayMakerFixedUpdate

Deferring level start (marked as manual).

Unloading 8 Unused Serialized files (Serialized files now loaded: 0)

Unloading 186 unused Assets to reduce memory usage. Loaded Objects now: 60824.
Total: 161.500000 ms (FindLiveObjects: 2.083400 ms CreateObjectMapping: 1.066600 ms MarkObjects: 158.057700 ms  DeleteObjects: 0.291900 ms)

AddEventHandlerComponent: PlayMakerFixedUpdate

Object Pool attached to GlobalPool has run out of Shadow Burst prefabs, Instantiating an additional one.

Object Pool attached to GlobalPool has run out of Shadow Ring prefabs, Instantiating an additional one.

Object Pool attached to GlobalPool has run out of Shadow Burst prefabs, Instantiating an additional one.

Object Pool attached to GlobalPool has run out of Run Effects prefabs, Instantiating an additional one.

Object Pool attached to GlobalPool has run out of Run Effects prefabs, Instantiating an additional one.

AddEventHandlerComponent: PlayMakerFixedUpdate

Deferring level start (marked as manual).

Unloading 18 Unused Serialized files (Serialized files now loaded: 0)

Unloading 870 unused Assets to reduce memory usage. Loaded Objects now: 74694.
Total: 196.504200 ms (FindLiveObjects: 2.650500 ms CreateObjectMapping: 1.129600 ms MarkObjects: 191.195000 ms  DeleteObjects: 1.528400 ms)

AddEventHandlerComponent: PlayMakerFixedUpdate

AddEventHandlerComponent: PlayMakerFixedUpdate

AddEventHandlerComponent: PlayMakerFixedUpdate

AddEventHandlerComponent: PlayMakerFixedUpdate

AddEventHandlerComponent: PlayMakerFixedUpdate

AddEventHandlerComponent: PlayMakerFixedUpdate

AddEventHandlerComponent: PlayMakerFixedUpdate

AddEventHandlerComponent: PlayMakerFixedUpdate

AddEventHandlerComponent: PlayMakerFixedUpdate

AddEventHandlerComponent: PlayMakerFixedUpdate

Deferring level start (marked as manual).

AddEventHandlerComponent: PlayMakerFixedUpdate

AddEventHandlerComponent: PlayMakerFixedUpdate

Object Pool attached to GlobalPool has run out of Slash Impact R prefabs, Instantiating an additional one.

Object Pool attached to GlobalPool has run out of Strike Nail R prefabs, Instantiating an additional one.

PlayOneShot was called with a null AudioClip.

PlayOneShot was called with a null AudioClip.

PlayOneShot was called with a null AudioClip.

PlayOneShot was called with a null AudioClip.

PlayOneShot was called with a null AudioClip.

PlayOneShot was called with a null AudioClip.

PlayOneShot was called with a null AudioClip.

PlayOneShot was called with a null AudioClip.

PlayOneShot was called with a null AudioClip.

AddEventHandlerComponent: PlayMakerFixedUpdate

Deferring level start (marked as manual).

AddEventHandlerComponent: PlayMakerFixedUpdate

AddEventHandlerComponent: PlayMakerFixedUpdate

AddEventHandlerComponent: PlayMakerFixedUpdate

AddEventHandlerComponent: PlayMakerFixedUpdate

AddEventHandlerComponent: PlayMakerFixedUpdate

AddEventHandlerComponent: PlayMakerFixedUpdate

AddEventHandlerComponent: PlayMakerFixedUpdate

AddEventHandlerComponent: PlayMakerFixedUpdate

AddEventHandlerComponent: PlayMakerFixedUpdate

AddEventHandlerComponent: PlayMakerFixedUpdate

Deferring level start (marked as manual).

AddEventHandlerComponent: PlayMakerFixedUpdate

AddEventHandlerComponent: PlayMakerFixedUpdate

AddEventHandlerComponent: PlayMakerFixedUpdate

PlayOneShot was called with a null AudioClip.

PlayOneShot was called with a null AudioClip.

PlayOneShot was called with a null AudioClip.

PlayOneShot was called with a null AudioClip.

PlayOneShot was called with a null AudioClip.

AddEventHandlerComponent: PlayMakerFixedUpdate

AddEventHandlerComponent: PlayMakerFixedUpdate

AddEventHandlerComponent: PlayMakerFixedUpdate

AddEventHandlerComponent: PlayMakerFixedUpdate

AddEventHandlerComponent: PlayMakerFixedUpdate

AddEventHandlerComponent: PlayMakerFixedUpdate

AddEventHandlerComponent: PlayMakerFixedUpdate

AddEventHandlerComponent: PlayMakerFixedUpdate

Deferring level start (marked as manual).

PlayOneShot was called with a null AudioClip.

PlayOneShot was called with a null AudioClip.

AddEventHandlerComponent: PlayMakerFixedUpdate

AddEventHandlerComponent: PlayMakerFixedUpdate

PlayOneShot was called with a null AudioClip.

AddEventHandlerComponent: PlayMakerFixedUpdate

AddEventHandlerComponent: PlayMakerFixedUpdate

AddEventHandlerComponent: PlayMakerFixedUpdate

AddEventHandlerComponent: PlayMakerFixedUpdate

AddEventHandlerComponent: PlayMakerFixedUpdate

AddEventHandlerComponent: PlayMakerFixedUpdate

AddEventHandlerComponent: PlayMakerFixedUpdate

AddEventHandlerComponent: PlayMakerFixedUpdate

AddEventHandlerComponent: PlayMakerFixedUpdate

AddEventHandlerComponent: PlayMakerFixedUpdate

AddEventHandlerComponent: PlayMakerFixedUpdate

AddEventHandlerComponent: PlayMakerFixedUpdate

AddEventHandlerComponent: PlayMakerFixedUpdate

AddEventHandlerComponent: PlayMakerFixedUpdate

Deferring level start (marked as manual).

PlayOneShot was called with a null AudioClip.

PlayOneShot was called with a null AudioClip.

PlayOneShot was called with a null AudioClip.

PlayOneShot was called with a null AudioClip.

PlayOneShot was called with a null AudioClip.

PlayOneShot was called with a null AudioClip.

PlayOneShot was called with a null AudioClip.

PlayOneShot was called with a null AudioClip.

PlayOneShot was called with a null AudioClip.

PlayOneShot was called with a null AudioClip.

PlayOneShot was called with a null AudioClip.

PlayOneShot was called with a null AudioClip.

PlayOneShot was called with a null AudioClip.

PlayOneShot was called with a null AudioClip.

PlayOneShot was called with a null AudioClip.

PlayOneShot was called with a null AudioClip.

PlayOneShot was called with a null AudioClip.

PlayOneShot was called with a null AudioClip.

PlayOneShot was called with a null AudioClip.

PlayOneShot was called with a null AudioClip.

PlayOneShot was called with a null AudioClip.

PlayOneShot was called with a null AudioClip.

PlayOneShot was called with a null AudioClip.

PlayOneShot was called with a null AudioClip.

PlayOneShot was called with a null AudioClip.

PlayOneShot was called with a null AudioClip.

PlayOneShot was called with a null AudioClip.

PlayOneShot was called with a null AudioClip.

PlayOneShot was called with a null AudioClip.

PlayOneShot was called with a null AudioClip.

PlayOneShot was called with a null AudioClip.

PlayOneShot was called with a null AudioClip.

PlayOneShot was called with a null AudioClip.

Bump Height: 0.0027771

Bump Height: 0.0027771

PlayOneShot was called with a null AudioClip.

PlayOneShot was called with a null AudioClip.

PlayOneShot was called with a null AudioClip.

PlayOneShot was called with a null AudioClip.

PlayOneShot was called with a null AudioClip.

PlayOneShot was called with a null AudioClip.

PlayOneShot was called with a null AudioClip.

PlayOneShot was called with a null AudioClip.

PlayOneShot was called with a null AudioClip.

PlayOneShot was called with a null AudioClip.

PlayOneShot was called with a null AudioClip.

PlayOneShot was called with a null AudioClip.

AddEventHandlerComponent: PlayMakerFixedUpdate

AddEventHandlerComponent: PlayMakerFixedUpdate

AddEventHandlerComponent: PlayMakerFixedUpdate

PlayOneShot was called with a null AudioClip.

PlayOneShot was called with a null AudioClip.

PlayOneShot was called with a null AudioClip.

PlayOneShot was called with a null AudioClip.

PlayOneShot was called with a null AudioClip.

PlayOneShot was called with a null AudioClip.

PlayOneShot was called with a null AudioClip.

PlayOneShot was called with a null AudioClip.

PlayOneShot was called with a null AudioClip.

PlayOneShot was called with a null AudioClip.

PlayOneShot was called with a null AudioClip.

PlayOneShot was called with a null AudioClip.

PlayOneShot was called with a null AudioClip.

PlayOneShot was called with a null AudioClip.

PlayOneShot was called with a null AudioClip.

PlayOneShot was called with a null AudioClip.

PlayOneShot was called with a null AudioClip.

PlayOneShot was called with a null AudioClip.

PlayOneShot was called with a null AudioClip.

AddEventHandlerComponent: PlayMakerFixedUpdate

AddEventHandlerComponent: PlayMakerFixedUpdate

AddEventHandlerComponent: PlayMakerFixedUpdate

AddEventHandlerComponent: PlayMakerFixedUpdate

AddEventHandlerComponent: PlayMakerFixedUpdate

AddEventHandlerComponent: PlayMakerFixedUpdate

AddEventHandlerComponent: PlayMakerFixedUpdate

Deferring level start (marked as manual).

PlayOneShot was called with a null AudioClip.

PlayOneShot was called with a null AudioClip.

PlayOneShot was called with a null AudioClip.

PlayOneShot was called with a null AudioClip.

PlayOneShot was called with a null AudioClip.

PlayOneShot was called with a null AudioClip.

PlayOneShot was called with a null AudioClip.

PlayOneShot was called with a null AudioClip.

PlayOneShot was called with a null AudioClip.

PlayOneShot was called with a null AudioClip.

PlayOneShot was called with a null AudioClip.

PlayOneShot was called with a null AudioClip.

PlayOneShot was called with a null AudioClip.

PlayOneShot was called with a null AudioClip.

PlayOneShot was called with a null AudioClip.

PlayOneShot was called with a null AudioClip.

PlayOneShot was called with a null AudioClip.

PlayOneShot was called with a null AudioClip.

PlayOneShot was called with a null AudioClip.

PlayOneShot was called with a null AudioClip.

AddEventHandlerComponent: PlayMakerFixedUpdate

PlayOneShot was called with a null AudioClip.

PlayOneShot was called with a null AudioClip.

No area with identifier "PEAK" found in area list. Creating default SubArea.

Object Pool attached to GlobalPool has run out of Run Effects prefabs, Instantiating an additional one.

Object Pool attached to GlobalPool has run out of Soft Land Effect prefabs, Instantiating an additional one.

AddEventHandlerComponent: PlayMakerFixedUpdate

AddEventHandlerComponent: PlayMakerFixedUpdate

AddEventHandlerComponent: PlayMakerFixedUpdate

AddEventHandlerComponent: PlayMakerFixedUpdate

AddEventHandlerComponent: PlayMakerFixedUpdate

AddEventHandlerComponent: PlayMakerFixedUpdate

AddEventHandlerComponent: PlayMakerFixedUpdate

AddEventHandlerComponent: PlayMakerFixedUpdate

Deferring level start (marked as manual).

AddEventHandlerComponent: PlayMakerFixedUpdate

AddEventHandlerComponent: PlayMakerFixedUpdate

AddEventHandlerComponent: PlayMakerFixedUpdate

AddEventHandlerComponent: PlayMakerFixedUpdate

AddEventHandlerComponent: PlayMakerFixedUpdate

AddEventHandlerComponent: PlayMakerFixedUpdate

AddEventHandlerComponent: PlayMakerFixedUpdate

AddEventHandlerComponent: PlayMakerFixedUpdate

AddEventHandlerComponent: PlayMakerFixedUpdate

AddEventHandlerComponent: PlayMakerFixedUpdate

AddEventHandlerComponent: PlayMakerFixedUpdate

AddEventHandlerComponent: PlayMakerFixedUpdate

AddEventHandlerComponent: PlayMakerFixedUpdate

AddEventHandlerComponent: PlayMakerFixedUpdate

AddEventHandlerComponent: PlayMakerFixedUpdate

AddEventHandlerComponent: PlayMakerFixedUpdate

AddEventHandlerComponent: PlayMakerFixedUpdate

AddEventHandlerComponent: PlayMakerFixedUpdate

Deferring level start (marked as manual).

PlayOneShot was called with a null AudioClip.

Unloading 64 Unused Serialized files (Serialized files now loaded: 0)
PlayOneShot was called with a null AudioClip.

AddEventHandlerComponent: PlayMakerFixedUpdate

AddEventHandlerComponent: PlayMakerFixedUpdate


Unloading 1101 unused Assets to reduce memory usage. Loaded Objects now: 81236.
Total: 200.320100 ms (FindLiveObjects: 3.346800 ms CreateObjectMapping: 2.547400 ms MarkObjects: 192.872000 ms  DeleteObjects: 1.553600 ms)

Persistent Bool Item - Couldn't reset value on FSM because it's missing.

Persistent Bool Item - Couldn't reset value on FSM because it's missing.

Persistent Bool Item - Couldn't reset value on FSM because it's missing.

Persistent Bool Item - Couldn't reset value on FSM because it's missing.

Persistent Bool Item - Couldn't reset value on FSM because it's missing.

PlayOneShot was called with a null AudioClip.

PlayOneShot was called with a null AudioClip.

PlayOneShot was called with a null AudioClip.

AddEventHandlerComponent: PlayMakerFixedUpdate

AddEventHandlerComponent: PlayMakerFixedUpdate

AddEventHandlerComponent: PlayMakerFixedUpdate

AddEventHandlerComponent: PlayMakerFixedUpdate

AddEventHandlerComponent: PlayMakerFixedUpdate

PlayOneShot was called with a null AudioClip.

PlayOneShot was called with a null AudioClip.

nailDamage: 21, multiplied: 52.5

AddEventHandlerComponent: PlayMakerFixedUpdate

AddEventHandlerComponent: PlayMakerFixedUpdate

AddEventHandlerComponent: PlayMakerFixedUpdate

AddEventHandlerComponent: PlayMakerFixedUpdate

AddEventHandlerComponent: PlayMakerFixedUpdate

nailDamage: 21, multiplied: 52.5

Object Pool attached to GlobalPool has run out of Slash Impact R prefabs, Instantiating an additional one.

nailDamage: 21, multiplied: 52.5

AddEventHandlerComponent: PlayMakerFixedUpdate

AddEventHandlerComponent: PlayMakerFixedUpdate

AddEventHandlerComponent: PlayMakerFixedUpdate

AddEventHandlerComponent: PlayMakerFixedUpdate

AddEventHandlerComponent: PlayMakerFixedUpdate

AddEventHandlerComponent: PlayMakerFixedUpdate

AddEventHandlerComponent: PlayMakerFixedUpdate

AddEventHandlerComponent: PlayMakerFixedUpdate

AddEventHandlerComponent: PlayMakerFixedUpdate

AddEventHandlerComponent: PlayMakerFixedUpdate

AddEventHandlerComponent: PlayMakerFixedUpdate

AddEventHandlerComponent: PlayMakerFixedUpdate

AddEventHandlerComponent: PlayMakerFixedUpdate

AddEventHandlerComponent: PlayMakerFixedUpdate

AddEventHandlerComponent: PlayMakerFixedUpdate

AddEventHandlerComponent: PlayMakerFixedUpdate

AddEventHandlerComponent: PlayMakerFixedUpdate

AddEventHandlerComponent: PlayMakerFixedUpdate

AddEventHandlerComponent: PlayMakerFixedUpdate

AddEventHandlerComponent: PlayMakerFixedUpdate

AddEventHandlerComponent: PlayMakerFixedUpdate

AddEventHandlerComponent: PlayMakerFixedUpdate

AddEventHandlerComponent: PlayMakerFixedUpdate

AddEventHandlerComponent: PlayMakerFixedUpdate

AddEventHandlerComponent: PlayMakerFixedUpdate

AddEventHandlerComponent: PlayMakerFixedUpdate

AddEventHandlerComponent: PlayMakerFixedUpdate

AddEventHandlerComponent: PlayMakerFixedUpdate

AddEventHandlerComponent: PlayMakerFixedUpdate

AddEventHandlerComponent: PlayMakerFixedUpdate

AddEventHandlerComponent: PlayMakerFixedUpdate

AddEventHandlerComponent: PlayMakerFixedUpdate

AddEventHandlerComponent: PlayMakerFixedUpdate

AddEventHandlerComponent: PlayMakerFixedUpdate

Deferring level start (marked as manual).

PlayOneShot was called with a null AudioClip.

PlayOneShot was called with a null AudioClip.

PlayOneShot was called with a null AudioClip.

PlayOneShot was called with a null AudioClip.

PlayOneShot was called with a null AudioClip.

PlayOneShot was called with a null AudioClip.

PlayOneShot was called with a null AudioClip.

PlayOneShot was called with a null AudioClip.

PlayOneShot was called with a null AudioClip.

PlayOneShot was called with a null AudioClip.

PlayOneShot was called with a null AudioClip.

nailDamage: 21, multiplied: 52.5

AddEventHandlerComponent: PlayMakerFixedUpdate

AddEventHandlerComponent: PlayMakerFixedUpdate

AddEventHandlerComponent: PlayMakerFixedUpdate

AddEventHandlerComponent: PlayMakerFixedUpdate

AddEventHandlerComponent: PlayMakerFixedUpdate

nailDamage: 21, multiplied: 52.5

nailDamage: 21, multiplied: 52.5

Object Pool attached to GlobalPool has run out of Sharp Shadow Impact prefabs, Instantiating an additional one.

Object Pool attached to GlobalPool has run out of Sharp Shadow Impact prefabs, Instantiating an additional one.

Object Pool attached to GlobalPool has run out of Sharp Shadow Impact prefabs, Instantiating an additional one.

PlayOneShot was called with a null AudioClip.

Object Pool attached to GlobalPool has run out of Strike Nail R prefabs, Instantiating an additional one.

Object Pool attached to GlobalPool has run out of Strike Nail R prefabs, Instantiating an additional one.

Object Pool attached to GlobalPool has run out of Slash Impact R prefabs, Instantiating an additional one.

AddEventHandlerComponent: PlayMakerFixedUpdate

AddEventHandlerComponent: PlayMakerFixedUpdate

AddEventHandlerComponent: PlayMakerFixedUpdate

Object Pool attached to GlobalPool has run out of Strike Nail R prefabs, Instantiating an additional one.

Object Pool attached to GlobalPool has run out of Slash Impact R prefabs, Instantiating an additional one.

AddEventHandlerComponent: PlayMakerFixedUpdate

AddEventHandlerComponent: PlayMakerFixedUpdate

Object Pool attached to GlobalPool has run out of Run Effects prefabs, Instantiating an additional one.

nailDamage: 21, multiplied: 52.5

nailDamage: 21, multiplied: 52.5

AddEventHandlerComponent: PlayMakerFixedUpdate

AddEventHandlerComponent: PlayMakerFixedUpdate

AddEventHandlerComponent: PlayMakerFixedUpdate

AddEventHandlerComponent: PlayMakerFixedUpdate

AddEventHandlerComponent: PlayMakerFixedUpdate

AddEventHandlerComponent: PlayMakerFixedUpdate

AddEventHandlerComponent: PlayMakerFixedUpdate

AddEventHandlerComponent: PlayMakerFixedUpdate

AddEventHandlerComponent: PlayMakerFixedUpdate

AddEventHandlerComponent: PlayMakerFixedUpdate

AddEventHandlerComponent: PlayMakerFixedUpdate

AddEventHandlerComponent: PlayMakerFixedUpdate

AddEventHandlerComponent: PlayMakerFixedUpdate

AddEventHandlerComponent: PlayMakerFixedUpdate

AddEventHandlerComponent: PlayMakerFixedUpdate

AddEventHandlerComponent: PlayMakerFixedUpdate

AddEventHandlerComponent: PlayMakerFixedUpdate

AddEventHandlerComponent: PlayMakerFixedUpdate

Deferring level start (marked as manual).

PlayOneShot was called with a null AudioClip.

PlayOneShot was called with a null AudioClip.

PlayOneShot was called with a null AudioClip.

PlayOneShot was called with a null AudioClip.

PlayOneShot was called with a null AudioClip.

PlayOneShot was called with a null AudioClip.

PlayOneShot was called with a null AudioClip.

PlayOneShot was called with a null AudioClip.

PlayOneShot was called with a null AudioClip.

PlayOneShot was called with a null AudioClip.

Object Pool attached to GlobalPool has run out of Run Effects prefabs, Instantiating an additional one.

PlayOneShot was called with a null AudioClip.

PlayOneShot was called with a null AudioClip.

AddEventHandlerComponent: PlayMakerFixedUpdate

AddEventHandlerComponent: PlayMakerFixedUpdate

AddEventHandlerComponent: PlayMakerFixedUpdate

AddEventHandlerComponent: PlayMakerFixedUpdate

AddEventHandlerComponent: PlayMakerFixedUpdate

PlayOneShot was called with a null AudioClip.

AddEventHandlerComponent: PlayMakerFixedUpdate

AddEventHandlerComponent: PlayMakerFixedUpdate

PlayOneShot was called with a null AudioClip.

PlayOneShot was called with a null AudioClip.

Object Pool attached to GlobalPool could not find a copy of Dripper White, Instantiating a new one.

PlayOneShot was called with a null AudioClip.

PlayOneShot was called with a null AudioClip.

PlayOneShot was called with a null AudioClip.

PlayOneShot was called with a null AudioClip.

PlayOneShot was called with a null AudioClip.

Object Pool attached to GlobalPool has run out of Hit Flash Orange prefabs, Instantiating an additional one.

PlayOneShot was called with a null AudioClip.

PlayOneShot was called with a null AudioClip.

AddEventHandlerComponent: PlayMakerFixedUpdate

AddEventHandlerComponent: PlayMakerFixedUpdate

AddEventHandlerComponent: PlayMakerFixedUpdate

AddEventHandlerComponent: PlayMakerFixedUpdate

AddEventHandlerComponent: PlayMakerFixedUpdate

PlayOneShot was called with a null AudioClip.

PlayOneShot was called with a null AudioClip.

PlayOneShot was called with a null AudioClip.

AddEventHandlerComponent: PlayMakerFixedUpdate

AddEventHandlerComponent: PlayMakerFixedUpdate

AddEventHandlerComponent: PlayMakerFixedUpdate

AddEventHandlerComponent: PlayMakerFixedUpdate

AddEventHandlerComponent: PlayMakerFixedUpdate

AddEventHandlerComponent: PlayMakerFixedUpdate

AddEventHandlerComponent: PlayMakerFixedUpdate

AddEventHandlerComponent: PlayMakerFixedUpdate

AddEventHandlerComponent: PlayMakerFixedUpdate

AddEventHandlerComponent: PlayMakerFixedUpdate

AddEventHandlerComponent: PlayMakerFixedUpdate

AddEventHandlerComponent: PlayMakerFixedUpdate

AddEventHandlerComponent: PlayMakerFixedUpdate

AddEventHandlerComponent: PlayMakerFixedUpdate

Deferring level start (marked as manual).

AddEventHandlerComponent: PlayMakerFixedUpdate

Object Pool attached to GlobalPool could not find a copy of Audio Player NoDestroy, Instantiating a new one.

Bump Height: 0.3503933

AddEventHandlerComponent: PlayMakerFixedUpdate

AddEventHandlerComponent: PlayMakerFixedUpdate

AddEventHandlerComponent: PlayMakerFixedUpdate

AddEventHandlerComponent: PlayMakerFixedUpdate

AddEventHandlerComponent: PlayMakerFixedUpdate

AddEventHandlerComponent: PlayMakerFixedUpdate

AddEventHandlerComponent: PlayMakerFixedUpdate

Deferring level start (marked as manual).

AddEventHandlerComponent: PlayMakerFixedUpdate

AddEventHandlerComponent: PlayMakerFixedUpdate

AddEventHandlerComponent: PlayMakerFixedUpdate

AddEventHandlerComponent: PlayMakerFixedUpdate

AddEventHandlerComponent: PlayMakerFixedUpdate

PlayOneShot was called with a null AudioClip.

PlayOneShot was called with a null AudioClip.

PlayOneShot was called with a null AudioClip.

PlayOneShot was called with a null AudioClip.

PlayOneShot was called with a null AudioClip.

PlayOneShot was called with a null AudioClip.

PlayOneShot was called with a null AudioClip.

PlayOneShot was called with a null AudioClip.

AddEventHandlerComponent: PlayMakerFixedUpdate

AddEventHandlerComponent: PlayMakerFixedUpdate

AddEventHandlerComponent: PlayMakerFixedUpdate

AddEventHandlerComponent: PlayMakerFixedUpdate

AddEventHandlerComponent: PlayMakerFixedUpdate

AddEventHandlerComponent: PlayMakerFixedUpdate

AddEventHandlerComponent: PlayMakerFixedUpdate

AddEventHandlerComponent: PlayMakerFixedUpdate

AddEventHandlerComponent: PlayMakerFixedUpdate

AddEventHandlerComponent: PlayMakerFixedUpdate

AddEventHandlerComponent: PlayMakerFixedUpdate

Deferring level start (marked as manual).

Could not find FSM: health_manager_enemy

AddEventHandlerComponent: PlayMakerCollisionEnter2D

AddEventHandlerComponent: PlayMakerFixedUpdate

AddEventHandlerComponent: PlayMakerFixedUpdate

AddEventHandlerComponent: PlayMakerFixedUpdate

AddEventHandlerComponent: PlayMakerFixedUpdate

AddEventHandlerComponent: PlayMakerFixedUpdate

AddEventHandlerComponent: PlayMakerFixedUpdate

AddEventHandlerComponent: PlayMakerFixedUpdate

AddEventHandlerComponent: PlayMakerFixedUpdate

Deferring level start (marked as manual).

AddEventHandlerComponent: PlayMakerFixedUpdate

AddEventHandlerComponent: PlayMakerFixedUpdate

AddEventHandlerComponent: PlayMakerFixedUpdate

AddEventHandlerComponent: PlayMakerFixedUpdate

AddEventHandlerComponent: PlayMakerFixedUpdate

PlayOneShot was called with a null AudioClip.

PlayOneShot was called with a null AudioClip.

PlayOneShot was called with a null AudioClip.

Object Pool attached to GlobalPool has run out of Nail Terrain Hit Effect prefabs, Instantiating an additional one.

PlayOneShot was called with a null AudioClip.

PlayOneShot was called with a null AudioClip.

PlayOneShot was called with a null AudioClip.

PlayOneShot was called with a null AudioClip.

AddEventHandlerComponent: PlayMakerFixedUpdate

AddEventHandlerComponent: PlayMakerFixedUpdate

AddEventHandlerComponent: PlayMakerFixedUpdate

AddEventHandlerComponent: PlayMakerFixedUpdate

AddEventHandlerComponent: PlayMakerFixedUpdate

AddEventHandlerComponent: PlayMakerFixedUpdate

AddEventHandlerComponent: PlayMakerFixedUpdate

AddEventHandlerComponent: PlayMakerFixedUpdate

AddEventHandlerComponent: PlayMakerFixedUpdate

AddEventHandlerComponent: PlayMakerFixedUpdate

AddEventHandlerComponent: PlayMakerFixedUpdate

AddEventHandlerComponent: PlayMakerFixedUpdate

AddEventHandlerComponent: PlayMakerFixedUpdate

AddEventHandlerComponent: PlayMakerFixedUpdate

Deferring level start (marked as manual).

Object Pool attached to GlobalPool has run out of Spatter White R prefabs, Instantiating an additional one.

Object Pool attached to GlobalPool has run out of Spatter White R prefabs, Instantiating an additional one.

Object Pool attached to GlobalPool has run out of Spatter White R prefabs, Instantiating an additional one.

Object Pool attached to GlobalPool has run out of Spatter White R prefabs, Instantiating an additional one.

Object Pool attached to GlobalPool has run out of Spatter White R prefabs, Instantiating an additional one.

Object Pool attached to GlobalPool has run out of Spatter White R prefabs, Instantiating an additional one.

PlayOneShot was called with a null AudioClip.

Deferring level start (marked as manual).

Using fallback 1 to find tilemap. Scene GG_Entrance_Cutscene requires manual fixing.

Using fallback 2 to find tilemap. Scene GG_Entrance_Cutscene requires manual fixing.

Failed to find tilemap in GG_Entrance_Cutscene entirely.

PlayOneShot was called with a null AudioClip.

AddEventHandlerComponent: PlayMakerFixedUpdate

AddEventHandlerComponent: PlayMakerFixedUpdate

AddEventHandlerComponent: PlayMakerFixedUpdate

AddEventHandlerComponent: PlayMakerFixedUpdate

AddEventHandlerComponent: PlayMakerFixedUpdate

AddEventHandlerComponent: PlayMakerFixedUpdate

AddEventHandlerComponent: PlayMakerFixedUpdate

AddEventHandlerComponent: PlayMakerFixedUpdate

AddEventHandlerComponent: PlayMakerFixedUpdate

AddEventHandlerComponent: PlayMakerFixedUpdate

AddEventHandlerComponent: PlayMakerFixedUpdate

Deferring level start (marked as manual).

PlayOneShot was called with a null AudioClip.

PlayOneShot was called with a null AudioClip.

Object Pool attached to GlobalPool has run out of Dream Impact prefabs, Instantiating an additional one.

PlayOneShot was called with a null AudioClip.

PlayOneShot was called with a null AudioClip.

AddEventHandlerComponent: PlayMakerFixedUpdate

AddEventHandlerComponent: PlayMakerFixedUpdate

AddEventHandlerComponent: PlayMakerFixedUpdate

AddEventHandlerComponent: PlayMakerFixedUpdate

AddEventHandlerComponent: PlayMakerFixedUpdate

AddEventHandlerComponent: PlayMakerFixedUpdate

AddEventHandlerComponent: PlayMakerFixedUpdate

AddEventHandlerComponent: PlayMakerFixedUpdate

AddEventHandlerComponent: PlayMakerFixedUpdate

AddEventHandlerComponent: PlayMakerFixedUpdate

AddEventHandlerComponent: PlayMakerFixedUpdate

AddEventHandlerComponent: PlayMakerFixedUpdate

AddEventHandlerComponent: PlayMakerFixedUpdate

AddEventHandlerComponent: PlayMakerFixedUpdate

AddEventHandlerComponent: PlayMakerFixedUpdate

AddEventHandlerComponent: PlayMakerFixedUpdate

AddEventHandlerComponent: PlayMakerFixedUpdate

AddEventHandlerComponent: PlayMakerFixedUpdate

AddEventHandlerComponent: PlayMakerFixedUpdate

AddEventHandlerComponent: PlayMakerFixedUpdate

AddEventHandlerComponent: PlayMakerFixedUpdate

AddEventHandlerComponent: PlayMakerFixedUpdate

AddEventHandlerComponent: PlayMakerFixedUpdate

AddEventHandlerComponent: PlayMakerFixedUpdate

AddEventHandlerComponent: PlayMakerFixedUpdate

AddEventHandlerComponent: PlayMakerFixedUpdate

AddEventHandlerComponent: PlayMakerFixedUpdate

AddEventHandlerComponent: PlayMakerFixedUpdate

AddEventHandlerComponent: PlayMakerFixedUpdate

AddEventHandlerComponent: PlayMakerFixedUpdate

AddEventHandlerComponent: PlayMakerFixedUpdate

AddEventHandlerComponent: PlayMakerFixedUpdate

AddEventHandlerComponent: PlayMakerFixedUpdate

AddEventHandlerComponent: PlayMakerFixedUpdate

AddEventHandlerComponent: PlayMakerFixedUpdate

AddEventHandlerComponent: PlayMakerFixedUpdate

AddEventHandlerComponent: PlayMakerFixedUpdate

AddEventHandlerComponent: PlayMakerFixedUpdate

AddEventHandlerComponent: PlayMakerFixedUpdate

AddEventHandlerComponent: PlayMakerFixedUpdate

AddEventHandlerComponent: PlayMakerFixedUpdate

AddEventHandlerComponent: PlayMakerFixedUpdate

AddEventHandlerComponent: PlayMakerFixedUpdate

Deferring level start (marked as manual).

Counted completion for Statue, Total: 44, Completed: 0, Tier: Tier3

Counted completion for Statue, Total: 44, Completed: 0, Tier: Tier2

Counted completion for Statue, Total: 44, Completed: 0, Tier: Tier1

Counted completion for Knight Statue Cage, Total: 44, Completed: 0, Tier: Tier3

Counted completion for Knight Statue Cage, Total: 44, Completed: 0, Tier: Tier2

Counted completion for Knight Statue Cage, Total: 44, Completed: 0, Tier: Tier1

AddEventHandlerComponent: PlayMakerFixedUpdate

AddEventHandlerComponent: PlayMakerFixedUpdate

AddEventHandlerComponent: PlayMakerFixedUpdate

AddEventHandlerComponent: PlayMakerFixedUpdate

AddEventHandlerComponent: PlayMakerFixedUpdate

AddEventHandlerComponent: PlayMakerFixedUpdate

Recorded statue boss scene. Current: Gruz Boss Scene, Previous: null

AddEventHandlerComponent: PlayMakerCollisionStay

AddEventHandlerComponent: PlayMakerCollisionEnter2D

AddEventHandlerComponent: PlayMakerCollisionStay2D

AddEventHandlerComponent: PlayMakerFixedUpdate

AddEventHandlerComponent: PlayMakerCollisionEnter2D

AddEventHandlerComponent: PlayMakerFixedUpdate

Deferring level start (marked as manual).

AddEventHandlerComponent: PlayMakerFixedUpdate

Could not find FSM: damages_enemy

Could not find FSM: damages_enemy

Could not find FSM: damages_enemy

Could not find FSM: damages_enemy

Object Pool attached to GlobalPool has run out of particle_orange blood prefabs, Instantiating an additional one.

Object Pool attached to GlobalPool has run out of particle_orange blood prefabs, Instantiating an additional one.

Object Pool attached to GlobalPool has run out of particle_orange blood prefabs, Instantiating an additional one.

Object Pool attached to GlobalPool has run out of particle_orange blood prefabs, Instantiating an additional one.

Object Pool attached to GlobalPool has run out of particle_orange blood prefabs, Instantiating an additional one.

Object Pool attached to GlobalPool has run out of particle_orange blood prefabs, Instantiating an additional one.

Object Pool attached to GlobalPool has run out of particle_orange blood prefabs, Instantiating an additional one.

Object Pool attached to GlobalPool has run out of particle_orange blood prefabs, Instantiating an additional one.

Object Pool attached to GlobalPool has run out of particle_orange blood prefabs, Instantiating an additional one.

Object Pool attached to GlobalPool has run out of particle_orange blood prefabs, Instantiating an additional one.

Object Pool attached to GlobalPool has run out of particle_orange blood prefabs, Instantiating an additional one.

Object Pool attached to GlobalPool has run out of particle_orange blood prefabs, Instantiating an additional one.

Object Pool attached to GlobalPool has run out of particle_orange blood prefabs, Instantiating an additional one.

Object Pool attached to GlobalPool has run out of particle_orange blood prefabs, Instantiating an additional one.

Object Pool attached to GlobalPool has run out of particle_orange blood prefabs, Instantiating an additional one.

Object Pool attached to GlobalPool has run out of particle_orange blood prefabs, Instantiating an additional one.

Object Pool attached to GlobalPool has run out of particle_orange blood prefabs, Instantiating an additional one.

Object Pool attached to GlobalPool has run out of particle_orange blood prefabs, Instantiating an additional one.

AddEventHandlerComponent: PlayMakerFixedUpdate

PlayOneShot was called with a null AudioClip.

Boss scene ended

AddEventHandlerComponent: PlayMakerFixedUpdate

AddEventHandlerComponent: PlayMakerFixedUpdate

AddEventHandlerComponent: PlayMakerFixedUpdate

AddEventHandlerComponent: PlayMakerFixedUpdate

AddEventHandlerComponent: PlayMakerFixedUpdate

AddEventHandlerComponent: PlayMakerFixedUpdate

AddEventHandlerComponent: PlayMakerFixedUpdate

AddEventHandlerComponent: PlayMakerFixedUpdate

AddEventHandlerComponent: PlayMakerFixedUpdate

AddEventHandlerComponent: PlayMakerFixedUpdate

AddEventHandlerComponent: PlayMakerFixedUpdate

AddEventHandlerComponent: PlayMakerFixedUpdate

AddEventHandlerComponent: PlayMakerFixedUpdate

AddEventHandlerComponent: PlayMakerFixedUpdate

AddEventHandlerComponent: PlayMakerFixedUpdate

AddEventHandlerComponent: PlayMakerFixedUpdate

AddEventHandlerComponent: PlayMakerFixedUpdate

AddEventHandlerComponent: PlayMakerFixedUpdate

AddEventHandlerComponent: PlayMakerFixedUpdate

AddEventHandlerComponent: PlayMakerFixedUpdate

AddEventHandlerComponent: PlayMakerFixedUpdate

AddEventHandlerComponent: PlayMakerFixedUpdate

AddEventHandlerComponent: PlayMakerFixedUpdate

AddEventHandlerComponent: PlayMakerFixedUpdate

AddEventHandlerComponent: PlayMakerFixedUpdate

AddEventHandlerComponent: PlayMakerFixedUpdate

AddEventHandlerComponent: PlayMakerFixedUpdate

AddEventHandlerComponent: PlayMakerFixedUpdate

AddEventHandlerComponent: PlayMakerFixedUpdate

AddEventHandlerComponent: PlayMakerFixedUpdate

AddEventHandlerComponent: PlayMakerFixedUpdate

AddEventHandlerComponent: PlayMakerFixedUpdate

AddEventHandlerComponent: PlayMakerFixedUpdate

AddEventHandlerComponent: PlayMakerFixedUpdate

AddEventHandlerComponent: PlayMakerFixedUpdate

AddEventHandlerComponent: PlayMakerFixedUpdate

AddEventHandlerComponent: PlayMakerFixedUpdate

AddEventHandlerComponent: PlayMakerFixedUpdate

AddEventHandlerComponent: PlayMakerFixedUpdate

AddEventHandlerComponent: PlayMakerFixedUpdate

AddEventHandlerComponent: PlayMakerFixedUpdate

AddEventHandlerComponent: PlayMakerFixedUpdate

AddEventHandlerComponent: PlayMakerFixedUpdate

Deferring level start (marked as manual).

Counted completion for Statue, Total: 44, Completed: 0, Tier: Tier3

Counted completion for Statue, Total: 44, Completed: 0, Tier: Tier2

Counted completion for Statue, Total: 44, Completed: 1, Tier: Tier1

Counted completion for Knight Statue Cage, Total: 44, Completed: 0, Tier: Tier3

Counted completion for Knight Statue Cage, Total: 44, Completed: 0, Tier: Tier2

Counted completion for Knight Statue Cage, Total: 44, Completed: 1, Tier: Tier1

AddEventHandlerComponent: PlayMakerFixedUpdate

AddEventHandlerComponent: PlayMakerFixedUpdate

AddEventHandlerComponent: PlayMakerFixedUpdate

AddEventHandlerComponent: PlayMakerFixedUpdate

AddEventHandlerComponent: PlayMakerFixedUpdate

AddEventHandlerComponent: PlayMakerFixedUpdate

Recorded statue boss scene. Current: Gruz Boss Scene, Previous: Gruz Boss Scene

AddEventHandlerComponent: PlayMakerCollisionStay

AddEventHandlerComponent: PlayMakerCollisionEnter2D

AddEventHandlerComponent: PlayMakerCollisionStay2D

AddEventHandlerComponent: PlayMakerFixedUpdate

AddEventHandlerComponent: PlayMakerCollisionEnter2D

AddEventHandlerComponent: PlayMakerFixedUpdate

Deferring level start (marked as manual).

AddEventHandlerComponent: PlayMakerFixedUpdate

Could not find FSM: damages_enemy

Could not find FSM: damages_enemy

Could not find FSM: damages_enemy

Could not find FSM: damages_enemy

AddEventHandlerComponent: PlayMakerFixedUpdate

AddEventHandlerComponent: PlayMakerFixedUpdate

AddEventHandlerComponent: PlayMakerFixedUpdate

AddEventHandlerComponent: PlayMakerFixedUpdate

AddEventHandlerComponent: PlayMakerFixedUpdate

AddEventHandlerComponent: PlayMakerFixedUpdate

AddEventHandlerComponent: PlayMakerFixedUpdate

AddEventHandlerComponent: PlayMakerFixedUpdate

AddEventHandlerComponent: PlayMakerFixedUpdate

AddEventHandlerComponent: PlayMakerFixedUpdate

AddEventHandlerComponent: PlayMakerFixedUpdate

AddEventHandlerComponent: PlayMakerFixedUpdate

AddEventHandlerComponent: PlayMakerFixedUpdate

AddEventHandlerComponent: PlayMakerFixedUpdate

AddEventHandlerComponent: PlayMakerFixedUpdate

AddEventHandlerComponent: PlayMakerFixedUpdate

AddEventHandlerComponent: PlayMakerFixedUpdate

AddEventHandlerComponent: PlayMakerFixedUpdate

AddEventHandlerComponent: PlayMakerFixedUpdate

AddEventHandlerComponent: PlayMakerFixedUpdate

AddEventHandlerComponent: PlayMakerFixedUpdate

AddEventHandlerComponent: PlayMakerFixedUpdate

AddEventHandlerComponent: PlayMakerFixedUpdate

AddEventHandlerComponent: PlayMakerFixedUpdate

AddEventHandlerComponent: PlayMakerFixedUpdate

AddEventHandlerComponent: PlayMakerFixedUpdate

AddEventHandlerComponent: PlayMakerFixedUpdate

AddEventHandlerComponent: PlayMakerFixedUpdate

AddEventHandlerComponent: PlayMakerFixedUpdate

AddEventHandlerComponent: PlayMakerFixedUpdate

AddEventHandlerComponent: PlayMakerFixedUpdate

AddEventHandlerComponent: PlayMakerFixedUpdate

AddEventHandlerComponent: PlayMakerFixedUpdate

AddEventHandlerComponent: PlayMakerFixedUpdate

AddEventHandlerComponent: PlayMakerFixedUpdate

AddEventHandlerComponent: PlayMakerFixedUpdate

AddEventHandlerComponent: PlayMakerFixedUpdate

AddEventHandlerComponent: PlayMakerFixedUpdate

AddEventHandlerComponent: PlayMakerFixedUpdate

AddEventHandlerComponent: PlayMakerFixedUpdate

AddEventHandlerComponent: PlayMakerFixedUpdate

AddEventHandlerComponent: PlayMakerFixedUpdate

AddEventHandlerComponent: PlayMakerFixedUpdate

AddEventHandlerComponent: PlayMakerFixedUpdate

Deferring level start (marked as manual).

Counted completion for Statue, Total: 44, Completed: 0, Tier: Tier3

Counted completion for Statue, Total: 44, Completed: 0, Tier: Tier2

Counted completion for Statue, Total: 44, Completed: 1, Tier: Tier1

Counted completion for Knight Statue Cage, Total: 44, Completed: 0, Tier: Tier3

Counted completion for Knight Statue Cage, Total: 44, Completed: 0, Tier: Tier2

Counted completion for Knight Statue Cage, Total: 44, Completed: 1, Tier: Tier1

AddEventHandlerComponent: PlayMakerFixedUpdate

AddEventHandlerComponent: PlayMakerFixedUpdate

AddEventHandlerComponent: PlayMakerFixedUpdate

AddEventHandlerComponent: PlayMakerFixedUpdate

AddEventHandlerComponent: PlayMakerFixedUpdate

AddEventHandlerComponent: PlayMakerFixedUpdate

Recorded statue boss scene. Current: Gruz Boss Scene, Previous: Gruz Boss Scene

AddEventHandlerComponent: PlayMakerCollisionStay

AddEventHandlerComponent: PlayMakerCollisionEnter2D

AddEventHandlerComponent: PlayMakerCollisionStay2D

AddEventHandlerComponent: PlayMakerFixedUpdate

AddEventHandlerComponent: PlayMakerCollisionEnter2D

AddEventHandlerComponent: PlayMakerFixedUpdate

Deferring level start (marked as manual).

AddEventHandlerComponent: PlayMakerFixedUpdate

Could not find FSM: damages_enemy

Could not find FSM: damages_enemy

Could not find FSM: damages_enemy

Could not find FSM: damages_enemy

AddEventHandlerComponent: PlayMakerFixedUpdate

AddEventHandlerComponent: PlayMakerFixedUpdate

AddEventHandlerComponent: PlayMakerFixedUpdate

AddEventHandlerComponent: PlayMakerFixedUpdate

AddEventHandlerComponent: PlayMakerFixedUpdate

AddEventHandlerComponent: PlayMakerFixedUpdate

AddEventHandlerComponent: PlayMakerFixedUpdate

AddEventHandlerComponent: PlayMakerFixedUpdate

AddEventHandlerComponent: PlayMakerFixedUpdate

AddEventHandlerComponent: PlayMakerFixedUpdate

AddEventHandlerComponent: PlayMakerFixedUpdate

AddEventHandlerComponent: PlayMakerFixedUpdate

AddEventHandlerComponent: PlayMakerFixedUpdate

AddEventHandlerComponent: PlayMakerFixedUpdate

AddEventHandlerComponent: PlayMakerFixedUpdate

AddEventHandlerComponent: PlayMakerFixedUpdate

AddEventHandlerComponent: PlayMakerFixedUpdate

AddEventHandlerComponent: PlayMakerFixedUpdate

AddEventHandlerComponent: PlayMakerFixedUpdate

AddEventHandlerComponent: PlayMakerFixedUpdate

AddEventHandlerComponent: PlayMakerFixedUpdate

AddEventHandlerComponent: PlayMakerFixedUpdate

AddEventHandlerComponent: PlayMakerFixedUpdate

AddEventHandlerComponent: PlayMakerFixedUpdate

AddEventHandlerComponent: PlayMakerFixedUpdate

AddEventHandlerComponent: PlayMakerFixedUpdate

AddEventHandlerComponent: PlayMakerFixedUpdate

AddEventHandlerComponent: PlayMakerFixedUpdate

AddEventHandlerComponent: PlayMakerFixedUpdate

AddEventHandlerComponent: PlayMakerFixedUpdate

AddEventHandlerComponent: PlayMakerFixedUpdate

AddEventHandlerComponent: PlayMakerFixedUpdate

AddEventHandlerComponent: PlayMakerFixedUpdate

AddEventHandlerComponent: PlayMakerFixedUpdate

AddEventHandlerComponent: PlayMakerFixedUpdate

AddEventHandlerComponent: PlayMakerFixedUpdate

AddEventHandlerComponent: PlayMakerFixedUpdate

AddEventHandlerComponent: PlayMakerFixedUpdate

AddEventHandlerComponent: PlayMakerFixedUpdate

AddEventHandlerComponent: PlayMakerFixedUpdate

AddEventHandlerComponent: PlayMakerFixedUpdate

AddEventHandlerComponent: PlayMakerFixedUpdate

AddEventHandlerComponent: PlayMakerFixedUpdate

Deferring level start (marked as manual).

Counted completion for Statue, Total: 44, Completed: 0, Tier: Tier3

Counted completion for Statue, Total: 44, Completed: 0, Tier: Tier2

Counted completion for Statue, Total: 44, Completed: 1, Tier: Tier1

Counted completion for Knight Statue Cage, Total: 44, Completed: 0, Tier: Tier3

Counted completion for Knight Statue Cage, Total: 44, Completed: 0, Tier: Tier2

Counted completion for Knight Statue Cage, Total: 44, Completed: 1, Tier: Tier1

AddEventHandlerComponent: PlayMakerFixedUpdate

AddEventHandlerComponent: PlayMakerFixedUpdate

AddEventHandlerComponent: PlayMakerFixedUpdate

AddEventHandlerComponent: PlayMakerFixedUpdate

AddEventHandlerComponent: PlayMakerFixedUpdate

AddEventHandlerComponent: PlayMakerFixedUpdate

Recorded statue boss scene. Current: Gruz Boss Scene, Previous: Gruz Boss Scene

AddEventHandlerComponent: PlayMakerCollisionStay

AddEventHandlerComponent: PlayMakerCollisionEnter2D

AddEventHandlerComponent: PlayMakerCollisionStay2D

AddEventHandlerComponent: PlayMakerFixedUpdate

AddEventHandlerComponent: PlayMakerCollisionEnter2D

AddEventHandlerComponent: PlayMakerFixedUpdate

Deferring level start (marked as manual).

AddEventHandlerComponent: PlayMakerFixedUpdate

Could not find FSM: damages_enemy

Could not find FSM: damages_enemy

Could not find FSM: damages_enemy

Could not find FSM: damages_enemy

Object Pool attached to GlobalPool has run out of particle_orange blood prefabs, Instantiating an additional one.

Object Pool attached to GlobalPool has run out of particle_orange blood prefabs, Instantiating an additional one.

Object Pool attached to GlobalPool has run out of particle_orange blood prefabs, Instantiating an additional one.

Object Pool attached to GlobalPool has run out of particle_orange blood prefabs, Instantiating an additional one.

Object Pool attached to GlobalPool has run out of particle_orange blood prefabs, Instantiating an additional one.

AddEventHandlerComponent: PlayMakerFixedUpdate

PlayOneShot was called with a null AudioClip.

Object Pool attached to GlobalPool has run out of Geo Small prefabs, Instantiating an additional one.

Object Pool attached to GlobalPool has run out of Geo Small prefabs, Instantiating an additional one.

Object Pool attached to GlobalPool has run out of Geo Small prefabs, Instantiating an additional one.

Object Pool attached to GlobalPool has run out of Geo Small prefabs, Instantiating an additional one.

Object Pool attached to GlobalPool has run out of Geo Small prefabs, Instantiating an additional one.

Object Pool attached to GlobalPool has run out of Geo Small prefabs, Instantiating an additional one.

Object Pool attached to GlobalPool has run out of Geo Small prefabs, Instantiating an additional one.

Object Pool attached to GlobalPool has run out of Geo Small prefabs, Instantiating an additional one.

Object Pool attached to GlobalPool has run out of Geo Small prefabs, Instantiating an additional one.

Object Pool attached to GlobalPool has run out of Geo Small prefabs, Instantiating an additional one.

Object Pool attached to GlobalPool has run out of Geo Small prefabs, Instantiating an additional one.

Object Pool attached to GlobalPool has run out of Geo Small prefabs, Instantiating an additional one.

Object Pool attached to GlobalPool has run out of Geo Small prefabs, Instantiating an additional one.

Object Pool attached to GlobalPool has run out of Geo Small prefabs, Instantiating an additional one.

Object Pool attached to GlobalPool has run out of Geo Small prefabs, Instantiating an additional one.

Object Pool attached to GlobalPool has run out of Geo Small prefabs, Instantiating an additional one.

Object Pool attached to GlobalPool has run out of Geo Small prefabs, Instantiating an additional one.

Object Pool attached to GlobalPool has run out of Geo Small prefabs, Instantiating an additional one.

Object Pool attached to GlobalPool has run out of Geo Small prefabs, Instantiating an additional one.

Object Pool attached to GlobalPool has run out of Geo Small prefabs, Instantiating an additional one.

Object Pool attached to GlobalPool has run out of Geo Small prefabs, Instantiating an additional one.

Object Pool attached to GlobalPool has run out of Geo Small prefabs, Instantiating an additional one.

Object Pool attached to GlobalPool has run out of Geo Small prefabs, Instantiating an additional one.

Object Pool attached to GlobalPool has run out of Geo Small prefabs, Instantiating an additional one.

Object Pool attached to GlobalPool has run out of Geo Small prefabs, Instantiating an additional one.

Object Pool attached to GlobalPool has run out of Geo Small prefabs, Instantiating an additional one.

Object Pool attached to GlobalPool has run out of Geo Small prefabs, Instantiating an additional one.

Object Pool attached to GlobalPool has run out of Geo Small prefabs, Instantiating an additional one.

Object Pool attached to GlobalPool has run out of Geo Small prefabs, Instantiating an additional one.

Object Pool attached to GlobalPool has run out of Geo Small prefabs, Instantiating an additional one.

Object Pool attached to GlobalPool has run out of Geo Small prefabs, Instantiating an additional one.

Object Pool attached to GlobalPool has run out of Geo Small prefabs, Instantiating an additional one.

Object Pool attached to GlobalPool has run out of Geo Small prefabs, Instantiating an additional one.

Object Pool attached to GlobalPool has run out of Geo Small prefabs, Instantiating an additional one.

Object Pool attached to GlobalPool has run out of Geo Small prefabs, Instantiating an additional one.

Object Pool attached to GlobalPool has run out of Geo Small prefabs, Instantiating an additional one.

Object Pool attached to GlobalPool has run out of Geo Small prefabs, Instantiating an additional one.

Object Pool attached to GlobalPool has run out of Geo Small prefabs, Instantiating an additional one.

Object Pool attached to GlobalPool has run out of Geo Small prefabs, Instantiating an additional one.

Object Pool attached to GlobalPool has run out of Geo Small prefabs, Instantiating an additional one.

Boss scene ended

AddEventHandlerComponent: PlayMakerFixedUpdate

AddEventHandlerComponent: PlayMakerFixedUpdate

AddEventHandlerComponent: PlayMakerFixedUpdate

AddEventHandlerComponent: PlayMakerFixedUpdate

AddEventHandlerComponent: PlayMakerFixedUpdate

AddEventHandlerComponent: PlayMakerFixedUpdate

AddEventHandlerComponent: PlayMakerFixedUpdate

AddEventHandlerComponent: PlayMakerFixedUpdate

AddEventHandlerComponent: PlayMakerFixedUpdate

AddEventHandlerComponent: PlayMakerFixedUpdate

AddEventHandlerComponent: PlayMakerFixedUpdate

AddEventHandlerComponent: PlayMakerFixedUpdate

AddEventHandlerComponent: PlayMakerFixedUpdate

AddEventHandlerComponent: PlayMakerFixedUpdate

AddEventHandlerComponent: PlayMakerFixedUpdate

AddEventHandlerComponent: PlayMakerFixedUpdate

AddEventHandlerComponent: PlayMakerFixedUpdate

AddEventHandlerComponent: PlayMakerFixedUpdate

AddEventHandlerComponent: PlayMakerFixedUpdate

AddEventHandlerComponent: PlayMakerFixedUpdate

AddEventHandlerComponent: PlayMakerFixedUpdate

AddEventHandlerComponent: PlayMakerFixedUpdate

AddEventHandlerComponent: PlayMakerFixedUpdate

AddEventHandlerComponent: PlayMakerFixedUpdate

AddEventHandlerComponent: PlayMakerFixedUpdate

AddEventHandlerComponent: PlayMakerFixedUpdate

AddEventHandlerComponent: PlayMakerFixedUpdate

AddEventHandlerComponent: PlayMakerFixedUpdate

AddEventHandlerComponent: PlayMakerFixedUpdate

AddEventHandlerComponent: PlayMakerFixedUpdate

AddEventHandlerComponent: PlayMakerFixedUpdate

AddEventHandlerComponent: PlayMakerFixedUpdate

AddEventHandlerComponent: PlayMakerFixedUpdate

AddEventHandlerComponent: PlayMakerFixedUpdate

AddEventHandlerComponent: PlayMakerFixedUpdate

AddEventHandlerComponent: PlayMakerFixedUpdate

AddEventHandlerComponent: PlayMakerFixedUpdate

AddEventHandlerComponent: PlayMakerFixedUpdate

AddEventHandlerComponent: PlayMakerFixedUpdate

AddEventHandlerComponent: PlayMakerFixedUpdate

AddEventHandlerComponent: PlayMakerFixedUpdate

AddEventHandlerComponent: PlayMakerFixedUpdate

AddEventHandlerComponent: PlayMakerFixedUpdate

Deferring level start (marked as manual).

Counted completion for Statue, Total: 44, Completed: 0, Tier: Tier3

Counted completion for Statue, Total: 44, Completed: 1, Tier: Tier2

Counted completion for Statue, Total: 44, Completed: 1, Tier: Tier1

Counted completion for Knight Statue Cage, Total: 44, Completed: 0, Tier: Tier3

Counted completion for Knight Statue Cage, Total: 44, Completed: 1, Tier: Tier2

Counted completion for Knight Statue Cage, Total: 44, Completed: 1, Tier: Tier1

AddEventHandlerComponent: PlayMakerFixedUpdate

AddEventHandlerComponent: PlayMakerFixedUpdate

AddEventHandlerComponent: PlayMakerFixedUpdate

AddEventHandlerComponent: PlayMakerFixedUpdate

AddEventHandlerComponent: PlayMakerFixedUpdate

AddEventHandlerComponent: PlayMakerFixedUpdate

Achievement <b>MAP</b> can not be awarded in map zone <b>GODS_GLORY</b>

Achievement <b>STAG_STATION_HALF</b> can not be awarded in map zone <b>GODS_GLORY</b>

Achievement <b>GRUBFRIEND</b> can not be awarded in map zone <b>GODS_GLORY</b>

Achievement <b>METAMORPHOSIS</b> can not be awarded in map zone <b>GODS_GLORY</b>

Achievement <b>CHARMED</b> can not be awarded in map zone <b>GODS_GLORY</b>

Achievement <b>ENCHANTED</b> can not be awarded in map zone <b>GODS_GLORY</b>

Achievement <b>BLESSED</b> can not be awarded in map zone <b>GODS_GLORY</b>

Achievement <b>SOULFUL</b> can not be awarded in map zone <b>GODS_GLORY</b>

Achievement <b>WORLDSOUL</b> can not be awarded in map zone <b>GODS_GLORY</b>

Achievement <b>PROTECTED</b> can not be awarded in map zone <b>GODS_GLORY</b>

Achievement <b>MASKED</b> can not be awarded in map zone <b>GODS_GLORY</b>

Achievement <b>ATTUNEMENT</b> can not be awarded in map zone <b>GODS_GLORY</b>

Achievement <b>AWAKENING</b> can not be awarded in map zone <b>GODS_GLORY</b>

Achievement <b>HORNET_1</b> can not be awarded in map zone <b>GODS_GLORY</b>

Achievement <b>HORNET_2</b> can not be awarded in map zone <b>GODS_GLORY</b>

Achievement <b>SOUL_MASTER_DEFEAT</b> can not be awarded in map zone <b>GODS_GLORY</b>

Achievement <b>BROKEN_VESSEL</b> can not be awarded in map zone <b>GODS_GLORY</b>

Achievement <b>DREAM_BROKEN_VESSEL</b> can not be awarded in map zone <b>GODS_GLORY</b>

Achievement <b>DUNG_DEFENDER</b> can not be awarded in map zone <b>GODS_GLORY</b>

Achievement <b>DREAM_FK</b> can not be awarded in map zone <b>GODS_GLORY</b>

Achievement <b>MANTIS_LORDS</b> can not be awarded in map zone <b>GODS_GLORY</b>

Achievement <b>COLLECTOR</b> can not be awarded in map zone <b>GODS_GLORY</b>

Achievement <b>TRAITOR_LORD</b> can not be awarded in map zone <b>GODS_GLORY</b>

Achievement <b>GREY_PRINCE</b> can not be awarded in map zone <b>GODS_GLORY</b>

Achievement <b>BEAST</b> can not be awarded in map zone <b>GODS_GLORY</b>

Achievement <b>WATCHER</b> can not be awarded in map zone <b>GODS_GLORY</b>

Achievement <b>TEACHER</b> can not be awarded in map zone <b>GODS_GLORY</b>

Achievement <b>COLOSSEUM_1</b> can not be awarded in map zone <b>GODS_GLORY</b>

Achievement <b>COLOSSEUM_2</b> can not be awarded in map zone <b>GODS_GLORY</b>

Achievement <b>COLOSSEUM_3</b> can not be awarded in map zone <b>GODS_GLORY</b>

Achievement <b>GRIMM</b> can not be awarded in map zone <b>GODS_GLORY</b>

Achievement <b>NAILSMITH_SPARE</b> can not be awarded in map zone <b>GODS_GLORY</b>

PlayOneShot was called with a null AudioClip.

AddEventHandlerComponent: PlayMakerFixedUpdate

AddEventHandlerComponent: PlayMakerFixedUpdate

AddEventHandlerComponent: PlayMakerFixedUpdate

AddEventHandlerComponent: PlayMakerFixedUpdate

AddEventHandlerComponent: PlayMakerFixedUpdate

AddEventHandlerComponent: PlayMakerFixedUpdate

AddEventHandlerComponent: PlayMakerFixedUpdate

AddEventHandlerComponent: PlayMakerFixedUpdate

AddEventHandlerComponent: PlayMakerFixedUpdate

AddEventHandlerComponent: PlayMakerFixedUpdate

AddEventHandlerComponent: PlayMakerFixedUpdate

Deferring level start (marked as manual).

Unloading 79 Unused Serialized files (Serialized files now loaded: 0)

Unloading 3000 unused Assets to reduce memory usage. Loaded Objects now: 79631.
Total: 214.348300 ms (FindLiveObjects: 3.060700 ms CreateObjectMapping: 1.402100 ms MarkObjects: 203.684400 ms  DeleteObjects: 6.200600 ms)

Achievement <b>MAP</b> can not be awarded in map zone <b>GODS_GLORY</b>

Achievement <b>STAG_STATION_HALF</b> can not be awarded in map zone <b>GODS_GLORY</b>

Achievement <b>GRUBFRIEND</b> can not be awarded in map zone <b>GODS_GLORY</b>

Achievement <b>METAMORPHOSIS</b> can not be awarded in map zone <b>GODS_GLORY</b>

Achievement <b>CHARMED</b> can not be awarded in map zone <b>GODS_GLORY</b>

Achievement <b>ENCHANTED</b> can not be awarded in map zone <b>GODS_GLORY</b>

Achievement <b>BLESSED</b> can not be awarded in map zone <b>GODS_GLORY</b>

Achievement <b>SOULFUL</b> can not be awarded in map zone <b>GODS_GLORY</b>

Achievement <b>WORLDSOUL</b> can not be awarded in map zone <b>GODS_GLORY</b>

Achievement <b>PROTECTED</b> can not be awarded in map zone <b>GODS_GLORY</b>

Achievement <b>MASKED</b> can not be awarded in map zone <b>GODS_GLORY</b>

Achievement <b>ATTUNEMENT</b> can not be awarded in map zone <b>GODS_GLORY</b>

Achievement <b>AWAKENING</b> can not be awarded in map zone <b>GODS_GLORY</b>

Achievement <b>HORNET_1</b> can not be awarded in map zone <b>GODS_GLORY</b>

Achievement <b>HORNET_2</b> can not be awarded in map zone <b>GODS_GLORY</b>

Achievement <b>SOUL_MASTER_DEFEAT</b> can not be awarded in map zone <b>GODS_GLORY</b>

Achievement <b>BROKEN_VESSEL</b> can not be awarded in map zone <b>GODS_GLORY</b>

Achievement <b>DREAM_BROKEN_VESSEL</b> can not be awarded in map zone <b>GODS_GLORY</b>

Achievement <b>DUNG_DEFENDER</b> can not be awarded in map zone <b>GODS_GLORY</b>

Achievement <b>DREAM_FK</b> can not be awarded in map zone <b>GODS_GLORY</b>

Achievement <b>MANTIS_LORDS</b> can not be awarded in map zone <b>GODS_GLORY</b>

Achievement <b>COLLECTOR</b> can not be awarded in map zone <b>GODS_GLORY</b>

Achievement <b>TRAITOR_LORD</b> can not be awarded in map zone <b>GODS_GLORY</b>

Achievement <b>GREY_PRINCE</b> can not be awarded in map zone <b>GODS_GLORY</b>

Achievement <b>BEAST</b> can not be awarded in map zone <b>GODS_GLORY</b>

Achievement <b>WATCHER</b> can not be awarded in map zone <b>GODS_GLORY</b>

Achievement <b>TEACHER</b> can not be awarded in map zone <b>GODS_GLORY</b>

Achievement <b>COLOSSEUM_1</b> can not be awarded in map zone <b>GODS_GLORY</b>

Achievement <b>COLOSSEUM_2</b> can not be awarded in map zone <b>GODS_GLORY</b>

Achievement <b>COLOSSEUM_3</b> can not be awarded in map zone <b>GODS_GLORY</b>

Achievement <b>GRIMM</b> can not be awarded in map zone <b>GODS_GLORY</b>

Achievement <b>NAILSMITH_SPARE</b> can not be awarded in map zone <b>GODS_GLORY</b>

Achievement <b>MAP</b> can not be awarded in map zone <b>GODS_GLORY</b>

Achievement <b>STAG_STATION_HALF</b> can not be awarded in map zone <b>GODS_GLORY</b>

Achievement <b>GRUBFRIEND</b> can not be awarded in map zone <b>GODS_GLORY</b>

Achievement <b>METAMORPHOSIS</b> can not be awarded in map zone <b>GODS_GLORY</b>

Achievement <b>CHARMED</b> can not be awarded in map zone <b>GODS_GLORY</b>

Achievement <b>ENCHANTED</b> can not be awarded in map zone <b>GODS_GLORY</b>

Achievement <b>BLESSED</b> can not be awarded in map zone <b>GODS_GLORY</b>

Achievement <b>SOULFUL</b> can not be awarded in map zone <b>GODS_GLORY</b>

Achievement <b>WORLDSOUL</b> can not be awarded in map zone <b>GODS_GLORY</b>

Achievement <b>PROTECTED</b> can not be awarded in map zone <b>GODS_GLORY</b>

Achievement <b>MASKED</b> can not be awarded in map zone <b>GODS_GLORY</b>

Achievement <b>ATTUNEMENT</b> can not be awarded in map zone <b>GODS_GLORY</b>

Achievement <b>AWAKENING</b> can not be awarded in map zone <b>GODS_GLORY</b>

Achievement <b>HORNET_1</b> can not be awarded in map zone <b>GODS_GLORY</b>

Achievement <b>HORNET_2</b> can not be awarded in map zone <b>GODS_GLORY</b>

Achievement <b>SOUL_MASTER_DEFEAT</b> can not be awarded in map zone <b>GODS_GLORY</b>

Achievement <b>BROKEN_VESSEL</b> can not be awarded in map zone <b>GODS_GLORY</b>

Achievement <b>DREAM_BROKEN_VESSEL</b> can not be awarded in map zone <b>GODS_GLORY</b>

Achievement <b>DUNG_DEFENDER</b> can not be awarded in map zone <b>GODS_GLORY</b>

Achievement <b>DREAM_FK</b> can not be awarded in map zone <b>GODS_GLORY</b>

Achievement <b>MANTIS_LORDS</b> can not be awarded in map zone <b>GODS_GLORY</b>

Achievement <b>COLLECTOR</b> can not be awarded in map zone <b>GODS_GLORY</b>

Achievement <b>TRAITOR_LORD</b> can not be awarded in map zone <b>GODS_GLORY</b>

Achievement <b>GREY_PRINCE</b> can not be awarded in map zone <b>GODS_GLORY</b>

Achievement <b>BEAST</b> can not be awarded in map zone <b>GODS_GLORY</b>

Achievement <b>WATCHER</b> can not be awarded in map zone <b>GODS_GLORY</b>

Achievement <b>TEACHER</b> can not be awarded in map zone <b>GODS_GLORY</b>

Achievement <b>COLOSSEUM_1</b> can not be awarded in map zone <b>GODS_GLORY</b>

Achievement <b>COLOSSEUM_2</b> can not be awarded in map zone <b>GODS_GLORY</b>

Achievement <b>COLOSSEUM_3</b> can not be awarded in map zone <b>GODS_GLORY</b>

Achievement <b>GRIMM</b> can not be awarded in map zone <b>GODS_GLORY</b>

Achievement <b>NAILSMITH_SPARE</b> can not be awarded in map zone <b>GODS_GLORY</b>

Achievement <b>MAP</b> can not be awarded in map zone <b>GODS_GLORY</b>

Achievement <b>STAG_STATION_HALF</b> can not be awarded in map zone <b>GODS_GLORY</b>

Achievement <b>GRUBFRIEND</b> can not be awarded in map zone <b>GODS_GLORY</b>

Achievement <b>METAMORPHOSIS</b> can not be awarded in map zone <b>GODS_GLORY</b>

Achievement <b>CHARMED</b> can not be awarded in map zone <b>GODS_GLORY</b>

Achievement <b>ENCHANTED</b> can not be awarded in map zone <b>GODS_GLORY</b>

Achievement <b>BLESSED</b> can not be awarded in map zone <b>GODS_GLORY</b>

Achievement <b>SOULFUL</b> can not be awarded in map zone <b>GODS_GLORY</b>

Achievement <b>WORLDSOUL</b> can not be awarded in map zone <b>GODS_GLORY</b>

Achievement <b>PROTECTED</b> can not be awarded in map zone <b>GODS_GLORY</b>

Achievement <b>MASKED</b> can not be awarded in map zone <b>GODS_GLORY</b>

Achievement <b>ATTUNEMENT</b> can not be awarded in map zone <b>GODS_GLORY</b>

Achievement <b>AWAKENING</b> can not be awarded in map zone <b>GODS_GLORY</b>

Achievement <b>HORNET_1</b> can not be awarded in map zone <b>GODS_GLORY</b>

Achievement <b>HORNET_2</b> can not be awarded in map zone <b>GODS_GLORY</b>

Achievement <b>SOUL_MASTER_DEFEAT</b> can not be awarded in map zone <b>GODS_GLORY</b>

Achievement <b>BROKEN_VESSEL</b> can not be awarded in map zone <b>GODS_GLORY</b>

Achievement <b>DREAM_BROKEN_VESSEL</b> can not be awarded in map zone <b>GODS_GLORY</b>

Achievement <b>DUNG_DEFENDER</b> can not be awarded in map zone <b>GODS_GLORY</b>

Achievement <b>DREAM_FK</b> can not be awarded in map zone <b>GODS_GLORY</b>

Achievement <b>MANTIS_LORDS</b> can not be awarded in map zone <b>GODS_GLORY</b>

Achievement <b>COLLECTOR</b> can not be awarded in map zone <b>GODS_GLORY</b>

Achievement <b>TRAITOR_LORD</b> can not be awarded in map zone <b>GODS_GLORY</b>

Achievement <b>GREY_PRINCE</b> can not be awarded in map zone <b>GODS_GLORY</b>

Achievement <b>BEAST</b> can not be awarded in map zone <b>GODS_GLORY</b>

Achievement <b>WATCHER</b> can not be awarded in map zone <b>GODS_GLORY</b>

Achievement <b>TEACHER</b> can not be awarded in map zone <b>GODS_GLORY</b>

Achievement <b>COLOSSEUM_1</b> can not be awarded in map zone <b>GODS_GLORY</b>

Achievement <b>COLOSSEUM_2</b> can not be awarded in map zone <b>GODS_GLORY</b>

Achievement <b>COLOSSEUM_3</b> can not be awarded in map zone <b>GODS_GLORY</b>

Achievement <b>GRIMM</b> can not be awarded in map zone <b>GODS_GLORY</b>

Achievement <b>NAILSMITH_SPARE</b> can not be awarded in map zone <b>GODS_GLORY</b>

Deferring level start (marked as manual).

Using fallback 1 to find tilemap. Scene GG_Boss_Door_Entrance requires manual fixing.

Using fallback 2 to find tilemap. Scene GG_Boss_Door_Entrance requires manual fixing.

Failed to find tilemap in GG_Boss_Door_Entrance entirely.

AddEventHandlerComponent: PlayMakerFixedUpdate

Deferring level start (marked as manual).

AddEventHandlerComponent: PlayMakerFixedUpdate

AddEventHandlerComponent: PlayMakerFixedUpdate

AddEventHandlerComponent: PlayMakerFixedUpdate

AddEventHandlerComponent: PlayMakerFixedUpdate

AddEventHandlerComponent: PlayMakerFixedUpdate

AddEventHandlerComponent: PlayMakerFixedUpdate

AddEventHandlerComponent: PlayMakerFixedUpdate

AddEventHandlerComponent: PlayMakerFixedUpdate

AddEventHandlerComponent: PlayMakerFixedUpdate

AddEventHandlerComponent: PlayMakerFixedUpdate

AddEventHandlerComponent: PlayMakerFixedUpdate

AddEventHandlerComponent: PlayMakerFixedUpdate

AddEventHandlerComponent: PlayMakerFixedUpdate

AddEventHandlerComponent: PlayMakerFixedUpdate

AddEventHandlerComponent: PlayMakerFixedUpdate

AddEventHandlerComponent: PlayMakerFixedUpdate

AddEventHandlerComponent: PlayMakerFixedUpdate

AddEventHandlerComponent: PlayMakerFixedUpdate

AddEventHandlerComponent: PlayMakerFixedUpdate

AddEventHandlerComponent: PlayMakerFixedUpdate

AddEventHandlerComponent: PlayMakerFixedUpdate

AddEventHandlerComponent: PlayMakerFixedUpdate

AddEventHandlerComponent: PlayMakerFixedUpdate

AddEventHandlerComponent: PlayMakerFixedUpdate

AddEventHandlerComponent: PlayMakerFixedUpdate

AddEventHandlerComponent: PlayMakerFixedUpdate

AddEventHandlerComponent: PlayMakerFixedUpdate

AddEventHandlerComponent: PlayMakerFixedUpdate

AddEventHandlerComponent: PlayMakerFixedUpdate

AddEventHandlerComponent: PlayMakerFixedUpdate

AddEventHandlerComponent: PlayMakerFixedUpdate

AddEventHandlerComponent: PlayMakerFixedUpdate

AddEventHandlerComponent: PlayMakerFixedUpdate

AddEventHandlerComponent: PlayMakerFixedUpdate

AddEventHandlerComponent: PlayMakerFixedUpdate

AddEventHandlerComponent: PlayMakerFixedUpdate

AddEventHandlerComponent: PlayMakerFixedUpdate

AddEventHandlerComponent: PlayMakerFixedUpdate

AddEventHandlerComponent: PlayMakerFixedUpdate

AddEventHandlerComponent: PlayMakerFixedUpdate

AddEventHandlerComponent: PlayMakerFixedUpdate

AddEventHandlerComponent: PlayMakerFixedUpdate

AddEventHandlerComponent: PlayMakerFixedUpdate

AddEventHandlerComponent: PlayMakerFixedUpdate

AddEventHandlerComponent: PlayMakerFixedUpdate

AddEventHandlerComponent: PlayMakerFixedUpdate

AddEventHandlerComponent: PlayMakerFixedUpdate

AddEventHandlerComponent: PlayMakerFixedUpdate

AddEventHandlerComponent: PlayMakerFixedUpdate

AddEventHandlerComponent: PlayMakerFixedUpdate

AddEventHandlerComponent: PlayMakerFixedUpdate

AddEventHandlerComponent: PlayMakerFixedUpdate

AddEventHandlerComponent: PlayMakerFixedUpdate

AddEventHandlerComponent: PlayMakerFixedUpdate

AddEventHandlerComponent: PlayMakerFixedUpdate

AddEventHandlerComponent: PlayMakerFixedUpdate

AddEventHandlerComponent: PlayMakerFixedUpdate

AddEventHandlerComponent: PlayMakerFixedUpdate

AddEventHandlerComponent: PlayMakerFixedUpdate

AddEventHandlerComponent: PlayMakerFixedUpdate

PlayOneShot was called with a null AudioClip.

Object Pool attached to GlobalPool has run out of Geo Small prefabs, Instantiating an additional one.

Object Pool attached to GlobalPool has run out of Geo Small prefabs, Instantiating an additional one.

Object Pool attached to GlobalPool has run out of Geo Small prefabs, Instantiating an additional one.

Object Pool attached to GlobalPool has run out of Geo Small prefabs, Instantiating an additional one.

Object Pool attached to GlobalPool has run out of Geo Small prefabs, Instantiating an additional one.

Object Pool attached to GlobalPool has run out of Geo Small prefabs, Instantiating an additional one.

Object Pool attached to GlobalPool has run out of Geo Small prefabs, Instantiating an additional one.

Object Pool attached to GlobalPool has run out of Geo Small prefabs, Instantiating an additional one.

Object Pool attached to GlobalPool has run out of Geo Small prefabs, Instantiating an additional one.

Object Pool attached to GlobalPool has run out of Geo Small prefabs, Instantiating an additional one.

Object Pool attached to GlobalPool has run out of Geo Small prefabs, Instantiating an additional one.

Object Pool attached to GlobalPool has run out of Geo Small prefabs, Instantiating an additional one.

Object Pool attached to GlobalPool has run out of Geo Small prefabs, Instantiating an additional one.

Object Pool attached to GlobalPool has run out of Geo Small prefabs, Instantiating an additional one.

Object Pool attached to GlobalPool has run out of Geo Small prefabs, Instantiating an additional one.

Object Pool attached to GlobalPool has run out of Geo Small prefabs, Instantiating an additional one.

Object Pool attached to GlobalPool has run out of Geo Small prefabs, Instantiating an additional one.

Object Pool attached to GlobalPool has run out of Geo Small prefabs, Instantiating an additional one.

Object Pool attached to GlobalPool has run out of Geo Small prefabs, Instantiating an additional one.

Object Pool attached to GlobalPool has run out of Geo Small prefabs, Instantiating an additional one.

Object Pool attached to GlobalPool has run out of Geo Small prefabs, Instantiating an additional one.

Death broadcast event 'SAVE' not implemented!

Object Pool attached to GlobalPool has run out of particle_orange blood prefabs, Instantiating an additional one.

Object Pool attached to GlobalPool has run out of particle_orange blood prefabs, Instantiating an additional one.

Object Pool attached to GlobalPool has run out of particle_orange blood prefabs, Instantiating an additional one.

Object Pool attached to GlobalPool has run out of particle_orange blood prefabs, Instantiating an additional one.

Object Pool attached to GlobalPool has run out of particle_orange blood prefabs, Instantiating an additional one.

PlayOneShot was called with a null AudioClip.

Boss scene ended

Continuing boss sequence...

AddEventHandlerComponent: PlayMakerCollisionStay

AddEventHandlerComponent: PlayMakerCollisionEnter2D

AddEventHandlerComponent: PlayMakerCollisionStay2D

AddEventHandlerComponent: PlayMakerFixedUpdate

AddEventHandlerComponent: PlayMakerCollisionEnter2D

AddEventHandlerComponent: PlayMakerFixedUpdate

Deferring level start (marked as manual).

AddEventHandlerComponent: PlayMakerFixedUpdate

Could not find FSM: damages_enemy

Could not find FSM: damages_enemy

Could not find FSM: damages_enemy

Could not find FSM: damages_enemy

Object Pool attached to GlobalPool has run out of particle_orange blood prefabs, Instantiating an additional one.

Object Pool attached to GlobalPool has run out of particle_orange blood prefabs, Instantiating an additional one.

Object Pool attached to GlobalPool has run out of particle_orange blood prefabs, Instantiating an additional one.

Object Pool attached to GlobalPool has run out of particle_orange blood prefabs, Instantiating an additional one.

Object Pool attached to GlobalPool has run out of particle_orange blood prefabs, Instantiating an additional one.

AddEventHandlerComponent: PlayMakerFixedUpdate

PlayOneShot was called with a null AudioClip.

Object Pool attached to GlobalPool has run out of Geo Small prefabs, Instantiating an additional one.

Object Pool attached to GlobalPool has run out of Geo Small prefabs, Instantiating an additional one.

Object Pool attached to GlobalPool has run out of Geo Small prefabs, Instantiating an additional one.

Object Pool attached to GlobalPool has run out of Geo Small prefabs, Instantiating an additional one.

Object Pool attached to GlobalPool has run out of Geo Small prefabs, Instantiating an additional one.

Object Pool attached to GlobalPool has run out of Geo Small prefabs, Instantiating an additional one.

Object Pool attached to GlobalPool has run out of Geo Small prefabs, Instantiating an additional one.

Object Pool attached to GlobalPool has run out of Geo Small prefabs, Instantiating an additional one.

Object Pool attached to GlobalPool has run out of Geo Small prefabs, Instantiating an additional one.

Object Pool attached to GlobalPool has run out of Geo Small prefabs, Instantiating an additional one.

Object Pool attached to GlobalPool has run out of Geo Small prefabs, Instantiating an additional one.

Object Pool attached to GlobalPool has run out of Geo Small prefabs, Instantiating an additional one.

Object Pool attached to GlobalPool has run out of Geo Small prefabs, Instantiating an additional one.

Object Pool attached to GlobalPool has run out of Geo Small prefabs, Instantiating an additional one.

Object Pool attached to GlobalPool has run out of Geo Small prefabs, Instantiating an additional one.

Object Pool attached to GlobalPool has run out of Geo Small prefabs, Instantiating an additional one.

Object Pool attached to GlobalPool has run out of Geo Small prefabs, Instantiating an additional one.

Object Pool attached to GlobalPool has run out of Geo Small prefabs, Instantiating an additional one.

Object Pool attached to GlobalPool has run out of Geo Small prefabs, Instantiating an additional one.

Object Pool attached to GlobalPool has run out of Geo Small prefabs, Instantiating an additional one.

Object Pool attached to GlobalPool has run out of Geo Small prefabs, Instantiating an additional one.

Object Pool attached to GlobalPool has run out of Geo Small prefabs, Instantiating an additional one.

Object Pool attached to GlobalPool has run out of Geo Small prefabs, Instantiating an additional one.

Object Pool attached to GlobalPool has run out of Geo Small prefabs, Instantiating an additional one.

Object Pool attached to GlobalPool has run out of Geo Small prefabs, Instantiating an additional one.

Object Pool attached to GlobalPool has run out of Geo Small prefabs, Instantiating an additional one.

Object Pool attached to GlobalPool has run out of Geo Small prefabs, Instantiating an additional one.

Object Pool attached to GlobalPool has run out of Geo Small prefabs, Instantiating an additional one.

Object Pool attached to GlobalPool has run out of Geo Small prefabs, Instantiating an additional one.

Object Pool attached to GlobalPool has run out of Geo Small prefabs, Instantiating an additional one.

Object Pool attached to GlobalPool has run out of Geo Small prefabs, Instantiating an additional one.

Object Pool attached to GlobalPool has run out of Geo Small prefabs, Instantiating an additional one.

Object Pool attached to GlobalPool has run out of Geo Small prefabs, Instantiating an additional one.

Object Pool attached to GlobalPool has run out of Geo Small prefabs, Instantiating an additional one.

Object Pool attached to GlobalPool has run out of Geo Small prefabs, Instantiating an additional one.

Object Pool attached to GlobalPool has run out of Geo Small prefabs, Instantiating an additional one.

Object Pool attached to GlobalPool has run out of Geo Small prefabs, Instantiating an additional one.

Object Pool attached to GlobalPool has run out of Geo Small prefabs, Instantiating an additional one.

Object Pool attached to GlobalPool has run out of Geo Small prefabs, Instantiating an additional one.

Object Pool attached to GlobalPool has run out of Geo Small prefabs, Instantiating an additional one.

Object Pool attached to GlobalPool has run out of Geo Small prefabs, Instantiating an additional one.

Object Pool attached to GlobalPool has run out of Geo Small prefabs, Instantiating an additional one.

Object Pool attached to GlobalPool has run out of Geo Small prefabs, Instantiating an additional one.

Object Pool attached to GlobalPool has run out of Geo Small prefabs, Instantiating an additional one.

Object Pool attached to GlobalPool has run out of Geo Small prefabs, Instantiating an additional one.

Object Pool attached to GlobalPool has run out of Geo Small prefabs, Instantiating an additional one.

Object Pool attached to GlobalPool has run out of Geo Small prefabs, Instantiating an additional one.

Object Pool attached to GlobalPool has run out of Geo Small prefabs, Instantiating an additional one.

Object Pool attached to GlobalPool has run out of Geo Small prefabs, Instantiating an additional one.

Object Pool attached to GlobalPool has run out of Geo Small prefabs, Instantiating an additional one.

Boss scene ended

Continuing boss sequence...

Deferring level start (marked as manual).

AddEventHandlerComponent: PlayMakerFixedUpdate

AddEventHandlerComponent: PlayMakerFixedUpdate

AddEventHandlerComponent: PlayMakerFixedUpdate

Object Pool attached to GlobalPool could not find a copy of Dust Hit Plume R, Instantiating a new one.

AddEventHandlerComponent: PlayMakerFixedUpdate

Object Pool attached to GlobalPool has run out of Dust Hit Plume R prefabs, Instantiating an additional one.

AddEventHandlerComponent: PlayMakerFixedUpdate

AddEventHandlerComponent: PlayMakerFixedUpdate

AddEventHandlerComponent: PlayMakerFixedUpdate

AddEventHandlerComponent: PlayMakerFixedUpdate

AddEventHandlerComponent: PlayMakerFixedUpdate

AddEventHandlerComponent: PlayMakerFixedUpdate

AddEventHandlerComponent: PlayMakerFixedUpdate

Object Pool attached to GlobalPool has run out of particle_orange blood prefabs, Instantiating an additional one.

Object Pool attached to GlobalPool has run out of particle_orange blood prefabs, Instantiating an additional one.

Object Pool attached to GlobalPool has run out of particle_orange blood prefabs, Instantiating an additional one.

Achievement <b>FK_DEFEAT</b> can not be awarded in map zone <b>GODS_GLORY</b>

Object Pool attached to GlobalPool has run out of particle_orange blood prefabs, Instantiating an additional one.

PlayOneShot was called with a null AudioClip.

Boss scene ended

Continuing boss sequence...

AddEventHandlerComponent: PlayMakerFixedUpdate

Deferring level start (marked as manual).

Object Pool attached to GlobalPool has run out of Geo Small prefabs, Instantiating an additional one.

Object Pool attached to GlobalPool has run out of Geo Small prefabs, Instantiating an additional one.

Object Pool attached to GlobalPool has run out of Geo Small prefabs, Instantiating an additional one.

Object Pool attached to GlobalPool has run out of Geo Small prefabs, Instantiating an additional one.

Object Pool attached to GlobalPool has run out of Geo Small prefabs, Instantiating an additional one.

Object Pool attached to GlobalPool has run out of Geo Small prefabs, Instantiating an additional one.

Object Pool attached to GlobalPool has run out of Geo Small prefabs, Instantiating an additional one.

Object Pool attached to GlobalPool has run out of Geo Small prefabs, Instantiating an additional one.

Object Pool attached to GlobalPool has run out of Geo Small prefabs, Instantiating an additional one.

Object Pool attached to GlobalPool has run out of Geo Small prefabs, Instantiating an additional one.

Object Pool attached to GlobalPool has run out of Geo Small prefabs, Instantiating an additional one.

Object Pool attached to GlobalPool has run out of Geo Small prefabs, Instantiating an additional one.

Object Pool attached to GlobalPool has run out of Geo Small prefabs, Instantiating an additional one.

Object Pool attached to GlobalPool has run out of Geo Small prefabs, Instantiating an additional one.

Object Pool attached to GlobalPool has run out of Geo Small prefabs, Instantiating an additional one.

Object Pool attached to GlobalPool has run out of Geo Small prefabs, Instantiating an additional one.

Object Pool attached to GlobalPool has run out of Geo Small prefabs, Instantiating an additional one.

Object Pool attached to GlobalPool has run out of Geo Small prefabs, Instantiating an additional one.

Object Pool attached to GlobalPool has run out of Geo Small prefabs, Instantiating an additional one.

Object Pool attached to GlobalPool has run out of Geo Small prefabs, Instantiating an additional one.

Object Pool attached to GlobalPool has run out of Geo Small prefabs, Instantiating an additional one.

Object Pool attached to GlobalPool has run out of Geo Small prefabs, Instantiating an additional one.

Object Pool attached to GlobalPool has run out of Geo Small prefabs, Instantiating an additional one.

Object Pool attached to GlobalPool has run out of Geo Small prefabs, Instantiating an additional one.

Object Pool attached to GlobalPool has run out of Geo Small prefabs, Instantiating an additional one.

Object Pool attached to GlobalPool has run out of Geo Small prefabs, Instantiating an additional one.

Object Pool attached to GlobalPool has run out of Geo Small prefabs, Instantiating an additional one.

Object Pool attached to GlobalPool has run out of Geo Small prefabs, Instantiating an additional one.

Object Pool attached to GlobalPool has run out of Geo Small prefabs, Instantiating an additional one.

Object Pool attached to GlobalPool has run out of Geo Small prefabs, Instantiating an additional one.

Object Pool attached to GlobalPool has run out of Geo Small prefabs, Instantiating an additional one.

Object Pool attached to GlobalPool has run out of Geo Small prefabs, Instantiating an additional one.

Object Pool attached to GlobalPool has run out of Geo Small prefabs, Instantiating an additional one.

Object Pool attached to GlobalPool has run out of Geo Small prefabs, Instantiating an additional one.

Object Pool attached to GlobalPool has run out of Geo Small prefabs, Instantiating an additional one.

Object Pool attached to GlobalPool has run out of Geo Small prefabs, Instantiating an additional one.

Object Pool attached to GlobalPool has run out of Geo Small prefabs, Instantiating an additional one.

Object Pool attached to GlobalPool has run out of Geo Small prefabs, Instantiating an additional one.

Object Pool attached to GlobalPool has run out of Geo Small prefabs, Instantiating an additional one.

Object Pool attached to GlobalPool has run out of Geo Small prefabs, Instantiating an additional one.

Object Pool attached to GlobalPool has run out of Geo Small prefabs, Instantiating an additional one.

Object Pool attached to GlobalPool has run out of Geo Small prefabs, Instantiating an additional one.

Object Pool attached to GlobalPool has run out of Geo Small prefabs, Instantiating an additional one.

Object Pool attached to GlobalPool has run out of Geo Small prefabs, Instantiating an additional one.

Object Pool attached to GlobalPool has run out of Geo Small prefabs, Instantiating an additional one.

Object Pool attached to GlobalPool has run out of Geo Small prefabs, Instantiating an additional one.

Object Pool attached to GlobalPool has run out of Geo Small prefabs, Instantiating an additional one.

Object Pool attached to GlobalPool has run out of Geo Small prefabs, Instantiating an additional one.

Object Pool attached to GlobalPool has run out of Geo Small prefabs, Instantiating an additional one.

Object Pool attached to GlobalPool has run out of Geo Small prefabs, Instantiating an additional one.

Object Pool attached to GlobalPool has run out of particle_orange blood prefabs, Instantiating an additional one.

Object Pool attached to GlobalPool has run out of particle_orange blood prefabs, Instantiating an additional one.

Object Pool attached to GlobalPool has run out of particle_orange blood prefabs, Instantiating an additional one.

Object Pool attached to GlobalPool has run out of particle_orange blood prefabs, Instantiating an additional one.

Object Pool attached to GlobalPool has run out of particle_orange blood prefabs, Instantiating an additional one.

Object Pool attached to GlobalPool has run out of particle_orange blood prefabs, Instantiating an additional one.

Object Pool attached to GlobalPool has run out of particle_orange blood prefabs, Instantiating an additional one.

Object Pool attached to GlobalPool has run out of particle_orange blood prefabs, Instantiating an additional one.

Object Pool attached to GlobalPool has run out of particle_orange blood prefabs, Instantiating an additional one.

Object Pool attached to GlobalPool has run out of particle_orange blood prefabs, Instantiating an additional one.

Object Pool attached to GlobalPool has run out of particle_orange blood prefabs, Instantiating an additional one.

Object Pool attached to GlobalPool has run out of particle_orange blood prefabs, Instantiating an additional one.

Object Pool attached to GlobalPool has run out of particle_orange blood prefabs, Instantiating an additional one.

Object Pool attached to GlobalPool has run out of particle_orange blood prefabs, Instantiating an additional one.

Object Pool attached to GlobalPool has run out of particle_orange blood prefabs, Instantiating an additional one.

AddEventHandlerComponent: PlayMakerFixedUpdate

AddEventHandlerComponent: PlayMakerFixedUpdate

AddEventHandlerComponent: PlayMakerFixedUpdate

AddEventHandlerComponent: PlayMakerFixedUpdate

PlayOneShot was called with a null AudioClip.

Could not find FSM: health_manager_enemy

Could not find FSM: health_manager_enemy

Could not find FSM: health_manager_enemy

Could not find FSM: health_manager_enemy

Could not find FSM: health_manager_enemy

Could not find FSM: health_manager_enemy

Could not find FSM: health_manager_enemy

Could not find FSM: health_manager_enemy

Could not find FSM: health_manager_enemy

Could not find FSM: health_manager_enemy

Could not find FSM: health_manager_enemy

Could not find FSM: health_manager_enemy

Boss scene ended

Continuing boss sequence...

AddEventHandlerComponent: PlayMakerFixedUpdate

AddEventHandlerComponent: PlayMakerFixedUpdate

AddEventHandlerComponent: PlayMakerFixedUpdate

Deferring level start (marked as manual).

AddEventHandlerComponent: PlayMakerFixedUpdate

Object Pool attached to GlobalPool could not find a copy of Uninfected Hit Pt, Instantiating a new one.

Object Pool attached to GlobalPool has run out of Uninfected Hit Pt prefabs, Instantiating an additional one.

Could not find FSM: health_manager_enemy

Could not find FSM: recoil

Object Pool attached to GlobalPool has run out of Slash Effect Ghost1 prefabs, Instantiating an additional one.

Object Pool attached to GlobalPool has run out of Slash Effect Ghost1 prefabs, Instantiating an additional one.

Object Pool attached to GlobalPool has run out of Slash Effect Ghost1 prefabs, Instantiating an additional one.

Object Pool attached to GlobalPool has run out of Slash Effect Ghost1 prefabs, Instantiating an additional one.

Object Pool attached to GlobalPool has run out of Slash Effect Ghost1 prefabs, Instantiating an additional one.

Boss scene ended

Continuing boss sequence...

Asset unload forced by next boss scene.

AddEventHandlerComponent: PlayMakerFixedUpdate

Deferring level start (marked as manual).

Unloading 49 Unused Serialized files (Serialized files now loaded: 0)

Unloading 2020 unused Assets to reduce memory usage. Loaded Objects now: 74939.
Total: 219.781400 ms (FindLiveObjects: 4.608700 ms CreateObjectMapping: 1.923200 ms MarkObjects: 209.130900 ms  DeleteObjects: 4.118300 ms)

Achievement <b>MAP</b> can not be awarded in map zone <b>GODS_GLORY</b>

Achievement <b>STAG_STATION_HALF</b> can not be awarded in map zone <b>GODS_GLORY</b>

Achievement <b>GRUBFRIEND</b> can not be awarded in map zone <b>GODS_GLORY</b>

Achievement <b>METAMORPHOSIS</b> can not be awarded in map zone <b>GODS_GLORY</b>

Achievement <b>CHARMED</b> can not be awarded in map zone <b>GODS_GLORY</b>

Achievement <b>ENCHANTED</b> can not be awarded in map zone <b>GODS_GLORY</b>

Achievement <b>BLESSED</b> can not be awarded in map zone <b>GODS_GLORY</b>

Achievement <b>SOULFUL</b> can not be awarded in map zone <b>GODS_GLORY</b>

Achievement <b>WORLDSOUL</b> can not be awarded in map zone <b>GODS_GLORY</b>

Achievement <b>PROTECTED</b> can not be awarded in map zone <b>GODS_GLORY</b>

Achievement <b>MASKED</b> can not be awarded in map zone <b>GODS_GLORY</b>

Achievement <b>ATTUNEMENT</b> can not be awarded in map zone <b>GODS_GLORY</b>

Achievement <b>AWAKENING</b> can not be awarded in map zone <b>GODS_GLORY</b>

Achievement <b>HORNET_1</b> can not be awarded in map zone <b>GODS_GLORY</b>

Achievement <b>HORNET_2</b> can not be awarded in map zone <b>GODS_GLORY</b>

Achievement <b>SOUL_MASTER_DEFEAT</b> can not be awarded in map zone <b>GODS_GLORY</b>

Achievement <b>BROKEN_VESSEL</b> can not be awarded in map zone <b>GODS_GLORY</b>

Achievement <b>DREAM_BROKEN_VESSEL</b> can not be awarded in map zone <b>GODS_GLORY</b>

Achievement <b>DUNG_DEFENDER</b> can not be awarded in map zone <b>GODS_GLORY</b>

Achievement <b>DREAM_FK</b> can not be awarded in map zone <b>GODS_GLORY</b>

Achievement <b>MANTIS_LORDS</b> can not be awarded in map zone <b>GODS_GLORY</b>

Achievement <b>COLLECTOR</b> can not be awarded in map zone <b>GODS_GLORY</b>

Achievement <b>TRAITOR_LORD</b> can not be awarded in map zone <b>GODS_GLORY</b>

Achievement <b>GREY_PRINCE</b> can not be awarded in map zone <b>GODS_GLORY</b>

Achievement <b>BEAST</b> can not be awarded in map zone <b>GODS_GLORY</b>

Achievement <b>WATCHER</b> can not be awarded in map zone <b>GODS_GLORY</b>

Achievement <b>TEACHER</b> can not be awarded in map zone <b>GODS_GLORY</b>

Achievement <b>COLOSSEUM_1</b> can not be awarded in map zone <b>GODS_GLORY</b>

Achievement <b>COLOSSEUM_2</b> can not be awarded in map zone <b>GODS_GLORY</b>

Achievement <b>COLOSSEUM_3</b> can not be awarded in map zone <b>GODS_GLORY</b>

Achievement <b>GRIMM</b> can not be awarded in map zone <b>GODS_GLORY</b>

Achievement <b>NAILSMITH_SPARE</b> can not be awarded in map zone <b>GODS_GLORY</b>

Deferring level start (marked as manual).

AddEventHandlerComponent: PlayMakerFixedUpdate

AddEventHandlerComponent: PlayMakerFixedUpdate

AddEventHandlerComponent: PlayMakerFixedUpdate

AddEventHandlerComponent: PlayMakerFixedUpdate

AddEventHandlerComponent: PlayMakerFixedUpdate

AddEventHandlerComponent: PlayMakerFixedUpdate

AddEventHandlerComponent: PlayMakerFixedUpdate

AddEventHandlerComponent: PlayMakerFixedUpdate

AddEventHandlerComponent: PlayMakerFixedUpdate

AddEventHandlerComponent: PlayMakerFixedUpdate

AddEventHandlerComponent: PlayMakerFixedUpdate

AddEventHandlerComponent: PlayMakerFixedUpdate

AddEventHandlerComponent: PlayMakerFixedUpdate

AddEventHandlerComponent: PlayMakerFixedUpdate

AddEventHandlerComponent: PlayMakerFixedUpdate

AddEventHandlerComponent: PlayMakerFixedUpdate

AddEventHandlerComponent: PlayMakerFixedUpdate

AddEventHandlerComponent: PlayMakerFixedUpdate

AddEventHandlerComponent: PlayMakerFixedUpdate

AddEventHandlerComponent: PlayMakerFixedUpdate

AddEventHandlerComponent: PlayMakerFixedUpdate

Object Pool attached to GlobalPool has run out of Shot Slug Spear prefabs, Instantiating an additional one.

AddEventHandlerComponent: PlayMakerFixedUpdate

Object Pool attached to GlobalPool has run out of Shot Slug Spear prefabs, Instantiating an additional one.

AddEventHandlerComponent: PlayMakerFixedUpdate

Object Pool attached to GlobalPool has run out of Shot Slug Spear prefabs, Instantiating an additional one.

AddEventHandlerComponent: PlayMakerFixedUpdate

Object Pool attached to GlobalPool has run out of Shot Slug Spear prefabs, Instantiating an additional one.

AddEventHandlerComponent: PlayMakerFixedUpdate

Object Pool attached to GlobalPool has run out of Shot Slug Spear prefabs, Instantiating an additional one.

AddEventHandlerComponent: PlayMakerFixedUpdate

Object Pool attached to GlobalPool has run out of Shot Slug Spear prefabs, Instantiating an additional one.

AddEventHandlerComponent: PlayMakerFixedUpdate

Object Pool attached to GlobalPool has run out of Shot Slug Spear prefabs, Instantiating an additional one.

AddEventHandlerComponent: PlayMakerFixedUpdate

Object Pool attached to GlobalPool has run out of Shot Slug Spear prefabs, Instantiating an additional one.

AddEventHandlerComponent: PlayMakerFixedUpdate

Object Pool attached to GlobalPool has run out of Shot Slug Spear prefabs, Instantiating an additional one.

AddEventHandlerComponent: PlayMakerFixedUpdate

Object Pool attached to GlobalPool has run out of Shot Slug Spear prefabs, Instantiating an additional one.

AddEventHandlerComponent: PlayMakerFixedUpdate

Object Pool attached to GlobalPool has run out of Shot Slug Spear prefabs, Instantiating an additional one.

AddEventHandlerComponent: PlayMakerFixedUpdate

Object Pool attached to GlobalPool has run out of Shot Slug Spear prefabs, Instantiating an additional one.

AddEventHandlerComponent: PlayMakerFixedUpdate

Object Pool attached to GlobalPool has run out of Shot Slug Spear prefabs, Instantiating an additional one.

AddEventHandlerComponent: PlayMakerFixedUpdate

Object Pool attached to GlobalPool has run out of Shot Slug Spear prefabs, Instantiating an additional one.

AddEventHandlerComponent: PlayMakerFixedUpdate

Object Pool attached to GlobalPool has run out of Shot Slug Spear prefabs, Instantiating an additional one.

AddEventHandlerComponent: PlayMakerFixedUpdate

Object Pool attached to GlobalPool has run out of Shot Slug Spear prefabs, Instantiating an additional one.

AddEventHandlerComponent: PlayMakerFixedUpdate

Object Pool attached to GlobalPool has run out of Shot Slug Spear prefabs, Instantiating an additional one.

AddEventHandlerComponent: PlayMakerFixedUpdate

Object Pool attached to GlobalPool has run out of Shot Slug Spear prefabs, Instantiating an additional one.

AddEventHandlerComponent: PlayMakerFixedUpdate

Object Pool attached to GlobalPool has run out of Shot Slug Spear prefabs, Instantiating an additional one.

AddEventHandlerComponent: PlayMakerFixedUpdate

Object Pool attached to GlobalPool has run out of Shot Slug Spear prefabs, Instantiating an additional one.

AddEventHandlerComponent: PlayMakerFixedUpdate

Object Pool attached to GlobalPool has run out of Shot Slug Spear prefabs, Instantiating an additional one.

AddEventHandlerComponent: PlayMakerFixedUpdate

Object Pool attached to GlobalPool has run out of Shot Slug Spear prefabs, Instantiating an additional one.

AddEventHandlerComponent: PlayMakerFixedUpdate

Object Pool attached to GlobalPool has run out of Shot Slug Spear prefabs, Instantiating an additional one.

AddEventHandlerComponent: PlayMakerFixedUpdate

Object Pool attached to GlobalPool has run out of Shot Slug Spear prefabs, Instantiating an additional one.

AddEventHandlerComponent: PlayMakerFixedUpdate

Object Pool attached to GlobalPool has run out of Shot Slug Spear prefabs, Instantiating an additional one.

AddEventHandlerComponent: PlayMakerFixedUpdate

Object Pool attached to GlobalPool has run out of Shot Slug Spear prefabs, Instantiating an additional one.

AddEventHandlerComponent: PlayMakerFixedUpdate

Object Pool attached to GlobalPool has run out of Shot Slug Spear prefabs, Instantiating an additional one.

AddEventHandlerComponent: PlayMakerFixedUpdate

Object Pool attached to GlobalPool has run out of Shot Slug Spear prefabs, Instantiating an additional one.

AddEventHandlerComponent: PlayMakerFixedUpdate

Boss scene ended

Continuing boss sequence...

AddEventHandlerComponent: PlayMakerFixedUpdate

AddEventHandlerComponent: PlayMakerFixedUpdate

Deferring level start (marked as manual).

AddEventHandlerComponent: PlayMakerFixedUpdate

AddEventHandlerComponent: PlayMakerCollisionEnter2D

AddEventHandlerComponent: PlayMakerCollisionStay2D

AddEventHandlerComponent: PlayMakerFixedUpdate

AddEventHandlerComponent: PlayMakerCollisionEnter2D

AddEventHandlerComponent: PlayMakerCollisionStay2D

AddEventHandlerComponent: PlayMakerFixedUpdate

AddEventHandlerComponent: PlayMakerFixedUpdate

AddEventHandlerComponent: PlayMakerCollisionEnter2D

AddEventHandlerComponent: PlayMakerCollisionStay2D

AddEventHandlerComponent: PlayMakerFixedUpdate

AddEventHandlerComponent: PlayMakerCollisionEnter2D

AddEventHandlerComponent: PlayMakerCollisionStay2D

AddEventHandlerComponent: PlayMakerFixedUpdate

AddEventHandlerComponent: PlayMakerFixedUpdate

Achievement <b>DUNG_DEFENDER</b> can not be awarded in map zone <b>GODS_GLORY</b>

Boss scene ended

Continuing boss sequence...

AddEventHandlerComponent: PlayMakerFixedUpdate

Deferring level start (marked as manual).

PlayOneShot was called with a null AudioClip.

PlayOneShot was called with a null AudioClip.

PlayOneShot was called with a null AudioClip.

AddEventHandlerComponent: PlayMakerFixedUpdate

PlayOneShot was called with a null AudioClip.

PlayOneShot was called with a null AudioClip.

PlayOneShot was called with a null AudioClip.

Object Pool attached to GlobalPool has run out of Mage Orb prefabs, Instantiating an additional one.

AddEventHandlerComponent: PlayMakerFixedUpdate

PlayOneShot was called with a null AudioClip.

PlayOneShot was called with a null AudioClip.

PlayOneShot was called with a null AudioClip.

PlayOneShot was called with a null AudioClip.

PlayOneShot was called with a null AudioClip.

PlayOneShot was called with a null AudioClip.

PlayOneShot was called with a null AudioClip.

PlayOneShot was called with a null AudioClip.

PlayOneShot was called with a null AudioClip.

PlayOneShot was called with a null AudioClip.

PlayOneShot was called with a null AudioClip.

Object Pool attached to GlobalPool has run out of Geo Small prefabs, Instantiating an additional one.

Object Pool attached to GlobalPool has run out of Geo Small prefabs, Instantiating an additional one.

Object Pool attached to GlobalPool has run out of Geo Small prefabs, Instantiating an additional one.

Object Pool attached to GlobalPool has run out of Geo Small prefabs, Instantiating an additional one.

Object Pool attached to GlobalPool has run out of Geo Small prefabs, Instantiating an additional one.

Object Pool attached to GlobalPool has run out of Geo Small prefabs, Instantiating an additional one.

Object Pool attached to GlobalPool has run out of Geo Small prefabs, Instantiating an additional one.

Object Pool attached to GlobalPool has run out of Geo Small prefabs, Instantiating an additional one.

Object Pool attached to GlobalPool has run out of Geo Small prefabs, Instantiating an additional one.

Object Pool attached to GlobalPool has run out of Geo Small prefabs, Instantiating an additional one.

Object Pool attached to GlobalPool has run out of Geo Small prefabs, Instantiating an additional one.

Object Pool attached to GlobalPool has run out of Geo Small prefabs, Instantiating an additional one.

Object Pool attached to GlobalPool has run out of Geo Small prefabs, Instantiating an additional one.

Object Pool attached to GlobalPool has run out of Geo Small prefabs, Instantiating an additional one.

Object Pool attached to GlobalPool has run out of Geo Small prefabs, Instantiating an additional one.

Object Pool attached to GlobalPool has run out of Geo Small prefabs, Instantiating an additional one.

Object Pool attached to GlobalPool has run out of Geo Small prefabs, Instantiating an additional one.

Object Pool attached to GlobalPool has run out of Geo Small prefabs, Instantiating an additional one.

Object Pool attached to GlobalPool has run out of Geo Small prefabs, Instantiating an additional one.

Object Pool attached to GlobalPool has run out of Geo Small prefabs, Instantiating an additional one.

Object Pool attached to GlobalPool has run out of Geo Small prefabs, Instantiating an additional one.

Object Pool attached to GlobalPool has run out of Geo Small prefabs, Instantiating an additional one.

Object Pool attached to GlobalPool has run out of Geo Small prefabs, Instantiating an additional one.

Object Pool attached to GlobalPool has run out of Geo Small prefabs, Instantiating an additional one.

Object Pool attached to GlobalPool has run out of Geo Small prefabs, Instantiating an additional one.

Object Pool attached to GlobalPool has run out of Geo Small prefabs, Instantiating an additional one.

Object Pool attached to GlobalPool has run out of Geo Small prefabs, Instantiating an additional one.

Object Pool attached to GlobalPool has run out of Geo Small prefabs, Instantiating an additional one.

Object Pool attached to GlobalPool has run out of Geo Small prefabs, Instantiating an additional one.

Object Pool attached to GlobalPool has run out of Geo Small prefabs, Instantiating an additional one.

Object Pool attached to GlobalPool has run out of Geo Small prefabs, Instantiating an additional one.

Object Pool attached to GlobalPool has run out of Geo Small prefabs, Instantiating an additional one.

Object Pool attached to GlobalPool has run out of Geo Small prefabs, Instantiating an additional one.

Object Pool attached to GlobalPool has run out of Geo Small prefabs, Instantiating an additional one.

Object Pool attached to GlobalPool has run out of Geo Small prefabs, Instantiating an additional one.

Object Pool attached to GlobalPool has run out of Geo Small prefabs, Instantiating an additional one.

Object Pool attached to GlobalPool has run out of Geo Small prefabs, Instantiating an additional one.

Object Pool attached to GlobalPool has run out of Geo Small prefabs, Instantiating an additional one.

Object Pool attached to GlobalPool has run out of Geo Small prefabs, Instantiating an additional one.

Object Pool attached to GlobalPool has run out of Geo Small prefabs, Instantiating an additional one.

Object Pool attached to GlobalPool has run out of Geo Small prefabs, Instantiating an additional one.

Object Pool attached to GlobalPool has run out of Geo Small prefabs, Instantiating an additional one.

Object Pool attached to GlobalPool has run out of Geo Small prefabs, Instantiating an additional one.

Object Pool attached to GlobalPool has run out of Geo Small prefabs, Instantiating an additional one.

Object Pool attached to GlobalPool has run out of Geo Small prefabs, Instantiating an additional one.

Object Pool attached to GlobalPool has run out of Geo Small prefabs, Instantiating an additional one.

Object Pool attached to GlobalPool has run out of Geo Small prefabs, Instantiating an additional one.

Object Pool attached to GlobalPool has run out of Geo Small prefabs, Instantiating an additional one.

Object Pool attached to GlobalPool has run out of Geo Small prefabs, Instantiating an additional one.

Object Pool attached to GlobalPool has run out of Geo Small prefabs, Instantiating an additional one.

Object Pool attached to GlobalPool has run out of Geo Med prefabs, Instantiating an additional one.

Object Pool attached to GlobalPool has run out of Geo Med prefabs, Instantiating an additional one.

Object Pool attached to GlobalPool has run out of Geo Med prefabs, Instantiating an additional one.

Object Pool attached to GlobalPool has run out of Geo Med prefabs, Instantiating an additional one.

Object Pool attached to GlobalPool has run out of Geo Med prefabs, Instantiating an additional one.

Object Pool attached to GlobalPool has run out of Geo Med prefabs, Instantiating an additional one.

Object Pool attached to GlobalPool has run out of Geo Med prefabs, Instantiating an additional one.

Object Pool attached to GlobalPool has run out of Geo Med prefabs, Instantiating an additional one.

Object Pool attached to GlobalPool has run out of Geo Med prefabs, Instantiating an additional one.

Object Pool attached to GlobalPool has run out of Geo Med prefabs, Instantiating an additional one.

Boss scene ended

Continuing boss sequence...

Deferring level start (marked as manual).

AddEventHandlerComponent: PlayMakerFixedUpdate

Object Pool attached to GlobalPool has run out of Shot Mawlek NoDrip prefabs, Instantiating an additional one.

Object Pool attached to GlobalPool has run out of particle_orange blood prefabs, Instantiating an additional one.

Object Pool attached to GlobalPool has run out of particle_orange blood prefabs, Instantiating an additional one.

Object Pool attached to GlobalPool has run out of particle_orange blood prefabs, Instantiating an additional one.

Object Pool attached to GlobalPool has run out of particle_orange blood prefabs, Instantiating an additional one.

PlayOneShot was called with a null AudioClip.

Boss scene ended

Continuing boss sequence...

AddEventHandlerComponent: PlayMakerFixedUpdate

Deferring level start (marked as manual).

PlayOneShot was called with a null AudioClip.

AddEventHandlerComponent: PlayMakerFixedUpdate

AddEventHandlerComponent: PlayMakerFixedUpdate

Deferring level start (marked as manual).

Object Pool attached to GlobalPool has run out of Slash Effect Ghost1 prefabs, Instantiating an additional one.

Object Pool attached to GlobalPool has run out of Slash Effect Ghost1 prefabs, Instantiating an additional one.

Object Pool attached to GlobalPool has run out of Slash Effect Ghost1 prefabs, Instantiating an additional one.

Object Pool attached to GlobalPool has run out of Slash Effect Ghost2 prefabs, Instantiating an additional one.

Object Pool attached to GlobalPool has run out of Uninfected Hit Pt prefabs, Instantiating an additional one.

Object Pool attached to GlobalPool has run out of Uninfected Hit Pt prefabs, Instantiating an additional one.

Asset unload force by death in boss sequence.

AddEventHandlerComponent: PlayMakerFixedUpdate

AddEventHandlerComponent: PlayMakerFixedUpdate

AddEventHandlerComponent: PlayMakerFixedUpdate

AddEventHandlerComponent: PlayMakerFixedUpdate

AddEventHandlerComponent: PlayMakerFixedUpdate

AddEventHandlerComponent: PlayMakerFixedUpdate

AddEventHandlerComponent: PlayMakerFixedUpdate

AddEventHandlerComponent: PlayMakerFixedUpdate

AddEventHandlerComponent: PlayMakerFixedUpdate

AddEventHandlerComponent: PlayMakerFixedUpdate

AddEventHandlerComponent: PlayMakerFixedUpdate

Deferring level start (marked as manual).

Unloading 58 Unused Serialized files (Serialized files now loaded: 0)

Unloading 1567 unused Assets to reduce memory usage. Loaded Objects now: 79509.
Total: 211.824600 ms (FindLiveObjects: 3.037000 ms CreateObjectMapping: 1.471200 ms MarkObjects: 202.550500 ms  DeleteObjects: 4.765300 ms)

Achievement <b>MAP</b> can not be awarded in map zone <b>GODS_GLORY</b>

Achievement <b>STAG_STATION_HALF</b> can not be awarded in map zone <b>GODS_GLORY</b>

Achievement <b>GRUBFRIEND</b> can not be awarded in map zone <b>GODS_GLORY</b>

Achievement <b>METAMORPHOSIS</b> can not be awarded in map zone <b>GODS_GLORY</b>

Achievement <b>CHARMED</b> can not be awarded in map zone <b>GODS_GLORY</b>

Achievement <b>ENCHANTED</b> can not be awarded in map zone <b>GODS_GLORY</b>

Achievement <b>BLESSED</b> can not be awarded in map zone <b>GODS_GLORY</b>

Achievement <b>SOULFUL</b> can not be awarded in map zone <b>GODS_GLORY</b>

Achievement <b>WORLDSOUL</b> can not be awarded in map zone <b>GODS_GLORY</b>

Achievement <b>PROTECTED</b> can not be awarded in map zone <b>GODS_GLORY</b>

Achievement <b>MASKED</b> can not be awarded in map zone <b>GODS_GLORY</b>

Achievement <b>ATTUNEMENT</b> can not be awarded in map zone <b>GODS_GLORY</b>

Achievement <b>AWAKENING</b> can not be awarded in map zone <b>GODS_GLORY</b>

Achievement <b>HORNET_1</b> can not be awarded in map zone <b>GODS_GLORY</b>

Achievement <b>HORNET_2</b> can not be awarded in map zone <b>GODS_GLORY</b>

Achievement <b>SOUL_MASTER_DEFEAT</b> can not be awarded in map zone <b>GODS_GLORY</b>

Achievement <b>BROKEN_VESSEL</b> can not be awarded in map zone <b>GODS_GLORY</b>

Achievement <b>DREAM_BROKEN_VESSEL</b> can not be awarded in map zone <b>GODS_GLORY</b>

Achievement <b>DUNG_DEFENDER</b> can not be awarded in map zone <b>GODS_GLORY</b>

Achievement <b>DREAM_FK</b> can not be awarded in map zone <b>GODS_GLORY</b>

Achievement <b>MANTIS_LORDS</b> can not be awarded in map zone <b>GODS_GLORY</b>

Achievement <b>COLLECTOR</b> can not be awarded in map zone <b>GODS_GLORY</b>

Achievement <b>TRAITOR_LORD</b> can not be awarded in map zone <b>GODS_GLORY</b>

Achievement <b>GREY_PRINCE</b> can not be awarded in map zone <b>GODS_GLORY</b>

Achievement <b>BEAST</b> can not be awarded in map zone <b>GODS_GLORY</b>

Achievement <b>WATCHER</b> can not be awarded in map zone <b>GODS_GLORY</b>

Achievement <b>TEACHER</b> can not be awarded in map zone <b>GODS_GLORY</b>

Achievement <b>COLOSSEUM_1</b> can not be awarded in map zone <b>GODS_GLORY</b>

Achievement <b>COLOSSEUM_2</b> can not be awarded in map zone <b>GODS_GLORY</b>

Achievement <b>COLOSSEUM_3</b> can not be awarded in map zone <b>GODS_GLORY</b>

Achievement <b>GRIMM</b> can not be awarded in map zone <b>GODS_GLORY</b>

Achievement <b>NAILSMITH_SPARE</b> can not be awarded in map zone <b>GODS_GLORY</b>

AddEventHandlerComponent: PlayMakerFixedUpdate

AddEventHandlerComponent: PlayMakerFixedUpdate

AddEventHandlerComponent: PlayMakerFixedUpdate

AddEventHandlerComponent: PlayMakerFixedUpdate

AddEventHandlerComponent: PlayMakerFixedUpdate

AddEventHandlerComponent: PlayMakerFixedUpdate

AddEventHandlerComponent: PlayMakerFixedUpdate

AddEventHandlerComponent: PlayMakerFixedUpdate

AddEventHandlerComponent: PlayMakerFixedUpdate

AddEventHandlerComponent: PlayMakerFixedUpdate

AddEventHandlerComponent: PlayMakerFixedUpdate

Deferring level start (marked as manual).

Unloading 36 Unused Serialized files (Serialized files now loaded: 0)
PlayOneShot was called with a null AudioClip.

PlayOneShot was called with a null AudioClip.


Unloading 666 unused Assets to reduce memory usage. Loaded Objects now: 79813.
Total: 192.786500 ms (FindLiveObjects: 2.672200 ms CreateObjectMapping: 1.166500 ms MarkObjects: 187.578300 ms  DeleteObjects: 1.368900 ms)

AddEventHandlerComponent: PlayMakerFixedUpdate

AddEventHandlerComponent: PlayMakerFixedUpdate

AddEventHandlerComponent: PlayMakerFixedUpdate

AddEventHandlerComponent: PlayMakerFixedUpdate

AddEventHandlerComponent: PlayMakerFixedUpdate

AddEventHandlerComponent: PlayMakerFixedUpdate

AddEventHandlerComponent: PlayMakerFixedUpdate

AddEventHandlerComponent: PlayMakerFixedUpdate

AddEventHandlerComponent: PlayMakerFixedUpdate

Deferring level start (marked as manual).

Unloading 22 Unused Serialized files (Serialized files now loaded: 0)

Unloading 522 unused Assets to reduce memory usage. Loaded Objects now: 75154.
Total: 183.514000 ms (FindLiveObjects: 2.543700 ms CreateObjectMapping: 0.776400 ms MarkObjects: 178.151500 ms  DeleteObjects: 2.041900 ms)

AddEventHandlerComponent: PlayMakerFixedUpdate

AddEventHandlerComponent: PlayMakerFixedUpdate

AddEventHandlerComponent: PlayMakerFixedUpdate

AddEventHandlerComponent: PlayMakerFixedUpdate

AddEventHandlerComponent: PlayMakerFixedUpdate

AddEventHandlerComponent: PlayMakerFixedUpdate

AddEventHandlerComponent: PlayMakerFixedUpdate

Deferring level start (marked as manual).

PlayOneShot was called with a null AudioClip.

PlayOneShot was called with a null AudioClip.

Object Pool attached to GlobalPool has run out of Geo Small prefabs, Instantiating an additional one.

Object Pool attached to GlobalPool has run out of Geo Small prefabs, Instantiating an additional one.

Object Pool attached to GlobalPool has run out of Geo Med prefabs, Instantiating an additional one.

Object Pool attached to GlobalPool has run out of Geo Med prefabs, Instantiating an additional one.

Object Pool attached to GlobalPool could not find a copy of Plat Grass, Instantiating a new one.

Unloading 31 Unused Serialized files (Serialized files now loaded: 0)
UnloadTime: 4.439500 ms
Deferring level start (marked as manual).


Unloading 1323 unused Assets to reduce memory usage. Loaded Objects now: 72924.
Total: 182.421800 ms (FindLiveObjects: 2.856800 ms CreateObjectMapping: 0.881900 ms MarkObjects: 176.890900 ms  DeleteObjects: 1.791700 ms)

Couldn't find a Game Manager, make sure one exists in the scene.

Couldn't find a Game Manager, make sure one exists in the scene.

Couldn't find a Game Manager, make sure one exists in the scene.

Couldn't find a Game Manager, make sure one exists in the scene.

Couldn't find a Game Manager, make sure one exists in the scene.

Couldn't find a Game Manager, make sure one exists in the scene.

Couldn't find a Game Manager, make sure one exists in the scene.

Couldn't find a Game Manager, make sure one exists in the scene.

Couldn't find a Game Manager, make sure one exists in the scene.

Couldn't find a Game Manager, make sure one exists in the scene.

Couldn't find a Game Manager, make sure one exists in the scene.

Couldn't find a Game Manager, make sure one exists in the scene.

Couldn't find a Game Manager, make sure one exists in the scene.

Couldn't find a Game Manager, make sure one exists in the scene.

Couldn't find a Game Manager, make sure one exists in the scene.

Couldn't find a Game Manager, make sure one exists in the scene.

Couldn't find a Game Manager, make sure one exists in the scene.

Couldn't find a Game Manager, make sure one exists in the scene.

Couldn't find a Game Manager, make sure one exists in the scene.

Couldn't find a Game Manager, make sure one exists in the scene.

Couldn't find a Game Manager, make sure one exists in the scene.

Couldn't find a Game Manager, make sure one exists in the scene.

Couldn't find a Game Manager, make sure one exists in the scene.

Couldn't find a Game Manager, make sure one exists in the scene.

Couldn't find a Game Manager, make sure one exists in the scene.

Couldn't find a Game Manager, make sure one exists in the scene.

Couldn't find a Game Manager, make sure one exists in the scene.

Couldn't find a Game Manager, make sure one exists in the scene.

Couldn't find a Game Manager, make sure one exists in the scene.

Couldn't find a Game Manager, make sure one exists in the scene.

Couldn't find a Game Manager, make sure one exists in the scene.

Couldn't find a Game Manager, make sure one exists in the scene.

Couldn't find a Game Manager, make sure one exists in the scene.

Couldn't find a Game Manager, make sure one exists in the scene.

Couldn't find a Game Manager, make sure one exists in the scene.

Couldn't find a Game Manager, make sure one exists in the scene.

Couldn't find a Game Manager, make sure one exists in the scene.

Couldn't find a Game Manager, make sure one exists in the scene.

Couldn't find a Game Manager, make sure one exists in the scene.

Couldn't find a Game Manager, make sure one exists in the scene.

Couldn't find a Game Manager, make sure one exists in the scene.

Couldn't find a Game Manager, make sure one exists in the scene.

Couldn't find a Game Manager, make sure one exists in the scene.

Couldn't find a Game Manager, make sure one exists in the scene.

Couldn't find a Game Manager, make sure one exists in the scene.

Couldn't find a Game Manager, make sure one exists in the scene.

Couldn't find a Game Manager, make sure one exists in the scene.

Couldn't find a Game Manager, make sure one exists in the scene.

Couldn't find a Game Manager, make sure one exists in the scene.

Couldn't find a Game Manager, make sure one exists in the scene.

Couldn't find a Game Manager, make sure one exists in the scene.

Couldn't find a Game Manager, make sure one exists in the scene.

Couldn't find a Game Manager, make sure one exists in the scene.

Couldn't find a Game Manager, make sure one exists in the scene.

Couldn't find a Game Manager, make sure one exists in the scene.

Couldn't find a Game Manager, make sure one exists in the scene.

Couldn't find a Game Manager, make sure one exists in the scene.

Couldn't find a Game Manager, make sure one exists in the scene.

Couldn't find a Game Manager, make sure one exists in the scene.

Couldn't find a Game Manager, make sure one exists in the scene.

Couldn't find a Game Manager, make sure one exists in the scene.

Couldn't find a Game Manager, make sure one exists in the scene.

Couldn't find a Game Manager, make sure one exists in the scene.

Couldn't find a Game Manager, make sure one exists in the scene.

Couldn't find a Game Manager, make sure one exists in the scene.

Couldn't find a Game Manager, make sure one exists in the scene.

Couldn't find a Game Manager, make sure one exists in the scene.

Couldn't find a Game Manager, make sure one exists in the scene.

Couldn't find a Game Manager, make sure one exists in the scene.

Couldn't find a Game Manager, make sure one exists in the scene.

Couldn't find a Game Manager, make sure one exists in the scene.

Couldn't find a Game Manager, make sure one exists in the scene.

Couldn't find a Game Manager, make sure one exists in the scene.

Couldn't find a Game Manager, make sure one exists in the scene.

Couldn't find a Game Manager, make sure one exists in the scene.

Couldn't find a Game Manager, make sure one exists in the scene.

Couldn't find a Game Manager, make sure one exists in the scene.

Couldn't find a Game Manager, make sure one exists in the scene.

Couldn't find a Game Manager, make sure one exists in the scene.

Couldn't find a Game Manager, make sure one exists in the scene.

Couldn't find a Game Manager, make sure one exists in the scene.

Couldn't find a Game Manager, make sure one exists in the scene.

Couldn't find a Game Manager, make sure one exists in the scene.

Couldn't find a Game Manager, make sure one exists in the scene.

Couldn't find a Game Manager, make sure one exists in the scene.

Couldn't find a Game Manager, make sure one exists in the scene.

Couldn't find a Game Manager, make sure one exists in the scene.

Couldn't find a Game Manager, make sure one exists in the scene.

Couldn't find a Game Manager, make sure one exists in the scene.

Couldn't find a Game Manager, make sure one exists in the scene.

Couldn't find a Game Manager, make sure one exists in the scene.

Couldn't find a Game Manager, make sure one exists in the scene.

Couldn't find a Game Manager, make sure one exists in the scene.

Couldn't find a Game Manager, make sure one exists in the scene.

Couldn't find a Game Manager, make sure one exists in the scene.

Couldn't find a Game Manager, make sure one exists in the scene.

Couldn't find a Game Manager, make sure one exists in the scene.

Couldn't find a Game Manager, make sure one exists in the scene.

Couldn't find a Game Manager, make sure one exists in the scene.

Couldn't find a Game Manager, make sure one exists in the scene.

Couldn't find a Game Manager, make sure one exists in the scene.

Couldn't find a Game Manager, make sure one exists in the scene.

Couldn't find a Game Manager, make sure one exists in the scene.

Couldn't find a Game Manager, make sure one exists in the scene.

Couldn't find a Game Manager, make sure one exists in the scene.

Couldn't find a Game Manager, make sure one exists in the scene.

Couldn't find a Game Manager, make sure one exists in the scene.

Couldn't find a Game Manager, make sure one exists in the scene.

Couldn't find a Game Manager, make sure one exists in the scene.

Couldn't find a Game Manager, make sure one exists in the scene.

Couldn't find a Game Manager, make sure one exists in the scene.

Couldn't find a Game Manager, make sure one exists in the scene.

Couldn't find a Game Manager, make sure one exists in the scene.

Couldn't find a Game Manager, make sure one exists in the scene.

Couldn't find a Game Manager, make sure one exists in the scene.

Couldn't find a Game Manager, make sure one exists in the scene.

Couldn't find a Game Manager, make sure one exists in the scene.

Couldn't find a Game Manager, make sure one exists in the scene.

Couldn't find a Game Manager, make sure one exists in the scene.

Couldn't find a Game Manager, make sure one exists in the scene.

Couldn't find a Game Manager, make sure one exists in the scene.

Couldn't find a Game Manager, make sure one exists in the scene.

Couldn't find a Game Manager, make sure one exists in the scene.

Couldn't find a Game Manager, make sure one exists in the scene.

Couldn't find a Game Manager, make sure one exists in the scene.

Couldn't find a Game Manager, make sure one exists in the scene.

Couldn't find a Game Manager, make sure one exists in the scene.

Couldn't find a Game Manager, make sure one exists in the scene.

Couldn't find a Game Manager, make sure one exists in the scene.

Couldn't find a Game Manager, make sure one exists in the scene.

Couldn't find a Game Manager, make sure one exists in the scene.

Couldn't find a Game Manager, make sure one exists in the scene.

Couldn't find a Game Manager, make sure one exists in the scene.

Couldn't find a Game Manager, make sure one exists in the scene.

Couldn't find a Game Manager, make sure one exists in the scene.

Couldn't find a Game Manager, make sure one exists in the scene.

Couldn't find a Game Manager, make sure one exists in the scene.

Couldn't find a Game Manager, make sure one exists in the scene.

Couldn't find a Game Manager, make sure one exists in the scene.

Couldn't find a Game Manager, make sure one exists in the scene.

Couldn't find a Game Manager, make sure one exists in the scene.

Couldn't find a Game Manager, make sure one exists in the scene.

Couldn't find a Game Manager, make sure one exists in the scene.

Couldn't find a Game Manager, make sure one exists in the scene.

Couldn't find a Game Manager, make sure one exists in the scene.

Couldn't find a Game Manager, make sure one exists in the scene.

Couldn't find a Game Manager, make sure one exists in the scene.

Couldn't find a Game Manager, make sure one exists in the scene.

Couldn't find a Game Manager, make sure one exists in the scene.

Couldn't find a Game Manager, make sure one exists in the scene.

Couldn't find a Game Manager, make sure one exists in the scene.

Couldn't find a Game Manager, make sure one exists in the scene.

Couldn't find a Game Manager, make sure one exists in the scene.

Couldn't find a Game Manager, make sure one exists in the scene.

Couldn't find a Game Manager, make sure one exists in the scene.

Couldn't find a Game Manager, make sure one exists in the scene.

Couldn't find a Game Manager, make sure one exists in the scene.

Couldn't find a Game Manager, make sure one exists in the scene.

Couldn't find a Game Manager, make sure one exists in the scene.

Couldn't find a Game Manager, make sure one exists in the scene.

Couldn't find a Game Manager, make sure one exists in the scene.

Couldn't find a Game Manager, make sure one exists in the scene.

Couldn't find a Game Manager, make sure one exists in the scene.

Couldn't find a Game Manager, make sure one exists in the scene.

Couldn't find a Game Manager, make sure one exists in the scene.

Couldn't find a Game Manager, make sure one exists in the scene.

Couldn't find a Game Manager, make sure one exists in the scene.

Couldn't find a Game Manager, make sure one exists in the scene.

Couldn't find a Game Manager, make sure one exists in the scene.

Couldn't find a Game Manager, make sure one exists in the scene.

Couldn't find a Game Manager, make sure one exists in the scene.

Couldn't find a Game Manager, make sure one exists in the scene.

Couldn't find a Game Manager, make sure one exists in the scene.

Couldn't find a Game Manager, make sure one exists in the scene.

Couldn't find a Game Manager, make sure one exists in the scene.

Couldn't find a Game Manager, make sure one exists in the scene.

Couldn't find a Game Manager, make sure one exists in the scene.

Couldn't find a Game Manager, make sure one exists in the scene.

Couldn't find a Game Manager, make sure one exists in the scene.

Couldn't find a Game Manager, make sure one exists in the scene.

Couldn't find a Game Manager, make sure one exists in the scene.

Couldn't find a Game Manager, make sure one exists in the scene.

Couldn't find a Game Manager, make sure one exists in the scene.

Couldn't find a Game Manager, make sure one exists in the scene.

Couldn't find a Game Manager, make sure one exists in the scene.

Couldn't find a Game Manager, make sure one exists in the scene.

Couldn't find a Game Manager, make sure one exists in the scene.

Couldn't find a Game Manager, make sure one exists in the scene.

Couldn't find a Game Manager, make sure one exists in the scene.

Couldn't find a Game Manager, make sure one exists in the scene.

Couldn't find a Game Manager, make sure one exists in the scene.

Couldn't find a Game Manager, make sure one exists in the scene.

Couldn't find a Game Manager, make sure one exists in the scene.

Couldn't find a Game Manager, make sure one exists in the scene.

Couldn't find a Game Manager, make sure one exists in the scene.

Couldn't find a Game Manager, make sure one exists in the scene.

Couldn't find a Game Manager, make sure one exists in the scene.

Couldn't find a Game Manager, make sure one exists in the scene.

Couldn't find a Game Manager, make sure one exists in the scene.

Couldn't find a Game Manager, make sure one exists in the scene.

Couldn't find a Game Manager, make sure one exists in the scene.

Couldn't find a Game Manager, make sure one exists in the scene.

Couldn't find a Game Manager, make sure one exists in the scene.

Couldn't find a Game Manager, make sure one exists in the scene.

Couldn't find a Game Manager, make sure one exists in the scene.

Couldn't find a Game Manager, make sure one exists in the scene.

Couldn't find a Game Manager, make sure one exists in the scene.

Couldn't find a Game Manager, make sure one exists in the scene.

Couldn't find a Game Manager, make sure one exists in the scene.

Couldn't find a Game Manager, make sure one exists in the scene.

Couldn't find a Game Manager, make sure one exists in the scene.

Couldn't find a Game Manager, make sure one exists in the scene.

Couldn't find a Game Manager, make sure one exists in the scene.

Couldn't find a Game Manager, make sure one exists in the scene.

Couldn't find a Game Manager, make sure one exists in the scene.

Couldn't find a Game Manager, make sure one exists in the scene.

Couldn't find a Game Manager, make sure one exists in the scene.

Couldn't find a Game Manager, make sure one exists in the scene.

Couldn't find a Game Manager, make sure one exists in the scene.

Couldn't find a Game Manager, make sure one exists in the scene.

Couldn't find a Game Manager, make sure one exists in the scene.

Couldn't find a Game Manager, make sure one exists in the scene.

Couldn't find a Game Manager, make sure one exists in the scene.

Couldn't find a Game Manager, make sure one exists in the scene.

Couldn't find a Game Manager, make sure one exists in the scene.

Couldn't find a Game Manager, make sure one exists in the scene.

Couldn't find a Game Manager, make sure one exists in the scene.

Couldn't find a Game Manager, make sure one exists in the scene.

Couldn't find a Game Manager, make sure one exists in the scene.

Couldn't find a Game Manager, make sure one exists in the scene.

Couldn't find a Game Manager, make sure one exists in the scene.

Couldn't find a Game Manager, make sure one exists in the scene.

Couldn't find a Game Manager, make sure one exists in the scene.

Couldn't find a Game Manager, make sure one exists in the scene.

Couldn't find a Game Manager, make sure one exists in the scene.

Couldn't find a Game Manager, make sure one exists in the scene.

Couldn't find a Game Manager, make sure one exists in the scene.

Couldn't find a Game Manager, make sure one exists in the scene.

Couldn't find a Game Manager, make sure one exists in the scene.

Couldn't find a Game Manager, make sure one exists in the scene.

Couldn't find a Game Manager, make sure one exists in the scene.

Couldn't find a Game Manager, make sure one exists in the scene.

Couldn't find a Game Manager, make sure one exists in the scene.

Couldn't find a Game Manager, make sure one exists in the scene.

Couldn't find a Game Manager, make sure one exists in the scene.

Couldn't find a Game Manager, make sure one exists in the scene.

Couldn't find a Game Manager, make sure one exists in the scene.

Couldn't find a Game Manager, make sure one exists in the scene.

Couldn't find a Game Manager, make sure one exists in the scene.

Couldn't find a Game Manager, make sure one exists in the scene.

Couldn't find a Game Manager, make sure one exists in the scene.

Couldn't find a Game Manager, make sure one exists in the scene.

Couldn't find a Game Manager, make sure one exists in the scene.

Couldn't find a Game Manager, make sure one exists in the scene.

Couldn't find a Game Manager, make sure one exists in the scene.

Couldn't find a Game Manager, make sure one exists in the scene.

Couldn't find a Game Manager, make sure one exists in the scene.

Couldn't find a Game Manager, make sure one exists in the scene.

Couldn't find a Game Manager, make sure one exists in the scene.

Couldn't find a Game Manager, make sure one exists in the scene.

Couldn't find a Game Manager, make sure one exists in the scene.

Couldn't find a Game Manager, make sure one exists in the scene.

Couldn't find a Game Manager, make sure one exists in the scene.

Couldn't find a Game Manager, make sure one exists in the scene.

Couldn't find a Game Manager, make sure one exists in the scene.

Couldn't find a Game Manager, make sure one exists in the scene.

Couldn't find a Game Manager, make sure one exists in the scene.

Couldn't find a Game Manager, make sure one exists in the scene.

Couldn't find a Game Manager, make sure one exists in the scene.

Couldn't find a Game Manager, make sure one exists in the scene.

Couldn't find a Game Manager, make sure one exists in the scene.

Couldn't find a Game Manager, make sure one exists in the scene.

Couldn't find a Game Manager, make sure one exists in the scene.

Couldn't find a Game Manager, make sure one exists in the scene.

Couldn't find a Game Manager, make sure one exists in the scene.

Couldn't find a Game Manager, make sure one exists in the scene.

Couldn't find a Game Manager, make sure one exists in the scene.

Couldn't find a Game Manager, make sure one exists in the scene.

Couldn't find a Game Manager, make sure one exists in the scene.

Couldn't find a Game Manager, make sure one exists in the scene.

Couldn't find a Game Manager, make sure one exists in the scene.

Couldn't find a Game Manager, make sure one exists in the scene.

Couldn't find a Game Manager, make sure one exists in the scene.

Couldn't find a Game Manager, make sure one exists in the scene.

Couldn't find a Game Manager, make sure one exists in the scene.

Couldn't find a Game Manager, make sure one exists in the scene.

Couldn't find a Game Manager, make sure one exists in the scene.

Couldn't find a Game Manager, make sure one exists in the scene.

Couldn't find a Game Manager, make sure one exists in the scene.

Couldn't find a Game Manager, make sure one exists in the scene.

Couldn't find a Game Manager, make sure one exists in the scene.

Couldn't find a Game Manager, make sure one exists in the scene.

Couldn't find a Game Manager, make sure one exists in the scene.

Couldn't find a Game Manager, make sure one exists in the scene.

Couldn't find a Game Manager, make sure one exists in the scene.

Couldn't find a Game Manager, make sure one exists in the scene.

Couldn't find a Game Manager, make sure one exists in the scene.

Couldn't find a Game Manager, make sure one exists in the scene.

Couldn't find a Game Manager, make sure one exists in the scene.

Couldn't find a Game Manager, make sure one exists in the scene.

Couldn't find a Game Manager, make sure one exists in the scene.

Couldn't find a Game Manager, make sure one exists in the scene.

Couldn't find a Game Manager, make sure one exists in the scene.

Couldn't find a Game Manager, make sure one exists in the scene.

Couldn't find a Game Manager, make sure one exists in the scene.

Couldn't find a Game Manager, make sure one exists in the scene.

Couldn't find a Game Manager, make sure one exists in the scene.

Couldn't find a Game Manager, make sure one exists in the scene.

Couldn't find a Game Manager, make sure one exists in the scene.

Couldn't find a Game Manager, make sure one exists in the scene.

Couldn't find a Game Manager, make sure one exists in the scene.

Couldn't find a Game Manager, make sure one exists in the scene.

Couldn't find a Game Manager, make sure one exists in the scene.

Couldn't find a Game Manager, make sure one exists in the scene.

Couldn't find a Game Manager, make sure one exists in the scene.

Couldn't find a Game Manager, make sure one exists in the scene.

Couldn't find a Game Manager, make sure one exists in the scene.

Couldn't find a Game Manager, make sure one exists in the scene.

Couldn't find a Game Manager, make sure one exists in the scene.

Couldn't find a Game Manager, make sure one exists in the scene.

Couldn't find a Game Manager, make sure one exists in the scene.

Couldn't find a Game Manager, make sure one exists in the scene.

Couldn't find a Game Manager, make sure one exists in the scene.

Couldn't find a Game Manager, make sure one exists in the scene.

Couldn't find a Game Manager, make sure one exists in the scene.

Couldn't find a Game Manager, make sure one exists in the scene.

Couldn't find a Game Manager, make sure one exists in the scene.

Couldn't find a Game Manager, make sure one exists in the scene.

Couldn't find a Game Manager, make sure one exists in the scene.

Couldn't find a Game Manager, make sure one exists in the scene.

Couldn't find a Game Manager, make sure one exists in the scene.

Couldn't find a Game Manager, make sure one exists in the scene.

Couldn't find a Game Manager, make sure one exists in the scene.

Couldn't find a Game Manager, make sure one exists in the scene.

Couldn't find a Game Manager, make sure one exists in the scene.

Couldn't find a Game Manager, make sure one exists in the scene.

Couldn't find a Game Manager, make sure one exists in the scene.

Couldn't find a Game Manager, make sure one exists in the scene.

Couldn't find a Game Manager, make sure one exists in the scene.

Couldn't find a Game Manager, make sure one exists in the scene.

Couldn't find a Game Manager, make sure one exists in the scene.

Couldn't find a Game Manager, make sure one exists in the scene.

Couldn't find a Game Manager, make sure one exists in the scene.

Couldn't find a Game Manager, make sure one exists in the scene.

Couldn't find a Game Manager, make sure one exists in the scene.

Couldn't find a Game Manager, make sure one exists in the scene.

Couldn't find a Game Manager, make sure one exists in the scene.

Couldn't find a Game Manager, make sure one exists in the scene.

Couldn't find a Game Manager, make sure one exists in the scene.

Couldn't find a Game Manager, make sure one exists in the scene.

Couldn't find a Game Manager, make sure one exists in the scene.

Couldn't find a Game Manager, make sure one exists in the scene.

Couldn't find a Game Manager, make sure one exists in the scene.

Couldn't find a Game Manager, make sure one exists in the scene.

Couldn't find a Game Manager, make sure one exists in the scene.

Couldn't find a Game Manager, make sure one exists in the scene.

Couldn't find a Game Manager, make sure one exists in the scene.

Couldn't find a Game Manager, make sure one exists in the scene.

Couldn't find a Game Manager, make sure one exists in the scene.

Couldn't find a Game Manager, make sure one exists in the scene.

Couldn't find a Game Manager, make sure one exists in the scene.

Couldn't find a Game Manager, make sure one exists in the scene.

Couldn't find a Game Manager, make sure one exists in the scene.

Couldn't find a Game Manager, make sure one exists in the scene.

Couldn't find a Game Manager, make sure one exists in the scene.

Couldn't find a Game Manager, make sure one exists in the scene.

Couldn't find a Game Manager, make sure one exists in the scene.

Couldn't find a Game Manager, make sure one exists in the scene.

Couldn't find a Game Manager, make sure one exists in the scene.

Couldn't find a Game Manager, make sure one exists in the scene.

Couldn't find a Game Manager, make sure one exists in the scene.

Couldn't find a Game Manager, make sure one exists in the scene.

Couldn't find a Game Manager, make sure one exists in the scene.

Couldn't find a Game Manager, make sure one exists in the scene.

Couldn't find a Game Manager, make sure one exists in the scene.

Couldn't find a Game Manager, make sure one exists in the scene.

Couldn't find a Game Manager, make sure one exists in the scene.

Couldn't find a Game Manager, make sure one exists in the scene.

Couldn't find a Game Manager, make sure one exists in the scene.

Couldn't find a Game Manager, make sure one exists in the scene.

Couldn't find a Game Manager, make sure one exists in the scene.

Couldn't find a Game Manager, make sure one exists in the scene.

Couldn't find a Game Manager, make sure one exists in the scene.

Couldn't find a Game Manager, make sure one exists in the scene.

Couldn't find a Game Manager, make sure one exists in the scene.

Couldn't find a Game Manager, make sure one exists in the scene.

Couldn't find a Game Manager, make sure one exists in the scene.

Couldn't find a Game Manager, make sure one exists in the scene.

Couldn't find a Game Manager, make sure one exists in the scene.

Couldn't find a Game Manager, make sure one exists in the scene.

Couldn't find a Game Manager, make sure one exists in the scene.

Couldn't find a Game Manager, make sure one exists in the scene.

Couldn't find a Game Manager, make sure one exists in the scene.

Couldn't find a Game Manager, make sure one exists in the scene.

Couldn't find a Game Manager, make sure one exists in the scene.

Couldn't find a Game Manager, make sure one exists in the scene.

Couldn't find a Game Manager, make sure one exists in the scene.

Couldn't find a Game Manager, make sure one exists in the scene.

Couldn't find a Game Manager, make sure one exists in the scene.

Couldn't find a Game Manager, make sure one exists in the scene.

Couldn't find a Game Manager, make sure one exists in the scene.

Couldn't find a Game Manager, make sure one exists in the scene.

Couldn't find a Game Manager, make sure one exists in the scene.

Couldn't find a Game Manager, make sure one exists in the scene.

Couldn't find a Game Manager, make sure one exists in the scene.

Couldn't find a Game Manager, make sure one exists in the scene.

Couldn't find a Game Manager, make sure one exists in the scene.

Couldn't find a Game Manager, make sure one exists in the scene.

Couldn't find a Game Manager, make sure one exists in the scene.

Couldn't find a Game Manager, make sure one exists in the scene.

Couldn't find a Game Manager, make sure one exists in the scene.

Couldn't find a Game Manager, make sure one exists in the scene.

Couldn't find a Game Manager, make sure one exists in the scene.

Couldn't find a Game Manager, make sure one exists in the scene.

Couldn't find a Game Manager, make sure one exists in the scene.

Couldn't find a Game Manager, make sure one exists in the scene.

Couldn't find a Game Manager, make sure one exists in the scene.

Couldn't find a Game Manager, make sure one exists in the scene.

Couldn't find a Game Manager, make sure one exists in the scene.

Couldn't find a Game Manager, make sure one exists in the scene.

Couldn't find a Game Manager, make sure one exists in the scene.

Couldn't find a Game Manager, make sure one exists in the scene.

Couldn't find a Game Manager, make sure one exists in the scene.

Couldn't find a Game Manager, make sure one exists in the scene.

Couldn't find a Game Manager, make sure one exists in the scene.

Couldn't find a Game Manager, make sure one exists in the scene.

Couldn't find a Game Manager, make sure one exists in the scene.

Couldn't find a Game Manager, make sure one exists in the scene.

Couldn't find a Game Manager, make sure one exists in the scene.

Couldn't find a Game Manager, make sure one exists in the scene.

Couldn't find a Game Manager, make sure one exists in the scene.

Couldn't find a Game Manager, make sure one exists in the scene.

Couldn't find a Game Manager, make sure one exists in the scene.

Couldn't find a Game Manager, make sure one exists in the scene.

Unloading 5 Unused Serialized files (Serialized files now loaded: 0)
Couldn't find a Game Manager, make sure one exists in the scene.

Couldn't find a Game Manager, make sure one exists in the scene.

UnloadTime: 0.213100 ms
Coroutine couldn't be started because the the game object 'OptionsMenuScreen' is inactive!

DontDestroyOnLoad only works for root GameObjects or components on root GameObjects.

Performing automatic level start.

Game controller set to None.


Unloading 765 unused Assets to reduce memory usage. Loaded Objects now: 58349.
Total: 143.091900 ms (FindLiveObjects: 1.924500 ms CreateObjectMapping: 0.680400 ms MarkObjects: 139.043900 ms  DeleteObjects: 1.442800 ms)

Setting up 6 worker threads for Enlighten.
  Thread -> id: 4c20 -> priority: 1 
  Thread -> id: c734 -> priority: 1 
  Thread -> id: c84c -> priority: 1 
  Thread -> id: 33e8 -> priority: 1 
  Thread -> id: 7c14 -> priority: 1 
  Thread -> id: 4e3c -> priority: 1 
Shutting down Steam API.

