Mono path[0] = 'C:/Apps/Steam/steamapps/common/Hollow Knight/hollow_knight_Data/Managed'
Mono config path = 'C:/Apps/Steam/steamapps/common/Hollow Knight/MonoBleedingEdge/etc'
Initialize engine version: 2020.2.2f1 (068178b99f32)
[Subsystems] Discovering subsystems at path C:/Apps/Steam/steamapps/common/Hollow Knight/hollow_knight_Data/UnitySubsystems
GfxDevice: creating device client; threaded=1
Direct3D:
    Version:  Direct3D 11.0 [level 11.1]
    Renderer: AMD Radeon RX 6750 GRE 12GB (ID=0x73df)
    Vendor:   
    VRAM:     12216 MB
    Driver:   32.0.13031.3015
Begin MonoManager ReloadAssembly
- Completed reload, in  0.097 seconds
OnLevelWasLoaded was found on GameMap
This message has been deprecated and will be removed in a later version of Unity.
Add a delegate to SceneManager.sceneLoaded instead to get notifications after scene loading has completed

OnLevelWasLoaded was found on PlayMakerUnity2d
This message has been deprecated and will be removed in a later version of Unity.
Add a delegate to SceneManager.sceneLoaded instead to get notifications after scene loading has completed

D3D11 device created for Microsoft Media Foundation video decoding.
<RI> Initializing input.
<RI> Input initialized.
<RI> Initialized touch support.
The class named 'ConfigManager' is abstract. The script class can't be abstract!

UnloadTime: 0.585700 ms
Graphics tier changed to High

Steam initializing

Steam logged in as chenxi_Euemnides

Selected online subsystem SteamOnlineSubsystem

Discovered supported languages: DE, EN, ES, FR, IT, JA, KO, PT, RU, ZH

Unloading 5 Unused Serialized files (Serialized files now loaded: 0)
Loaded saved language code 'ZH'

Restored language code 'ZH'

GameVersionData must be instantiated using the ScriptableObject.CreateInstance method instead of new GameVersionData.


Unloading 362 unused Assets to reduce memory usage. Loaded Objects now: 3825.
Total: 1.374400 ms (FindLiveObjects: 0.116400 ms CreateObjectMapping: 0.062800 ms MarkObjects: 1.124600 ms  DeleteObjects: 0.070200 ms)

Steam stats received.

Unloading 5 Unused Serialized files (Serialized files now loaded: 0)
UnloadTime: 2.729600 ms
DontDestroyOnLoad only works for root GameObjects or components on root GameObjects.

Creating Mod Logger

Fallback handler could not load library C:/Apps/Steam/steamapps/common/Hollow Knight/hollow_knight_Data/Mono/data-000001C792BA6F00.dll
Fallback handler could not load library C:/Apps/Steam/steamapps/common/Hollow Knight/hollow_knight_Data/Mono/data-000001C76D60C0C0.dll
Fallback handler could not load library C:/Apps/Steam/steamapps/common/Hollow Knight/hollow_knight_Data/Mono/data-000001C7928900D0.dll
Fallback handler could not load library C:/Apps/Steam/steamapps/common/Hollow Knight/hollow_knight_Data/Mono/data-000001C792B04880.dll
Performing automatic level start.

Game controller set to None.


Unloading 30 unused Assets to reduce memory usage. Loaded Objects now: 46278.
Total: 100.216100 ms (FindLiveObjects: 1.590400 ms CreateObjectMapping: 0.688200 ms MarkObjects: 97.841700 ms  DeleteObjects: 0.095100 ms)

AddEventHandlerComponent: PlayMakerFixedUpdate

AddEventHandlerComponent: PlayMakerFixedUpdate

AddEventHandlerComponent: PlayMakerFixedUpdate

AddEventHandlerComponent: PlayMakerFixedUpdate

AddEventHandlerComponent: PlayMakerFixedUpdate

AddEventHandlerComponent: PlayMakerFixedUpdate

AddEventHandlerComponent: PlayMakerFixedUpdate

AddEventHandlerComponent: PlayMakerFixedUpdate

AddEventHandlerComponent: PlayMakerFixedUpdate

AddEventHandlerComponent: PlayMakerFixedUpdate

AddEventHandlerComponent: PlayMakerFixedUpdate

AddEventHandlerComponent: PlayMakerFixedUpdate

AddEventHandlerComponent: PlayMakerFixedUpdate

AddEventHandlerComponent: PlayMakerFixedUpdate

AddEventHandlerComponent: PlayMakerFixedUpdate

AddEventHandlerComponent: PlayMakerFixedUpdate

AddEventHandlerComponent: PlayMakerFixedUpdate

AddEventHandlerComponent: PlayMakerFixedUpdate

AddEventHandlerComponent: PlayMakerFixedUpdate

AddEventHandlerComponent: PlayMakerFixedUpdate

AddEventHandlerComponent: PlayMakerFixedUpdate

Couldn't find a Hero, make sure one exists in the scene.

Couldn't find a Hero, make sure one exists in the scene.

AddEventHandlerComponent: PlayMakerFixedUpdate

AddEventHandlerComponent: PlayMakerFixedUpdate

AddEventHandlerComponent: PlayMakerFixedUpdate

AddEventHandlerComponent: PlayMakerFixedUpdate

AddEventHandlerComponent: PlayMakerFixedUpdate

AddEventHandlerComponent: PlayMakerFixedUpdate

AddEventHandlerComponent: PlayMakerFixedUpdate

AddEventHandlerComponent: PlayMakerFixedUpdate

AddEventHandlerComponent: PlayMakerFixedUpdate

AddEventHandlerComponent: PlayMakerFixedUpdate

AddEventHandlerComponent: PlayMakerFixedUpdate

AddEventHandlerComponent: PlayMakerFixedUpdate

AddEventHandlerComponent: PlayMakerFixedUpdate

AddEventHandlerComponent: PlayMakerFixedUpdate

AddEventHandlerComponent: PlayMakerFixedUpdate

AddEventHandlerComponent: PlayMakerFixedUpdate

AddEventHandlerComponent: PlayMakerFixedUpdate

AddEventHandlerComponent: PlayMakerFixedUpdate

AddEventHandlerComponent: PlayMakerFixedUpdate

AddEventHandlerComponent: PlayMakerFixedUpdate

AddEventHandlerComponent: PlayMakerFixedUpdate

AddEventHandlerComponent: PlayMakerFixedUpdate

AddEventHandlerComponent: PlayMakerFixedUpdate

AddEventHandlerComponent: PlayMakerFixedUpdate

AddEventHandlerComponent: PlayMakerFixedUpdate

AddEventHandlerComponent: PlayMakerFixedUpdate

Couldn't find a Hero, make sure one exists in the scene.

Couldn't find a Hero, make sure one exists in the scene.

Couldn't find a Hero, make sure one exists in the scene.

AddEventHandlerComponent: PlayMakerFixedUpdate

AddEventHandlerComponent: PlayMakerFixedUpdate

AddEventHandlerComponent: PlayMakerFixedUpdate

AddEventHandlerComponent: PlayMakerFixedUpdate

AddEventHandlerComponent: PlayMakerFixedUpdate

AddEventHandlerComponent: PlayMakerLateUpdate

AddEventHandlerComponent: PlayMakerFixedUpdate

AddEventHandlerComponent: PlayMakerFixedUpdate

AddEventHandlerComponent: PlayMakerLateUpdate

AddEventHandlerComponent: PlayMakerFixedUpdate

AddEventHandlerComponent: PlayMakerLateUpdate

AddEventHandlerComponent: PlayMakerFixedUpdate

AddEventHandlerComponent: PlayMakerLateUpdate

AddEventHandlerComponent: PlayMakerFixedUpdate

AddEventHandlerComponent: PlayMakerLateUpdate

AddEventHandlerComponent: PlayMakerFixedUpdate

AddEventHandlerComponent: PlayMakerFixedUpdate

AddEventHandlerComponent: PlayMakerFixedUpdate

AddEventHandlerComponent: PlayMakerFixedUpdate

AddEventHandlerComponent: PlayMakerFixedUpdate

AddEventHandlerComponent: PlayMakerFixedUpdate

AddEventHandlerComponent: PlayMakerFixedUpdate

AddEventHandlerComponent: PlayMakerFixedUpdate

AddEventHandlerComponent: PlayMakerFixedUpdate

AddEventHandlerComponent: PlayMakerFixedUpdate

AddEventHandlerComponent: PlayMakerFixedUpdate

AddEventHandlerComponent: PlayMakerFixedUpdate

AddEventHandlerComponent: PlayMakerFixedUpdate

AddEventHandlerComponent: PlayMakerFixedUpdate

AddEventHandlerComponent: PlayMakerFixedUpdate

AddEventHandlerComponent: PlayMakerFixedUpdate

AddEventHandlerComponent: PlayMakerFixedUpdate

AddEventHandlerComponent: PlayMakerFixedUpdate

AddEventHandlerComponent: PlayMakerFixedUpdate

AddEventHandlerComponent: PlayMakerFixedUpdate

AddEventHandlerComponent: PlayMakerFixedUpdate

AddEventHandlerComponent: PlayMakerFixedUpdate

Couldn't find a Hero, make sure one exists in the scene.

Couldn't find a Hero, make sure one exists in the scene.

AddEventHandlerComponent: PlayMakerFixedUpdate

AddEventHandlerComponent: PlayMakerFixedUpdate

AddEventHandlerComponent: PlayMakerFixedUpdate

AddEventHandlerComponent: PlayMakerFixedUpdate

Couldn't find a Hero, make sure one exists in the scene.

Couldn't find a Hero, make sure one exists in the scene.

AddEventHandlerComponent: PlayMakerFixedUpdate

AddEventHandlerComponent: PlayMakerFixedUpdate

AddEventHandlerComponent: PlayMakerFixedUpdate

AddEventHandlerComponent: PlayMakerFixedUpdate

AddEventHandlerComponent: PlayMakerFixedUpdate

AddEventHandlerComponent: PlayMakerFixedUpdate

AddEventHandlerComponent: PlayMakerFixedUpdate

AddEventHandlerComponent: PlayMakerFixedUpdate

AddEventHandlerComponent: PlayMakerFixedUpdate

AddEventHandlerComponent: PlayMakerFixedUpdate

AddEventHandlerComponent: PlayMakerFixedUpdate

AddEventHandlerComponent: PlayMakerFixedUpdate

AddEventHandlerComponent: PlayMakerFixedUpdate

AddEventHandlerComponent: PlayMakerFixedUpdate

AddEventHandlerComponent: PlayMakerFixedUpdate

AddEventHandlerComponent: PlayMakerFixedUpdate

AddEventHandlerComponent: PlayMakerFixedUpdate

AddEventHandlerComponent: PlayMakerFixedUpdate

AddEventHandlerComponent: PlayMakerFixedUpdate

AddEventHandlerComponent: PlayMakerFixedUpdate

AddEventHandlerComponent: PlayMakerFixedUpdate

AddEventHandlerComponent: PlayMakerFixedUpdate

AddEventHandlerComponent: PlayMakerFixedUpdate

AddEventHandlerComponent: PlayMakerFixedUpdate

AddEventHandlerComponent: PlayMakerFixedUpdate

AddEventHandlerComponent: PlayMakerFixedUpdate

AddEventHandlerComponent: PlayMakerFixedUpdate

AddEventHandlerComponent: PlayMakerFixedUpdate

AddEventHandlerComponent: PlayMakerFixedUpdate

AddEventHandlerComponent: PlayMakerFixedUpdate

AddEventHandlerComponent: PlayMakerFixedUpdate

AddEventHandlerComponent: PlayMakerFixedUpdate

AddEventHandlerComponent: PlayMakerCollisionEnter2D

AddEventHandlerComponent: PlayMakerFixedUpdate

AddEventHandlerComponent: PlayMakerFixedUpdate

AddEventHandlerComponent: PlayMakerFixedUpdate

AddEventHandlerComponent: PlayMakerFixedUpdate

AddEventHandlerComponent: PlayMakerFixedUpdate

AddEventHandlerComponent: PlayMakerFixedUpdate

AddEventHandlerComponent: PlayMakerFixedUpdate

AddEventHandlerComponent: PlayMakerFixedUpdate

AddEventHandlerComponent: PlayMakerFixedUpdate

AddEventHandlerComponent: PlayMakerFixedUpdate

AddEventHandlerComponent: PlayMakerFixedUpdate

AddEventHandlerComponent: PlayMakerFixedUpdate

AddEventHandlerComponent: PlayMakerFixedUpdate

AddEventHandlerComponent: PlayMakerFixedUpdate

AddEventHandlerComponent: PlayMakerFixedUpdate

AddEventHandlerComponent: PlayMakerFixedUpdate

AddEventHandlerComponent: PlayMakerFixedUpdate

AddEventHandlerComponent: PlayMakerFixedUpdate

AddEventHandlerComponent: PlayMakerFixedUpdate

AddEventHandlerComponent: PlayMakerFixedUpdate

AddEventHandlerComponent: PlayMakerFixedUpdate

AddEventHandlerComponent: PlayMakerFixedUpdate

AddEventHandlerComponent: PlayMakerFixedUpdate

AddEventHandlerComponent: PlayMakerFixedUpdate

AddEventHandlerComponent: PlayMakerFixedUpdate

AddEventHandlerComponent: PlayMakerFixedUpdate

AddEventHandlerComponent: PlayMakerFixedUpdate

AddEventHandlerComponent: PlayMakerFixedUpdate

AddEventHandlerComponent: PlayMakerFixedUpdate

AddEventHandlerComponent: PlayMakerFixedUpdate

AddEventHandlerComponent: PlayMakerFixedUpdate

Couldn't find a Hero, make sure one exists in the scene.

Couldn't find a Hero, make sure one exists in the scene.

Couldn't find a Hero, make sure one exists in the scene.

Couldn't find a Hero, make sure one exists in the scene.

AddEventHandlerComponent: PlayMakerFixedUpdate

AddEventHandlerComponent: PlayMakerFixedUpdate

AddEventHandlerComponent: PlayMakerFixedUpdate

AddEventHandlerComponent: PlayMakerFixedUpdate

AddEventHandlerComponent: PlayMakerFixedUpdate

AddEventHandlerComponent: PlayMakerFixedUpdate

AddEventHandlerComponent: PlayMakerFixedUpdate

AddEventHandlerComponent: PlayMakerFixedUpdate

AddEventHandlerComponent: PlayMakerFixedUpdate

AddEventHandlerComponent: PlayMakerFixedUpdate

AddEventHandlerComponent: PlayMakerFixedUpdate

AddEventHandlerComponent: PlayMakerFixedUpdate

AddEventHandlerComponent: PlayMakerFixedUpdate

AddEventHandlerComponent: PlayMakerFixedUpdate

AddEventHandlerComponent: PlayMakerFixedUpdate

AddEventHandlerComponent: PlayMakerFixedUpdate

AddEventHandlerComponent: PlayMakerFixedUpdate

AddEventHandlerComponent: PlayMakerFixedUpdate

AddEventHandlerComponent: PlayMakerFixedUpdate

AddEventHandlerComponent: PlayMakerFixedUpdate

AddEventHandlerComponent: PlayMakerFixedUpdate

AddEventHandlerComponent: PlayMakerFixedUpdate

AddEventHandlerComponent: PlayMakerFixedUpdate

AddEventHandlerComponent: PlayMakerFixedUpdate

AddEventHandlerComponent: PlayMakerFixedUpdate

AddEventHandlerComponent: PlayMakerFixedUpdate

AddEventHandlerComponent: PlayMakerFixedUpdate

AddEventHandlerComponent: PlayMakerFixedUpdate

Couldn't find a Hero, make sure one exists in the scene.

AddEventHandlerComponent: PlayMakerFixedUpdate

AddEventHandlerComponent: PlayMakerFixedUpdate

AddEventHandlerComponent: PlayMakerFixedUpdate

AddEventHandlerComponent: PlayMakerFixedUpdate

AddEventHandlerComponent: PlayMakerFixedUpdate

AddEventHandlerComponent: PlayMakerFixedUpdate

AddEventHandlerComponent: PlayMakerFixedUpdate

AddEventHandlerComponent: PlayMakerFixedUpdate

AddEventHandlerComponent: PlayMakerFixedUpdate

AddEventHandlerComponent: PlayMakerFixedUpdate

AddEventHandlerComponent: PlayMakerFixedUpdate

AddEventHandlerComponent: PlayMakerFixedUpdate

AddEventHandlerComponent: PlayMakerFixedUpdate

AddEventHandlerComponent: PlayMakerFixedUpdate

AddEventHandlerComponent: PlayMakerFixedUpdate

AddEventHandlerComponent: PlayMakerFixedUpdate

AddEventHandlerComponent: PlayMakerFixedUpdate

AddEventHandlerComponent: PlayMakerFixedUpdate

AddEventHandlerComponent: PlayMakerFixedUpdate

AddEventHandlerComponent: PlayMakerFixedUpdate

AddEventHandlerComponent: PlayMakerFixedUpdate

AddEventHandlerComponent: PlayMakerFixedUpdate

AddEventHandlerComponent: PlayMakerFixedUpdate

AddEventHandlerComponent: PlayMakerFixedUpdate

AddEventHandlerComponent: PlayMakerFixedUpdate

AddEventHandlerComponent: PlayMakerFixedUpdate

AddEventHandlerComponent: PlayMakerFixedUpdate

AddEventHandlerComponent: PlayMakerFixedUpdate

AddEventHandlerComponent: PlayMakerFixedUpdate

AddEventHandlerComponent: PlayMakerFixedUpdate

AddEventHandlerComponent: PlayMakerFixedUpdate

AddEventHandlerComponent: PlayMakerFixedUpdate

AddEventHandlerComponent: PlayMakerFixedUpdate

AddEventHandlerComponent: PlayMakerFixedUpdate

AddEventHandlerComponent: PlayMakerFixedUpdate

AddEventHandlerComponent: PlayMakerFixedUpdate

AddEventHandlerComponent: PlayMakerFixedUpdate

AddEventHandlerComponent: PlayMakerFixedUpdate

AddEventHandlerComponent: PlayMakerFixedUpdate

AddEventHandlerComponent: PlayMakerFixedUpdate

AddEventHandlerComponent: PlayMakerFixedUpdate

AddEventHandlerComponent: PlayMakerFixedUpdate

AddEventHandlerComponent: PlayMakerFixedUpdate

AddEventHandlerComponent: PlayMakerFixedUpdate

AddEventHandlerComponent: PlayMakerFixedUpdate

AddEventHandlerComponent: PlayMakerFixedUpdate

AddEventHandlerComponent: PlayMakerFixedUpdate

AddEventHandlerComponent: PlayMakerFixedUpdate

AddEventHandlerComponent: PlayMakerFixedUpdate

AddEventHandlerComponent: PlayMakerFixedUpdate

AddEventHandlerComponent: PlayMakerFixedUpdate

AddEventHandlerComponent: PlayMakerFixedUpdate

AddEventHandlerComponent: PlayMakerFixedUpdate

AddEventHandlerComponent: PlayMakerFixedUpdate

AddEventHandlerComponent: PlayMakerFixedUpdate

AddEventHandlerComponent: PlayMakerFixedUpdate

AddEventHandlerComponent: PlayMakerFixedUpdate

Cannot load existing boss sequence if there is none!

AddEventHandlerComponent: PlayMakerFixedUpdate

AddEventHandlerComponent: PlayMakerFixedUpdate

AddEventHandlerComponent: PlayMakerFixedUpdate

AddEventHandlerComponent: PlayMakerFixedUpdate

AddEventHandlerComponent: PlayMakerFixedUpdate

AddEventHandlerComponent: PlayMakerFixedUpdate

Couldn't find a Hero, make sure one exists in the scene.

Unloading 124 Unused Serialized files (Serialized files now loaded: 0)
UnloadTime: 1.046200 ms
Performing automatic level start.

Couldn't find a Hero, make sure one exists in the scene.

NullReferenceException: Object reference not set to an instance of an object
  at GameManager.SetupHeroRefs () [0x00016] in <2b54cdaf7a934f0eb297d50c4090ea9f>:0 
  at GameManager.orig_SetupSceneRefs (System.Boolean refreshTilemapInfo) [0x0006c] in <2b54cdaf7a934f0eb297d50c4090ea9f>:0 
  at GameManager.SetupSceneRefs (System.Boolean refreshTilemapInfo) [0x00000] in <2b54cdaf7a934f0eb297d50c4090ea9f>:0 
  at GameManager.LevelActivated (UnityEngine.SceneManagement.Scene sceneFrom, UnityEngine.SceneManagement.Scene sceneTo) [0x0003c] in <2b54cdaf7a934f0eb297d50c4090ea9f>:0 
  at (wrapper delegate-invoke) UnityEngine.Events.UnityAction`2[UnityEngine.SceneManagement.Scene,UnityEngine.SceneManagement.Scene].invoke_void_T0_T1(UnityEngine.SceneManagement.Scene,UnityEngine.SceneManagement.Scene)
  at UnityEngine.SceneManagement.SceneManager.Internal_ActiveSceneChanged (UnityEngine.SceneManagement.Scene previousActiveScene, UnityEngine.SceneManagement.Scene newActiveScene) [0x0000e] in <047294ce45cf4b9a9441e48d2b8435e4>:0 

Couldn't find a Hero, make sure one exists in the scene.


Unloading 7409 unused Assets to reduce memory usage. Loaded Objects now: 48117.
Total: 125.720900 ms (FindLiveObjects: 2.022600 ms CreateObjectMapping: 1.462000 ms MarkObjects: 112.493800 ms  DeleteObjects: 9.742000 ms)

Couldn't find a Hero, make sure one exists in the scene.

Unloading 5 Unused Serialized files (Serialized files now loaded: 0)
UnloadTime: 0.198000 ms
DontDestroyOnLoad only works for root GameObjects or components on root GameObjects.

Performing automatic level start.

Game controller set to None.

DontDestroyOnLoad only works for root GameObjects or components on root GameObjects.

DontDestroyOnLoad only works for root GameObjects or components on root GameObjects.

DontDestroyOnLoad only works for root GameObjects or components on root GameObjects.

DontDestroyOnLoad only works for root GameObjects or components on root GameObjects.

DontDestroyOnLoad only works for root GameObjects or components on root GameObjects.

DontDestroyOnLoad only works for root GameObjects or components on root GameObjects.

DontDestroyOnLoad only works for root GameObjects or components on root GameObjects.

DontDestroyOnLoad only works for root GameObjects or components on root GameObjects.

DontDestroyOnLoad only works for root GameObjects or components on root GameObjects.

DontDestroyOnLoad only works for root GameObjects or components on root GameObjects.

DontDestroyOnLoad only works for root GameObjects or components on root GameObjects.

DontDestroyOnLoad only works for root GameObjects or components on root GameObjects.

DontDestroyOnLoad only works for root GameObjects or components on root GameObjects.

DontDestroyOnLoad only works for root GameObjects or components on root GameObjects.

Fallback handler could not load library C:/Apps/Steam/steamapps/common/Hollow Knight/hollow_knight_Data/Mono/data-000001C79A2320F0.dll
Parent of RectTransform is being set with parent property. Consider using the SetParent method instead, with the worldPositionStays argument set to false. This will retain local orientation and scale rather than world orientation and scale, which can prevent common UI scaling issues.

Parent of RectTransform is being set with parent property. Consider using the SetParent method instead, with the worldPositionStays argument set to false. This will retain local orientation and scale rather than world orientation and scale, which can prevent common UI scaling issues.

Parent of RectTransform is being set with parent property. Consider using the SetParent method instead, with the worldPositionStays argument set to false. This will retain local orientation and scale rather than world orientation and scale, which can prevent common UI scaling issues.

Parent of RectTransform is being set with parent property. Consider using the SetParent method instead, with the worldPositionStays argument set to false. This will retain local orientation and scale rather than world orientation and scale, which can prevent common UI scaling issues.

Parent of RectTransform is being set with parent property. Consider using the SetParent method instead, with the worldPositionStays argument set to false. This will retain local orientation and scale rather than world orientation and scale, which can prevent common UI scaling issues.

DontDestroyOnLoad only works for root GameObjects or components on root GameObjects.

DontDestroyOnLoad only works for root GameObjects or components on root GameObjects.

DontDestroyOnLoad only works for root GameObjects or components on root GameObjects.

Coroutine couldn't be started because the the game object 'OptionsMenuScreen' is inactive!


Unloading 7 unused Assets to reduce memory usage. Loaded Objects now: 56882.
Total: 127.316700 ms (FindLiveObjects: 2.167700 ms CreateObjectMapping: 1.008600 ms MarkObjects: 124.077600 ms  DeleteObjects: 0.062300 ms)

Couldn't find a Hero, make sure one exists in the scene.

Couldn't find a Hero, make sure one exists in the scene.

Couldn't find a Hero, make sure one exists in the scene.

Couldn't find a Hero, make sure one exists in the scene.

Couldn't find a Hero, make sure one exists in the scene.

Couldn't find a Hero, make sure one exists in the scene.

Couldn't find a Hero, make sure one exists in the scene.

Couldn't find a Hero, make sure one exists in the scene.

Couldn't find a Hero, make sure one exists in the scene.

Couldn't find a Hero, make sure one exists in the scene.

Couldn't find a Hero, make sure one exists in the scene.

Couldn't find a Hero, make sure one exists in the scene.

Couldn't find a Hero, make sure one exists in the scene.

Couldn't find a Hero, make sure one exists in the scene.

Couldn't find a Hero, make sure one exists in the scene.

Couldn't find a Hero, make sure one exists in the scene.

Couldn't find a Hero, make sure one exists in the scene.

Couldn't find a Hero, make sure one exists in the scene.

Couldn't find a Hero, make sure one exists in the scene.

Couldn't find a Hero, make sure one exists in the scene.

Couldn't find a Hero, make sure one exists in the scene.

Couldn't find a Hero, make sure one exists in the scene.

Couldn't find a Hero, make sure one exists in the scene.

Couldn't find a Hero, make sure one exists in the scene.

Couldn't find a Hero, make sure one exists in the scene.

Couldn't find a Hero, make sure one exists in the scene.

Couldn't find a Hero, make sure one exists in the scene.

Couldn't find a Hero, make sure one exists in the scene.

Couldn't find a Hero, make sure one exists in the scene.

Couldn't find a Hero, make sure one exists in the scene.

Couldn't find a Hero, make sure one exists in the scene.

Couldn't find a Hero, make sure one exists in the scene.

Couldn't find a Hero, make sure one exists in the scene.

Couldn't find a Hero, make sure one exists in the scene.

Couldn't find a Hero, make sure one exists in the scene.

Couldn't find a Hero, make sure one exists in the scene.

Couldn't find a Hero, make sure one exists in the scene.

Couldn't find a Hero, make sure one exists in the scene.

Couldn't find a Hero, make sure one exists in the scene.

Couldn't find a Hero, make sure one exists in the scene.

Couldn't find a Hero, make sure one exists in the scene.

Couldn't find a Hero, make sure one exists in the scene.

Couldn't find a Hero, make sure one exists in the scene.

Couldn't find a Hero, make sure one exists in the scene.

Couldn't find a Hero, make sure one exists in the scene.

Couldn't find a Hero, make sure one exists in the scene.

Couldn't find a Hero, make sure one exists in the scene.

Couldn't find a Hero, make sure one exists in the scene.

Couldn't find a Hero, make sure one exists in the scene.

Couldn't find a Hero, make sure one exists in the scene.

Couldn't find a Hero, make sure one exists in the scene.

Couldn't find a Hero, make sure one exists in the scene.

Couldn't find a Hero, make sure one exists in the scene.

Couldn't find a Hero, make sure one exists in the scene.

Couldn't find a Hero, make sure one exists in the scene.

Couldn't find a Hero, make sure one exists in the scene.

Couldn't find a Hero, make sure one exists in the scene.

Couldn't find a Hero, make sure one exists in the scene.

Couldn't find a Hero, make sure one exists in the scene.

Couldn't find a Hero, make sure one exists in the scene.

Couldn't find a Hero, make sure one exists in the scene.

Couldn't find a Hero, make sure one exists in the scene.

Couldn't find a Hero, make sure one exists in the scene.

Couldn't find a Hero, make sure one exists in the scene.

Couldn't find a Hero, make sure one exists in the scene.

Couldn't find a Hero, make sure one exists in the scene.

Couldn't find a Hero, make sure one exists in the scene.

Couldn't find a Hero, make sure one exists in the scene.

Couldn't find a Hero, make sure one exists in the scene.

Couldn't find a Hero, make sure one exists in the scene.

Couldn't find a Hero, make sure one exists in the scene.

Couldn't find a Hero, make sure one exists in the scene.

Couldn't find a Hero, make sure one exists in the scene.

Couldn't find a Hero, make sure one exists in the scene.

Couldn't find a Hero, make sure one exists in the scene.

Couldn't find a Hero, make sure one exists in the scene.

Couldn't find a Hero, make sure one exists in the scene.

Couldn't find a Hero, make sure one exists in the scene.

Couldn't find a Hero, make sure one exists in the scene.

Couldn't find a Hero, make sure one exists in the scene.

Couldn't find a Hero, make sure one exists in the scene.

Couldn't find a Hero, make sure one exists in the scene.

Couldn't find a Hero, make sure one exists in the scene.

Couldn't find a Hero, make sure one exists in the scene.

Couldn't find a Hero, make sure one exists in the scene.

Couldn't find a Hero, make sure one exists in the scene.

Couldn't find a Hero, make sure one exists in the scene.

Couldn't find a Hero, make sure one exists in the scene.

Couldn't find a Hero, make sure one exists in the scene.

Couldn't find a Hero, make sure one exists in the scene.

Couldn't find a Hero, make sure one exists in the scene.

Couldn't find a Hero, make sure one exists in the scene.

Couldn't find a Hero, make sure one exists in the scene.

Couldn't find a Hero, make sure one exists in the scene.

Couldn't find a Hero, make sure one exists in the scene.

Couldn't find a Hero, make sure one exists in the scene.

Couldn't find a Hero, make sure one exists in the scene.

Couldn't find a Hero, make sure one exists in the scene.

Couldn't find a Hero, make sure one exists in the scene.

Couldn't find a Hero, make sure one exists in the scene.

Couldn't find a Hero, make sure one exists in the scene.

Couldn't find a Hero, make sure one exists in the scene.

Couldn't find a Hero, make sure one exists in the scene.

Couldn't find a Hero, make sure one exists in the scene.

Couldn't find a Hero, make sure one exists in the scene.

Couldn't find a Hero, make sure one exists in the scene.

Couldn't find a Hero, make sure one exists in the scene.

Couldn't find a Hero, make sure one exists in the scene.

Couldn't find a Hero, make sure one exists in the scene.

Couldn't find a Hero, make sure one exists in the scene.

Couldn't find a Hero, make sure one exists in the scene.

Couldn't find a Hero, make sure one exists in the scene.

Couldn't find a Hero, make sure one exists in the scene.

Couldn't find a Hero, make sure one exists in the scene.

Couldn't find a Hero, make sure one exists in the scene.

Couldn't find a Hero, make sure one exists in the scene.

Couldn't find a Hero, make sure one exists in the scene.

Couldn't find a Hero, make sure one exists in the scene.

Couldn't find a Hero, make sure one exists in the scene.

Couldn't find a Hero, make sure one exists in the scene.

Couldn't find a Hero, make sure one exists in the scene.

Couldn't find a Hero, make sure one exists in the scene.

Couldn't find a Hero, make sure one exists in the scene.

Couldn't find a Hero, make sure one exists in the scene.

Couldn't find a Hero, make sure one exists in the scene.

Couldn't find a Hero, make sure one exists in the scene.

Couldn't find a Hero, make sure one exists in the scene.

Couldn't find a Hero, make sure one exists in the scene.

Couldn't find a Hero, make sure one exists in the scene.

Couldn't find a Hero, make sure one exists in the scene.

Couldn't find a Hero, make sure one exists in the scene.

Couldn't find a Hero, make sure one exists in the scene.

Couldn't find a Hero, make sure one exists in the scene.

Couldn't find a Hero, make sure one exists in the scene.

Couldn't find a Hero, make sure one exists in the scene.

Couldn't find a Hero, make sure one exists in the scene.

Couldn't find a Hero, make sure one exists in the scene.

Couldn't find a Hero, make sure one exists in the scene.

Couldn't find a Hero, make sure one exists in the scene.

Couldn't find a Hero, make sure one exists in the scene.

Couldn't find a Hero, make sure one exists in the scene.

Couldn't find a Hero, make sure one exists in the scene.

Couldn't find a Hero, make sure one exists in the scene.

Couldn't find a Hero, make sure one exists in the scene.

Couldn't find a Hero, make sure one exists in the scene.

Couldn't find a Hero, make sure one exists in the scene.

Couldn't find a Hero, make sure one exists in the scene.

Couldn't find a Hero, make sure one exists in the scene.

Couldn't find a Hero, make sure one exists in the scene.

Couldn't find a Hero, make sure one exists in the scene.

Couldn't find a Hero, make sure one exists in the scene.

Couldn't find a Hero, make sure one exists in the scene.

Couldn't find a Hero, make sure one exists in the scene.

Couldn't find a Hero, make sure one exists in the scene.

Couldn't find a Hero, make sure one exists in the scene.

Couldn't find a Hero, make sure one exists in the scene.

Couldn't find a Hero, make sure one exists in the scene.

Couldn't find a Hero, make sure one exists in the scene.

Couldn't find a Hero, make sure one exists in the scene.

Couldn't find a Hero, make sure one exists in the scene.

Couldn't find a Hero, make sure one exists in the scene.

Couldn't find a Hero, make sure one exists in the scene.

Couldn't find a Hero, make sure one exists in the scene.

Couldn't find a Hero, make sure one exists in the scene.

Couldn't find a Hero, make sure one exists in the scene.

Couldn't find a Hero, make sure one exists in the scene.

Couldn't find a Hero, make sure one exists in the scene.

Couldn't find a Hero, make sure one exists in the scene.

Couldn't find a Hero, make sure one exists in the scene.

Couldn't find a Hero, make sure one exists in the scene.

Couldn't find a Hero, make sure one exists in the scene.

Couldn't find a Hero, make sure one exists in the scene.

Couldn't find a Hero, make sure one exists in the scene.

Couldn't find a Hero, make sure one exists in the scene.

Couldn't find a Hero, make sure one exists in the scene.

Couldn't find a Hero, make sure one exists in the scene.

Couldn't find a Hero, make sure one exists in the scene.

Couldn't find a Hero, make sure one exists in the scene.

Couldn't find a Hero, make sure one exists in the scene.

Couldn't find a Hero, make sure one exists in the scene.

Couldn't find a Hero, make sure one exists in the scene.

Couldn't find a Hero, make sure one exists in the scene.

Couldn't find a Hero, make sure one exists in the scene.

Couldn't find a Hero, make sure one exists in the scene.

Couldn't find a Hero, make sure one exists in the scene.

Couldn't find a Hero, make sure one exists in the scene.

Couldn't find a Hero, make sure one exists in the scene.

Couldn't find a Hero, make sure one exists in the scene.

Couldn't find a Hero, make sure one exists in the scene.

Couldn't find a Hero, make sure one exists in the scene.

Couldn't find a Hero, make sure one exists in the scene.

Couldn't find a Hero, make sure one exists in the scene.

Couldn't find a Hero, make sure one exists in the scene.

Couldn't find a Hero, make sure one exists in the scene.

Couldn't find a Hero, make sure one exists in the scene.

Couldn't find a Hero, make sure one exists in the scene.

Couldn't find a Hero, make sure one exists in the scene.

Couldn't find a Hero, make sure one exists in the scene.

Couldn't find a Hero, make sure one exists in the scene.

Couldn't find a Hero, make sure one exists in the scene.

Making UI menu lean.

NullReferenceException
  at (wrapper managed-to-native) UnityEngine.MonoBehaviour.IsObjectMonoBehaviour(UnityEngine.Object)
  at UnityEngine.MonoBehaviour.StartCoroutine (System.Collections.IEnumerator routine) [0x00014] in <047294ce45cf4b9a9441e48d2b8435e4>:0 
  at (wrapper dynamic-method) UnityEngine.UI.SaveSlotButton+<AnimateToSlotState>d__68.DMD<UnityEngine.UI.SaveSlotButton+<AnimateToSlotState>d__68::MoveNext>(UnityEngine.UI.SaveSlotButton/<AnimateToSlotState>d__68)
  at UnityEngine.SetupCoroutine.InvokeMoveNext (System.Collections.IEnumerator enumerator, System.IntPtr returnValueAddress) [0x00026] in <047294ce45cf4b9a9441e48d2b8435e4>:0 

NullReferenceException
  at (wrapper managed-to-native) UnityEngine.Animator.ResetTriggerString(UnityEngine.Animator,string)
  at UnityEngine.Animator.ResetTrigger (System.String name) [0x00001] in <d9588575c4ff4e818531b9dd12300bcd>:0 
  at (wrapper dynamic-method) UnityEngine.UI.SaveSlotButton+<AnimateToSlotState>d__68.DMD<UnityEngine.UI.SaveSlotButton+<AnimateToSlotState>d__68::MoveNext>(UnityEngine.UI.SaveSlotButton/<AnimateToSlotState>d__68)
  at UnityEngine.SetupCoroutine.InvokeMoveNext (System.Collections.IEnumerator enumerator, System.IntPtr returnValueAddress) [0x00026] in <047294ce45cf4b9a9441e48d2b8435e4>:0 
UnityEngine.MonoBehaviour:StartCoroutineManaged2(IEnumerator)
UnityEngine.MonoBehaviour:StartCoroutine(IEnumerator)
CoroutineQueue:Enqueue(IEnumerator)
UnityEngine.UI.SaveSlotButton:HideSaveSlot()
<HideSaveProfileMenu>d__216:DMD<UIManager+<HideSaveProfileMenu>d__216::MoveNext>(<HideSaveProfileMenu>d__216)
UnityEngine.SetupCoroutine:InvokeMoveNext(IEnumerator, IntPtr)

NullReferenceException
  at (wrapper managed-to-native) UnityEngine.Animator.ResetTriggerString(UnityEngine.Animator,string)
  at UnityEngine.Animator.ResetTrigger (System.String name) [0x00001] in <d9588575c4ff4e818531b9dd12300bcd>:0 
  at (wrapper dynamic-method) UnityEngine.UI.SaveSlotButton+<AnimateToSlotState>d__68.DMD<UnityEngine.UI.SaveSlotButton+<AnimateToSlotState>d__68::MoveNext>(UnityEngine.UI.SaveSlotButton/<AnimateToSlotState>d__68)
  at UnityEngine.SetupCoroutine.InvokeMoveNext (System.Collections.IEnumerator enumerator, System.IntPtr returnValueAddress) [0x00026] in <047294ce45cf4b9a9441e48d2b8435e4>:0 
UnityEngine.MonoBehaviour:StartCoroutineManaged2(IEnumerator)
UnityEngine.MonoBehaviour:StartCoroutine(IEnumerator)
CoroutineQueue:Enqueue(IEnumerator)
UnityEngine.UI.SaveSlotButton:HideSaveSlot()
<HideSaveProfileMenu>d__216:DMD<UIManager+<HideSaveProfileMenu>d__216::MoveNext>(<HideSaveProfileMenu>d__216)
UnityEngine.SetupCoroutine:InvokeMoveNext(IEnumerator, IntPtr)

AddEventHandlerComponent: PlayMakerFixedUpdate

AddEventHandlerComponent: PlayMakerFixedUpdate

AddEventHandlerComponent: PlayMakerFixedUpdate

AddEventHandlerComponent: PlayMakerFixedUpdate

AddEventHandlerComponent: PlayMakerFixedUpdate

AddEventHandlerComponent: PlayMakerFixedUpdate

AddEventHandlerComponent: PlayMakerFixedUpdate

AddEventHandlerComponent: PlayMakerFixedUpdate

AddEventHandlerComponent: PlayMakerFixedUpdate

AddEventHandlerComponent: PlayMakerFixedUpdate

AddEventHandlerComponent: PlayMakerCollisionStay2D

AddEventHandlerComponent: PlayMakerFixedUpdate

AddEventHandlerComponent: PlayMakerLateUpdate

AddEventHandlerComponent: PlayMakerFixedUpdate

AddEventHandlerComponent: PlayMakerCollisionStay2D

AddEventHandlerComponent: PlayMakerFixedUpdate

AddEventHandlerComponent: PlayMakerLateUpdate

AddEventHandlerComponent: PlayMakerFixedUpdate

AddEventHandlerComponent: PlayMakerFixedUpdate

AddEventHandlerComponent: PlayMakerCollisionStay2D

AddEventHandlerComponent: PlayMakerFixedUpdate

AddEventHandlerComponent: PlayMakerLateUpdate

AddEventHandlerComponent: PlayMakerFixedUpdate

AddEventHandlerComponent: PlayMakerCollisionStay2D

AddEventHandlerComponent: PlayMakerFixedUpdate

AddEventHandlerComponent: PlayMakerLateUpdate

AddEventHandlerComponent: PlayMakerFixedUpdate

AddEventHandlerComponent: PlayMakerFixedUpdate

AddEventHandlerComponent: PlayMakerCollisionStay2D

AddEventHandlerComponent: PlayMakerFixedUpdate

AddEventHandlerComponent: PlayMakerLateUpdate

AddEventHandlerComponent: PlayMakerFixedUpdate

AddEventHandlerComponent: PlayMakerFixedUpdate

AddEventHandlerComponent: PlayMakerFixedUpdate

AddEventHandlerComponent: PlayMakerFixedUpdate

AddEventHandlerComponent: PlayMakerFixedUpdate

AddEventHandlerComponent: PlayMakerFixedUpdate

AddEventHandlerComponent: PlayMakerFixedUpdate

AddEventHandlerComponent: PlayMakerFixedUpdate

Deferring level start (marked as manual).

Unloading 27 Unused Serialized files (Serialized files now loaded: 0)

Unloading 262 unused Assets to reduce memory usage. Loaded Objects now: 70090.
Total: 180.956400 ms (FindLiveObjects: 2.527600 ms CreateObjectMapping: 1.169700 ms MarkObjects: 176.845700 ms  DeleteObjects: 0.413100 ms)

AddEventHandlerComponent: PlayMakerFixedUpdate

PlayOneShot was called with a null AudioClip.

Unloading 6 Unused Serialized files (Serialized files now loaded: 0)
UnloadTime: 7.357000 ms
Deferring level start (marked as manual).


Unloading 1506 unused Assets to reduce memory usage. Loaded Objects now: 73761.
Total: 196.256400 ms (FindLiveObjects: 2.574300 ms CreateObjectMapping: 1.033200 ms MarkObjects: 190.839700 ms  DeleteObjects: 1.808500 ms)

Couldn't find a Game Manager, make sure one exists in the scene.

Couldn't find a Game Manager, make sure one exists in the scene.

Couldn't find a Game Manager, make sure one exists in the scene.

Couldn't find a Game Manager, make sure one exists in the scene.

Couldn't find a Game Manager, make sure one exists in the scene.

Couldn't find a Game Manager, make sure one exists in the scene.

Couldn't find a Game Manager, make sure one exists in the scene.

Couldn't find a Game Manager, make sure one exists in the scene.

Couldn't find a Game Manager, make sure one exists in the scene.

Couldn't find a Game Manager, make sure one exists in the scene.

Couldn't find a Game Manager, make sure one exists in the scene.

Couldn't find a Game Manager, make sure one exists in the scene.

Couldn't find a Game Manager, make sure one exists in the scene.

Couldn't find a Game Manager, make sure one exists in the scene.

Couldn't find a Game Manager, make sure one exists in the scene.

Couldn't find a Game Manager, make sure one exists in the scene.

Couldn't find a Game Manager, make sure one exists in the scene.

Couldn't find a Game Manager, make sure one exists in the scene.

Couldn't find a Game Manager, make sure one exists in the scene.

Couldn't find a Game Manager, make sure one exists in the scene.

Couldn't find a Game Manager, make sure one exists in the scene.

Couldn't find a Game Manager, make sure one exists in the scene.

Couldn't find a Game Manager, make sure one exists in the scene.

Couldn't find a Game Manager, make sure one exists in the scene.

Couldn't find a Game Manager, make sure one exists in the scene.

Couldn't find a Game Manager, make sure one exists in the scene.

Couldn't find a Game Manager, make sure one exists in the scene.

Couldn't find a Game Manager, make sure one exists in the scene.

Couldn't find a Game Manager, make sure one exists in the scene.

Couldn't find a Game Manager, make sure one exists in the scene.

Couldn't find a Game Manager, make sure one exists in the scene.

Couldn't find a Game Manager, make sure one exists in the scene.

Couldn't find a Game Manager, make sure one exists in the scene.

Couldn't find a Game Manager, make sure one exists in the scene.

Couldn't find a Game Manager, make sure one exists in the scene.

Couldn't find a Game Manager, make sure one exists in the scene.

Couldn't find a Game Manager, make sure one exists in the scene.

Couldn't find a Game Manager, make sure one exists in the scene.

Couldn't find a Game Manager, make sure one exists in the scene.

Couldn't find a Game Manager, make sure one exists in the scene.

Couldn't find a Game Manager, make sure one exists in the scene.

Couldn't find a Game Manager, make sure one exists in the scene.

Couldn't find a Game Manager, make sure one exists in the scene.

Couldn't find a Game Manager, make sure one exists in the scene.

Couldn't find a Game Manager, make sure one exists in the scene.

Couldn't find a Game Manager, make sure one exists in the scene.

Couldn't find a Game Manager, make sure one exists in the scene.

Couldn't find a Game Manager, make sure one exists in the scene.

Couldn't find a Game Manager, make sure one exists in the scene.

Couldn't find a Game Manager, make sure one exists in the scene.

Couldn't find a Game Manager, make sure one exists in the scene.

Couldn't find a Game Manager, make sure one exists in the scene.

Couldn't find a Game Manager, make sure one exists in the scene.

Couldn't find a Game Manager, make sure one exists in the scene.

Couldn't find a Game Manager, make sure one exists in the scene.

Couldn't find a Game Manager, make sure one exists in the scene.

Couldn't find a Game Manager, make sure one exists in the scene.

Couldn't find a Game Manager, make sure one exists in the scene.

Couldn't find a Game Manager, make sure one exists in the scene.

Couldn't find a Game Manager, make sure one exists in the scene.

Couldn't find a Game Manager, make sure one exists in the scene.

Couldn't find a Game Manager, make sure one exists in the scene.

Couldn't find a Game Manager, make sure one exists in the scene.

Couldn't find a Game Manager, make sure one exists in the scene.

Couldn't find a Game Manager, make sure one exists in the scene.

Couldn't find a Game Manager, make sure one exists in the scene.

Couldn't find a Game Manager, make sure one exists in the scene.

Couldn't find a Game Manager, make sure one exists in the scene.

Couldn't find a Game Manager, make sure one exists in the scene.

Couldn't find a Game Manager, make sure one exists in the scene.

Couldn't find a Game Manager, make sure one exists in the scene.

Couldn't find a Game Manager, make sure one exists in the scene.

Couldn't find a Game Manager, make sure one exists in the scene.

Couldn't find a Game Manager, make sure one exists in the scene.

Couldn't find a Game Manager, make sure one exists in the scene.

Couldn't find a Game Manager, make sure one exists in the scene.

Couldn't find a Game Manager, make sure one exists in the scene.

Couldn't find a Game Manager, make sure one exists in the scene.

Couldn't find a Game Manager, make sure one exists in the scene.

Couldn't find a Game Manager, make sure one exists in the scene.

Couldn't find a Game Manager, make sure one exists in the scene.

Couldn't find a Game Manager, make sure one exists in the scene.

Couldn't find a Game Manager, make sure one exists in the scene.

Couldn't find a Game Manager, make sure one exists in the scene.

Couldn't find a Game Manager, make sure one exists in the scene.

Couldn't find a Game Manager, make sure one exists in the scene.

Couldn't find a Game Manager, make sure one exists in the scene.

Couldn't find a Game Manager, make sure one exists in the scene.

Couldn't find a Game Manager, make sure one exists in the scene.

Couldn't find a Game Manager, make sure one exists in the scene.

Couldn't find a Game Manager, make sure one exists in the scene.

Couldn't find a Game Manager, make sure one exists in the scene.

Couldn't find a Game Manager, make sure one exists in the scene.

Couldn't find a Game Manager, make sure one exists in the scene.

Couldn't find a Game Manager, make sure one exists in the scene.

Couldn't find a Game Manager, make sure one exists in the scene.

Couldn't find a Game Manager, make sure one exists in the scene.

Couldn't find a Game Manager, make sure one exists in the scene.

Couldn't find a Game Manager, make sure one exists in the scene.

Couldn't find a Game Manager, make sure one exists in the scene.

Couldn't find a Game Manager, make sure one exists in the scene.

Couldn't find a Game Manager, make sure one exists in the scene.

Couldn't find a Game Manager, make sure one exists in the scene.

Couldn't find a Game Manager, make sure one exists in the scene.

Couldn't find a Game Manager, make sure one exists in the scene.

Couldn't find a Game Manager, make sure one exists in the scene.

Couldn't find a Game Manager, make sure one exists in the scene.

Couldn't find a Game Manager, make sure one exists in the scene.

Couldn't find a Game Manager, make sure one exists in the scene.

Couldn't find a Game Manager, make sure one exists in the scene.

Couldn't find a Game Manager, make sure one exists in the scene.

Couldn't find a Game Manager, make sure one exists in the scene.

Couldn't find a Game Manager, make sure one exists in the scene.

Couldn't find a Game Manager, make sure one exists in the scene.

Couldn't find a Game Manager, make sure one exists in the scene.

Couldn't find a Game Manager, make sure one exists in the scene.

Couldn't find a Game Manager, make sure one exists in the scene.

Couldn't find a Game Manager, make sure one exists in the scene.

Couldn't find a Game Manager, make sure one exists in the scene.

Couldn't find a Game Manager, make sure one exists in the scene.

Couldn't find a Game Manager, make sure one exists in the scene.

Couldn't find a Game Manager, make sure one exists in the scene.

Couldn't find a Game Manager, make sure one exists in the scene.

Couldn't find a Game Manager, make sure one exists in the scene.

Couldn't find a Game Manager, make sure one exists in the scene.

Couldn't find a Game Manager, make sure one exists in the scene.

Couldn't find a Game Manager, make sure one exists in the scene.

Couldn't find a Game Manager, make sure one exists in the scene.

Couldn't find a Game Manager, make sure one exists in the scene.

Couldn't find a Game Manager, make sure one exists in the scene.

Couldn't find a Game Manager, make sure one exists in the scene.

Couldn't find a Game Manager, make sure one exists in the scene.

Couldn't find a Game Manager, make sure one exists in the scene.

Couldn't find a Game Manager, make sure one exists in the scene.

Couldn't find a Game Manager, make sure one exists in the scene.

Couldn't find a Game Manager, make sure one exists in the scene.

Couldn't find a Game Manager, make sure one exists in the scene.

Couldn't find a Game Manager, make sure one exists in the scene.

Couldn't find a Game Manager, make sure one exists in the scene.

Couldn't find a Game Manager, make sure one exists in the scene.

Couldn't find a Game Manager, make sure one exists in the scene.

Couldn't find a Game Manager, make sure one exists in the scene.

Couldn't find a Game Manager, make sure one exists in the scene.

Couldn't find a Game Manager, make sure one exists in the scene.

Couldn't find a Game Manager, make sure one exists in the scene.

Couldn't find a Game Manager, make sure one exists in the scene.

Couldn't find a Game Manager, make sure one exists in the scene.

Couldn't find a Game Manager, make sure one exists in the scene.

Couldn't find a Game Manager, make sure one exists in the scene.

Couldn't find a Game Manager, make sure one exists in the scene.

Couldn't find a Game Manager, make sure one exists in the scene.

Couldn't find a Game Manager, make sure one exists in the scene.

Couldn't find a Game Manager, make sure one exists in the scene.

Couldn't find a Game Manager, make sure one exists in the scene.

Couldn't find a Game Manager, make sure one exists in the scene.

Couldn't find a Game Manager, make sure one exists in the scene.

Couldn't find a Game Manager, make sure one exists in the scene.

Couldn't find a Game Manager, make sure one exists in the scene.

Couldn't find a Game Manager, make sure one exists in the scene.

Couldn't find a Game Manager, make sure one exists in the scene.

Couldn't find a Game Manager, make sure one exists in the scene.

Couldn't find a Game Manager, make sure one exists in the scene.

Couldn't find a Game Manager, make sure one exists in the scene.

Couldn't find a Game Manager, make sure one exists in the scene.

Couldn't find a Game Manager, make sure one exists in the scene.

Couldn't find a Game Manager, make sure one exists in the scene.

Couldn't find a Game Manager, make sure one exists in the scene.

Couldn't find a Game Manager, make sure one exists in the scene.

Couldn't find a Game Manager, make sure one exists in the scene.

Couldn't find a Game Manager, make sure one exists in the scene.

Couldn't find a Game Manager, make sure one exists in the scene.

Couldn't find a Game Manager, make sure one exists in the scene.

Couldn't find a Game Manager, make sure one exists in the scene.

Couldn't find a Game Manager, make sure one exists in the scene.

Couldn't find a Game Manager, make sure one exists in the scene.

Couldn't find a Game Manager, make sure one exists in the scene.

Couldn't find a Game Manager, make sure one exists in the scene.

Couldn't find a Game Manager, make sure one exists in the scene.

Couldn't find a Game Manager, make sure one exists in the scene.

Couldn't find a Game Manager, make sure one exists in the scene.

Couldn't find a Game Manager, make sure one exists in the scene.

Couldn't find a Game Manager, make sure one exists in the scene.

Couldn't find a Game Manager, make sure one exists in the scene.

Couldn't find a Game Manager, make sure one exists in the scene.

Couldn't find a Game Manager, make sure one exists in the scene.

Couldn't find a Game Manager, make sure one exists in the scene.

Couldn't find a Game Manager, make sure one exists in the scene.

Couldn't find a Game Manager, make sure one exists in the scene.

Couldn't find a Game Manager, make sure one exists in the scene.

Couldn't find a Game Manager, make sure one exists in the scene.

Couldn't find a Game Manager, make sure one exists in the scene.

Couldn't find a Game Manager, make sure one exists in the scene.

Couldn't find a Game Manager, make sure one exists in the scene.

Couldn't find a Game Manager, make sure one exists in the scene.

Couldn't find a Game Manager, make sure one exists in the scene.

Couldn't find a Game Manager, make sure one exists in the scene.

Couldn't find a Game Manager, make sure one exists in the scene.

Couldn't find a Game Manager, make sure one exists in the scene.

Couldn't find a Game Manager, make sure one exists in the scene.

Couldn't find a Game Manager, make sure one exists in the scene.

Couldn't find a Game Manager, make sure one exists in the scene.

Couldn't find a Game Manager, make sure one exists in the scene.

Couldn't find a Game Manager, make sure one exists in the scene.

Couldn't find a Game Manager, make sure one exists in the scene.

Couldn't find a Game Manager, make sure one exists in the scene.

Couldn't find a Game Manager, make sure one exists in the scene.

Couldn't find a Game Manager, make sure one exists in the scene.

Couldn't find a Game Manager, make sure one exists in the scene.

Couldn't find a Game Manager, make sure one exists in the scene.

Couldn't find a Game Manager, make sure one exists in the scene.

Couldn't find a Game Manager, make sure one exists in the scene.

Couldn't find a Game Manager, make sure one exists in the scene.

Couldn't find a Game Manager, make sure one exists in the scene.

Couldn't find a Game Manager, make sure one exists in the scene.

Couldn't find a Game Manager, make sure one exists in the scene.

Couldn't find a Game Manager, make sure one exists in the scene.

Couldn't find a Game Manager, make sure one exists in the scene.

Couldn't find a Game Manager, make sure one exists in the scene.

Couldn't find a Game Manager, make sure one exists in the scene.

Couldn't find a Game Manager, make sure one exists in the scene.

Couldn't find a Game Manager, make sure one exists in the scene.

Couldn't find a Game Manager, make sure one exists in the scene.

Couldn't find a Game Manager, make sure one exists in the scene.

Couldn't find a Game Manager, make sure one exists in the scene.

Couldn't find a Game Manager, make sure one exists in the scene.

Couldn't find a Game Manager, make sure one exists in the scene.

Couldn't find a Game Manager, make sure one exists in the scene.

Couldn't find a Game Manager, make sure one exists in the scene.

Couldn't find a Game Manager, make sure one exists in the scene.

Couldn't find a Game Manager, make sure one exists in the scene.

Couldn't find a Game Manager, make sure one exists in the scene.

Couldn't find a Game Manager, make sure one exists in the scene.

Couldn't find a Game Manager, make sure one exists in the scene.

Couldn't find a Game Manager, make sure one exists in the scene.

Couldn't find a Game Manager, make sure one exists in the scene.

Couldn't find a Game Manager, make sure one exists in the scene.

Couldn't find a Game Manager, make sure one exists in the scene.

Couldn't find a Game Manager, make sure one exists in the scene.

Couldn't find a Game Manager, make sure one exists in the scene.

Couldn't find a Game Manager, make sure one exists in the scene.

Couldn't find a Game Manager, make sure one exists in the scene.

Couldn't find a Game Manager, make sure one exists in the scene.

Couldn't find a Game Manager, make sure one exists in the scene.

Couldn't find a Game Manager, make sure one exists in the scene.

Couldn't find a Game Manager, make sure one exists in the scene.

Couldn't find a Game Manager, make sure one exists in the scene.

Couldn't find a Game Manager, make sure one exists in the scene.

Couldn't find a Game Manager, make sure one exists in the scene.

Couldn't find a Game Manager, make sure one exists in the scene.

Couldn't find a Game Manager, make sure one exists in the scene.

Couldn't find a Game Manager, make sure one exists in the scene.

Couldn't find a Game Manager, make sure one exists in the scene.

Couldn't find a Game Manager, make sure one exists in the scene.

Couldn't find a Game Manager, make sure one exists in the scene.

Couldn't find a Game Manager, make sure one exists in the scene.

Couldn't find a Game Manager, make sure one exists in the scene.

Couldn't find a Game Manager, make sure one exists in the scene.

Couldn't find a Game Manager, make sure one exists in the scene.

Couldn't find a Game Manager, make sure one exists in the scene.

Couldn't find a Game Manager, make sure one exists in the scene.

Couldn't find a Game Manager, make sure one exists in the scene.

Couldn't find a Game Manager, make sure one exists in the scene.

Couldn't find a Game Manager, make sure one exists in the scene.

Couldn't find a Game Manager, make sure one exists in the scene.

Couldn't find a Game Manager, make sure one exists in the scene.

Couldn't find a Game Manager, make sure one exists in the scene.

Couldn't find a Game Manager, make sure one exists in the scene.

Couldn't find a Game Manager, make sure one exists in the scene.

Couldn't find a Game Manager, make sure one exists in the scene.

Couldn't find a Game Manager, make sure one exists in the scene.

Couldn't find a Game Manager, make sure one exists in the scene.

Couldn't find a Game Manager, make sure one exists in the scene.

Couldn't find a Game Manager, make sure one exists in the scene.

Couldn't find a Game Manager, make sure one exists in the scene.

Couldn't find a Game Manager, make sure one exists in the scene.

Couldn't find a Game Manager, make sure one exists in the scene.

Couldn't find a Game Manager, make sure one exists in the scene.

Couldn't find a Game Manager, make sure one exists in the scene.

Couldn't find a Game Manager, make sure one exists in the scene.

Couldn't find a Game Manager, make sure one exists in the scene.

Couldn't find a Game Manager, make sure one exists in the scene.

Couldn't find a Game Manager, make sure one exists in the scene.

Couldn't find a Game Manager, make sure one exists in the scene.

Couldn't find a Game Manager, make sure one exists in the scene.

Couldn't find a Game Manager, make sure one exists in the scene.

Couldn't find a Game Manager, make sure one exists in the scene.

Couldn't find a Game Manager, make sure one exists in the scene.

Couldn't find a Game Manager, make sure one exists in the scene.

Couldn't find a Game Manager, make sure one exists in the scene.

Couldn't find a Game Manager, make sure one exists in the scene.

Couldn't find a Game Manager, make sure one exists in the scene.

Couldn't find a Game Manager, make sure one exists in the scene.

Couldn't find a Game Manager, make sure one exists in the scene.

Couldn't find a Game Manager, make sure one exists in the scene.

Couldn't find a Game Manager, make sure one exists in the scene.

Couldn't find a Game Manager, make sure one exists in the scene.

Couldn't find a Game Manager, make sure one exists in the scene.

Couldn't find a Game Manager, make sure one exists in the scene.

Couldn't find a Game Manager, make sure one exists in the scene.

Couldn't find a Game Manager, make sure one exists in the scene.

Couldn't find a Game Manager, make sure one exists in the scene.

Couldn't find a Game Manager, make sure one exists in the scene.

Couldn't find a Game Manager, make sure one exists in the scene.

Couldn't find a Game Manager, make sure one exists in the scene.

Couldn't find a Game Manager, make sure one exists in the scene.

Couldn't find a Game Manager, make sure one exists in the scene.

Couldn't find a Game Manager, make sure one exists in the scene.

Couldn't find a Game Manager, make sure one exists in the scene.

Couldn't find a Game Manager, make sure one exists in the scene.

Couldn't find a Game Manager, make sure one exists in the scene.

Couldn't find a Game Manager, make sure one exists in the scene.

Couldn't find a Game Manager, make sure one exists in the scene.

Couldn't find a Game Manager, make sure one exists in the scene.

Couldn't find a Game Manager, make sure one exists in the scene.

Couldn't find a Game Manager, make sure one exists in the scene.

Couldn't find a Game Manager, make sure one exists in the scene.

Couldn't find a Game Manager, make sure one exists in the scene.

Couldn't find a Game Manager, make sure one exists in the scene.

Couldn't find a Game Manager, make sure one exists in the scene.

Couldn't find a Game Manager, make sure one exists in the scene.

Couldn't find a Game Manager, make sure one exists in the scene.

Couldn't find a Game Manager, make sure one exists in the scene.

Couldn't find a Game Manager, make sure one exists in the scene.

Couldn't find a Game Manager, make sure one exists in the scene.

Couldn't find a Game Manager, make sure one exists in the scene.

Couldn't find a Game Manager, make sure one exists in the scene.

Couldn't find a Game Manager, make sure one exists in the scene.

Couldn't find a Game Manager, make sure one exists in the scene.

Couldn't find a Game Manager, make sure one exists in the scene.

Couldn't find a Game Manager, make sure one exists in the scene.

Couldn't find a Game Manager, make sure one exists in the scene.

Couldn't find a Game Manager, make sure one exists in the scene.

Couldn't find a Game Manager, make sure one exists in the scene.

Couldn't find a Game Manager, make sure one exists in the scene.

Couldn't find a Game Manager, make sure one exists in the scene.

Couldn't find a Game Manager, make sure one exists in the scene.

Couldn't find a Game Manager, make sure one exists in the scene.

Couldn't find a Game Manager, make sure one exists in the scene.

Couldn't find a Game Manager, make sure one exists in the scene.

Couldn't find a Game Manager, make sure one exists in the scene.

Couldn't find a Game Manager, make sure one exists in the scene.

Couldn't find a Game Manager, make sure one exists in the scene.

Couldn't find a Game Manager, make sure one exists in the scene.

Couldn't find a Game Manager, make sure one exists in the scene.

Couldn't find a Game Manager, make sure one exists in the scene.

Couldn't find a Game Manager, make sure one exists in the scene.

Couldn't find a Game Manager, make sure one exists in the scene.

Couldn't find a Game Manager, make sure one exists in the scene.

Couldn't find a Game Manager, make sure one exists in the scene.

Couldn't find a Game Manager, make sure one exists in the scene.

Couldn't find a Game Manager, make sure one exists in the scene.

Couldn't find a Game Manager, make sure one exists in the scene.

Couldn't find a Game Manager, make sure one exists in the scene.

Couldn't find a Game Manager, make sure one exists in the scene.

Couldn't find a Game Manager, make sure one exists in the scene.

Couldn't find a Game Manager, make sure one exists in the scene.

Couldn't find a Game Manager, make sure one exists in the scene.

Couldn't find a Game Manager, make sure one exists in the scene.

Couldn't find a Game Manager, make sure one exists in the scene.

Couldn't find a Game Manager, make sure one exists in the scene.

Couldn't find a Game Manager, make sure one exists in the scene.

Couldn't find a Game Manager, make sure one exists in the scene.

Couldn't find a Game Manager, make sure one exists in the scene.

Couldn't find a Game Manager, make sure one exists in the scene.

Couldn't find a Game Manager, make sure one exists in the scene.

Couldn't find a Game Manager, make sure one exists in the scene.

Couldn't find a Game Manager, make sure one exists in the scene.

Couldn't find a Game Manager, make sure one exists in the scene.

Couldn't find a Game Manager, make sure one exists in the scene.

Couldn't find a Game Manager, make sure one exists in the scene.

Couldn't find a Game Manager, make sure one exists in the scene.

Couldn't find a Game Manager, make sure one exists in the scene.

Couldn't find a Game Manager, make sure one exists in the scene.

Couldn't find a Game Manager, make sure one exists in the scene.

Couldn't find a Game Manager, make sure one exists in the scene.

Couldn't find a Game Manager, make sure one exists in the scene.

Couldn't find a Game Manager, make sure one exists in the scene.

Couldn't find a Game Manager, make sure one exists in the scene.

Couldn't find a Game Manager, make sure one exists in the scene.

Couldn't find a Game Manager, make sure one exists in the scene.

Couldn't find a Game Manager, make sure one exists in the scene.

Couldn't find a Game Manager, make sure one exists in the scene.

Couldn't find a Game Manager, make sure one exists in the scene.

Couldn't find a Game Manager, make sure one exists in the scene.

Couldn't find a Game Manager, make sure one exists in the scene.

Couldn't find a Game Manager, make sure one exists in the scene.

Couldn't find a Game Manager, make sure one exists in the scene.

Couldn't find a Game Manager, make sure one exists in the scene.

Couldn't find a Game Manager, make sure one exists in the scene.

Couldn't find a Game Manager, make sure one exists in the scene.

Couldn't find a Game Manager, make sure one exists in the scene.

Couldn't find a Game Manager, make sure one exists in the scene.

Couldn't find a Game Manager, make sure one exists in the scene.

Couldn't find a Game Manager, make sure one exists in the scene.

Couldn't find a Game Manager, make sure one exists in the scene.

Couldn't find a Game Manager, make sure one exists in the scene.

Couldn't find a Game Manager, make sure one exists in the scene.

Couldn't find a Game Manager, make sure one exists in the scene.

Couldn't find a Game Manager, make sure one exists in the scene.

Couldn't find a Game Manager, make sure one exists in the scene.

Couldn't find a Game Manager, make sure one exists in the scene.

Couldn't find a Game Manager, make sure one exists in the scene.

Couldn't find a Game Manager, make sure one exists in the scene.

Couldn't find a Game Manager, make sure one exists in the scene.

Couldn't find a Game Manager, make sure one exists in the scene.

Couldn't find a Game Manager, make sure one exists in the scene.

Couldn't find a Game Manager, make sure one exists in the scene.

Couldn't find a Game Manager, make sure one exists in the scene.

Couldn't find a Game Manager, make sure one exists in the scene.

Couldn't find a Game Manager, make sure one exists in the scene.

Couldn't find a Game Manager, make sure one exists in the scene.

Couldn't find a Game Manager, make sure one exists in the scene.

Couldn't find a Game Manager, make sure one exists in the scene.

Couldn't find a Game Manager, make sure one exists in the scene.

Couldn't find a Game Manager, make sure one exists in the scene.

Couldn't find a Game Manager, make sure one exists in the scene.

Couldn't find a Game Manager, make sure one exists in the scene.

Couldn't find a Game Manager, make sure one exists in the scene.

Couldn't find a Game Manager, make sure one exists in the scene.

Couldn't find a Game Manager, make sure one exists in the scene.

Couldn't find a Game Manager, make sure one exists in the scene.

Couldn't find a Game Manager, make sure one exists in the scene.

Couldn't find a Game Manager, make sure one exists in the scene.

Couldn't find a Game Manager, make sure one exists in the scene.

Couldn't find a Game Manager, make sure one exists in the scene.

Couldn't find a Game Manager, make sure one exists in the scene.

Couldn't find a Game Manager, make sure one exists in the scene.

Couldn't find a Game Manager, make sure one exists in the scene.

Couldn't find a Game Manager, make sure one exists in the scene.

Couldn't find a Game Manager, make sure one exists in the scene.

Couldn't find a Game Manager, make sure one exists in the scene.

Couldn't find a Game Manager, make sure one exists in the scene.

Couldn't find a Game Manager, make sure one exists in the scene.

Couldn't find a Game Manager, make sure one exists in the scene.

Couldn't find a Game Manager, make sure one exists in the scene.

Couldn't find a Game Manager, make sure one exists in the scene.

Couldn't find a Game Manager, make sure one exists in the scene.

Couldn't find a Game Manager, make sure one exists in the scene.

Couldn't find a Game Manager, make sure one exists in the scene.

Couldn't find a Game Manager, make sure one exists in the scene.

Couldn't find a Game Manager, make sure one exists in the scene.

Couldn't find a Game Manager, make sure one exists in the scene.

Couldn't find a Game Manager, make sure one exists in the scene.

Couldn't find a Game Manager, make sure one exists in the scene.

Couldn't find a Game Manager, make sure one exists in the scene.

Couldn't find a Game Manager, make sure one exists in the scene.

Couldn't find a Game Manager, make sure one exists in the scene.

Couldn't find a Game Manager, make sure one exists in the scene.

Couldn't find a Game Manager, make sure one exists in the scene.

Couldn't find a Game Manager, make sure one exists in the scene.

Couldn't find a Game Manager, make sure one exists in the scene.

Couldn't find a Game Manager, make sure one exists in the scene.

Couldn't find a Game Manager, make sure one exists in the scene.

Couldn't find a Game Manager, make sure one exists in the scene.

Couldn't find a Game Manager, make sure one exists in the scene.

Couldn't find a Game Manager, make sure one exists in the scene.

Couldn't find a Game Manager, make sure one exists in the scene.

Couldn't find a Game Manager, make sure one exists in the scene.

Couldn't find a Game Manager, make sure one exists in the scene.

Couldn't find a Game Manager, make sure one exists in the scene.

Couldn't find a Game Manager, make sure one exists in the scene.

Couldn't find a Game Manager, make sure one exists in the scene.

Couldn't find a Game Manager, make sure one exists in the scene.

Couldn't find a Game Manager, make sure one exists in the scene.

Couldn't find a Game Manager, make sure one exists in the scene.

Couldn't find a Game Manager, make sure one exists in the scene.

Couldn't find a Game Manager, make sure one exists in the scene.

Couldn't find a Game Manager, make sure one exists in the scene.

Unloading 5 Unused Serialized files (Serialized files now loaded: 0)
Couldn't find a Game Manager, make sure one exists in the scene.

Couldn't find a Game Manager, make sure one exists in the scene.

UnloadTime: 0.221100 ms
Parent of RectTransform is being set with parent property. Consider using the SetParent method instead, with the worldPositionStays argument set to false. This will retain local orientation and scale rather than world orientation and scale, which can prevent common UI scaling issues.

Parent of RectTransform is being set with parent property. Consider using the SetParent method instead, with the worldPositionStays argument set to false. This will retain local orientation and scale rather than world orientation and scale, which can prevent common UI scaling issues.

Parent of RectTransform is being set with parent property. Consider using the SetParent method instead, with the worldPositionStays argument set to false. This will retain local orientation and scale rather than world orientation and scale, which can prevent common UI scaling issues.

Parent of RectTransform is being set with parent property. Consider using the SetParent method instead, with the worldPositionStays argument set to false. This will retain local orientation and scale rather than world orientation and scale, which can prevent common UI scaling issues.

Parent of RectTransform is being set with parent property. Consider using the SetParent method instead, with the worldPositionStays argument set to false. This will retain local orientation and scale rather than world orientation and scale, which can prevent common UI scaling issues.

DontDestroyOnLoad only works for root GameObjects or components on root GameObjects.

DontDestroyOnLoad only works for root GameObjects or components on root GameObjects.

DontDestroyOnLoad only works for root GameObjects or components on root GameObjects.

Coroutine couldn't be started because the the game object 'OptionsMenuScreen' is inactive!

DontDestroyOnLoad only works for root GameObjects or components on root GameObjects.

Couldn't find a Hero, make sure one exists in the scene.

Performing automatic level start.

Game controller set to None.

Couldn't find a Hero, make sure one exists in the scene.

Couldn't find a Hero, make sure one exists in the scene.

Couldn't find a Hero, make sure one exists in the scene.

Couldn't find a Hero, make sure one exists in the scene.

Couldn't find a Hero, make sure one exists in the scene.

Couldn't find a Hero, make sure one exists in the scene.

Couldn't find a Hero, make sure one exists in the scene.

Couldn't find a Hero, make sure one exists in the scene.

Couldn't find a Hero, make sure one exists in the scene.

Couldn't find a Hero, make sure one exists in the scene.

Couldn't find a Hero, make sure one exists in the scene.

Couldn't find a Hero, make sure one exists in the scene.

Couldn't find a Hero, make sure one exists in the scene.

Couldn't find a Hero, make sure one exists in the scene.

Couldn't find a Hero, make sure one exists in the scene.

Couldn't find a Hero, make sure one exists in the scene.

Couldn't find a Hero, make sure one exists in the scene.

Couldn't find a Hero, make sure one exists in the scene.

Couldn't find a Hero, make sure one exists in the scene.

Couldn't find a Hero, make sure one exists in the scene.

Couldn't find a Hero, make sure one exists in the scene.

Couldn't find a Hero, make sure one exists in the scene.

Couldn't find a Hero, make sure one exists in the scene.

Couldn't find a Hero, make sure one exists in the scene.

Couldn't find a Hero, make sure one exists in the scene.

Couldn't find a Hero, make sure one exists in the scene.

Couldn't find a Hero, make sure one exists in the scene.

Couldn't find a Hero, make sure one exists in the scene.

Couldn't find a Hero, make sure one exists in the scene.

Couldn't find a Hero, make sure one exists in the scene.

Couldn't find a Hero, make sure one exists in the scene.

Couldn't find a Hero, make sure one exists in the scene.

Couldn't find a Hero, make sure one exists in the scene.

Couldn't find a Hero, make sure one exists in the scene.

Couldn't find a Hero, make sure one exists in the scene.

Couldn't find a Hero, make sure one exists in the scene.

Couldn't find a Hero, make sure one exists in the scene.

Couldn't find a Hero, make sure one exists in the scene.

Couldn't find a Hero, make sure one exists in the scene.

Couldn't find a Hero, make sure one exists in the scene.

Couldn't find a Hero, make sure one exists in the scene.

Couldn't find a Hero, make sure one exists in the scene.

Couldn't find a Hero, make sure one exists in the scene.

Couldn't find a Hero, make sure one exists in the scene.

Couldn't find a Hero, make sure one exists in the scene.

Couldn't find a Hero, make sure one exists in the scene.

Couldn't find a Hero, make sure one exists in the scene.

Couldn't find a Hero, make sure one exists in the scene.

Couldn't find a Hero, make sure one exists in the scene.

Couldn't find a Hero, make sure one exists in the scene.

Couldn't find a Hero, make sure one exists in the scene.

Couldn't find a Hero, make sure one exists in the scene.

Couldn't find a Hero, make sure one exists in the scene.

Couldn't find a Hero, make sure one exists in the scene.

Couldn't find a Hero, make sure one exists in the scene.

Couldn't find a Hero, make sure one exists in the scene.


Unloading 821 unused Assets to reduce memory usage. Loaded Objects now: 60491.
Total: 178.099800 ms (FindLiveObjects: 2.097900 ms CreateObjectMapping: 0.893700 ms MarkObjects: 173.357900 ms  DeleteObjects: 1.749900 ms)

Couldn't find a Hero, make sure one exists in the scene.

Couldn't find a Hero, make sure one exists in the scene.

Couldn't find a Hero, make sure one exists in the scene.

Couldn't find a Hero, make sure one exists in the scene.

Couldn't find a Hero, make sure one exists in the scene.

Couldn't find a Hero, make sure one exists in the scene.

Couldn't find a Hero, make sure one exists in the scene.

Couldn't find a Hero, make sure one exists in the scene.

Couldn't find a Hero, make sure one exists in the scene.

Couldn't find a Hero, make sure one exists in the scene.

Couldn't find a Hero, make sure one exists in the scene.

Couldn't find a Hero, make sure one exists in the scene.

Couldn't find a Hero, make sure one exists in the scene.

Couldn't find a Hero, make sure one exists in the scene.

Couldn't find a Hero, make sure one exists in the scene.

Couldn't find a Hero, make sure one exists in the scene.

Couldn't find a Hero, make sure one exists in the scene.

Couldn't find a Hero, make sure one exists in the scene.

Couldn't find a Hero, make sure one exists in the scene.

Couldn't find a Hero, make sure one exists in the scene.

Couldn't find a Hero, make sure one exists in the scene.

Couldn't find a Hero, make sure one exists in the scene.

Couldn't find a Hero, make sure one exists in the scene.

Couldn't find a Hero, make sure one exists in the scene.

Couldn't find a Hero, make sure one exists in the scene.

Couldn't find a Hero, make sure one exists in the scene.

Couldn't find a Hero, make sure one exists in the scene.

Couldn't find a Hero, make sure one exists in the scene.

Couldn't find a Hero, make sure one exists in the scene.

Couldn't find a Hero, make sure one exists in the scene.

Couldn't find a Hero, make sure one exists in the scene.

Couldn't find a Hero, make sure one exists in the scene.

Couldn't find a Hero, make sure one exists in the scene.

Couldn't find a Hero, make sure one exists in the scene.

Couldn't find a Hero, make sure one exists in the scene.

Couldn't find a Hero, make sure one exists in the scene.

Couldn't find a Hero, make sure one exists in the scene.

Couldn't find a Hero, make sure one exists in the scene.

Couldn't find a Hero, make sure one exists in the scene.

Couldn't find a Hero, make sure one exists in the scene.

Couldn't find a Hero, make sure one exists in the scene.

Couldn't find a Hero, make sure one exists in the scene.

Couldn't find a Hero, make sure one exists in the scene.

Couldn't find a Hero, make sure one exists in the scene.

Couldn't find a Hero, make sure one exists in the scene.

Couldn't find a Hero, make sure one exists in the scene.

Couldn't find a Hero, make sure one exists in the scene.

Couldn't find a Hero, make sure one exists in the scene.

Couldn't find a Hero, make sure one exists in the scene.

Couldn't find a Hero, make sure one exists in the scene.

Couldn't find a Hero, make sure one exists in the scene.

Couldn't find a Hero, make sure one exists in the scene.

Couldn't find a Hero, make sure one exists in the scene.

Couldn't find a Hero, make sure one exists in the scene.

Couldn't find a Hero, make sure one exists in the scene.

Couldn't find a Hero, make sure one exists in the scene.

Couldn't find a Hero, make sure one exists in the scene.

Couldn't find a Hero, make sure one exists in the scene.

Couldn't find a Hero, make sure one exists in the scene.

Couldn't find a Hero, make sure one exists in the scene.

Couldn't find a Hero, make sure one exists in the scene.

Couldn't find a Hero, make sure one exists in the scene.

Couldn't find a Hero, make sure one exists in the scene.

Couldn't find a Hero, make sure one exists in the scene.

Couldn't find a Hero, make sure one exists in the scene.

Couldn't find a Hero, make sure one exists in the scene.

Couldn't find a Hero, make sure one exists in the scene.

Couldn't find a Hero, make sure one exists in the scene.

Couldn't find a Hero, make sure one exists in the scene.

Couldn't find a Hero, make sure one exists in the scene.

Couldn't find a Hero, make sure one exists in the scene.

Couldn't find a Hero, make sure one exists in the scene.

Couldn't find a Hero, make sure one exists in the scene.

Couldn't find a Hero, make sure one exists in the scene.

Couldn't find a Hero, make sure one exists in the scene.

Couldn't find a Hero, make sure one exists in the scene.

Couldn't find a Hero, make sure one exists in the scene.

Couldn't find a Hero, make sure one exists in the scene.

Couldn't find a Hero, make sure one exists in the scene.

Couldn't find a Hero, make sure one exists in the scene.

Couldn't find a Hero, make sure one exists in the scene.

Couldn't find a Hero, make sure one exists in the scene.

Couldn't find a Hero, make sure one exists in the scene.

Couldn't find a Hero, make sure one exists in the scene.

Couldn't find a Hero, make sure one exists in the scene.

Couldn't find a Hero, make sure one exists in the scene.

Couldn't find a Hero, make sure one exists in the scene.

Couldn't find a Hero, make sure one exists in the scene.

Couldn't find a Hero, make sure one exists in the scene.

Couldn't find a Hero, make sure one exists in the scene.

Couldn't find a Hero, make sure one exists in the scene.

Couldn't find a Hero, make sure one exists in the scene.

Couldn't find a Hero, make sure one exists in the scene.

Couldn't find a Hero, make sure one exists in the scene.

Couldn't find a Hero, make sure one exists in the scene.

Couldn't find a Hero, make sure one exists in the scene.

Couldn't find a Hero, make sure one exists in the scene.

Couldn't find a Hero, make sure one exists in the scene.

Couldn't find a Hero, make sure one exists in the scene.

Couldn't find a Hero, make sure one exists in the scene.

Couldn't find a Hero, make sure one exists in the scene.

Couldn't find a Hero, make sure one exists in the scene.

Couldn't find a Hero, make sure one exists in the scene.

Couldn't find a Hero, make sure one exists in the scene.

Couldn't find a Hero, make sure one exists in the scene.

Couldn't find a Hero, make sure one exists in the scene.

Couldn't find a Hero, make sure one exists in the scene.

Couldn't find a Hero, make sure one exists in the scene.

Couldn't find a Hero, make sure one exists in the scene.

Couldn't find a Hero, make sure one exists in the scene.

Couldn't find a Hero, make sure one exists in the scene.

Couldn't find a Hero, make sure one exists in the scene.

Couldn't find a Hero, make sure one exists in the scene.

Couldn't find a Hero, make sure one exists in the scene.

Couldn't find a Hero, make sure one exists in the scene.

Couldn't find a Hero, make sure one exists in the scene.

Couldn't find a Hero, make sure one exists in the scene.

Couldn't find a Hero, make sure one exists in the scene.

Couldn't find a Hero, make sure one exists in the scene.

Couldn't find a Hero, make sure one exists in the scene.

Couldn't find a Hero, make sure one exists in the scene.

Couldn't find a Hero, make sure one exists in the scene.

Couldn't find a Hero, make sure one exists in the scene.

Couldn't find a Hero, make sure one exists in the scene.

Couldn't find a Hero, make sure one exists in the scene.

Couldn't find a Hero, make sure one exists in the scene.

Couldn't find a Hero, make sure one exists in the scene.

Couldn't find a Hero, make sure one exists in the scene.

Couldn't find a Hero, make sure one exists in the scene.

Couldn't find a Hero, make sure one exists in the scene.

Couldn't find a Hero, make sure one exists in the scene.

Couldn't find a Hero, make sure one exists in the scene.

Couldn't find a Hero, make sure one exists in the scene.

Couldn't find a Hero, make sure one exists in the scene.

Couldn't find a Hero, make sure one exists in the scene.

Couldn't find a Hero, make sure one exists in the scene.

Couldn't find a Hero, make sure one exists in the scene.

Couldn't find a Hero, make sure one exists in the scene.

Couldn't find a Hero, make sure one exists in the scene.

Couldn't find a Hero, make sure one exists in the scene.

Couldn't find a Hero, make sure one exists in the scene.

Couldn't find a Hero, make sure one exists in the scene.

Couldn't find a Hero, make sure one exists in the scene.

Couldn't find a Hero, make sure one exists in the scene.

Couldn't find a Hero, make sure one exists in the scene.

Couldn't find a Hero, make sure one exists in the scene.

Couldn't find a Hero, make sure one exists in the scene.

Couldn't find a Hero, make sure one exists in the scene.

Couldn't find a Hero, make sure one exists in the scene.

Couldn't find a Hero, make sure one exists in the scene.

Couldn't find a Hero, make sure one exists in the scene.

Couldn't find a Hero, make sure one exists in the scene.

Couldn't find a Hero, make sure one exists in the scene.

Couldn't find a Hero, make sure one exists in the scene.

Couldn't find a Hero, make sure one exists in the scene.

Couldn't find a Hero, make sure one exists in the scene.

Couldn't find a Hero, make sure one exists in the scene.

Couldn't find a Hero, make sure one exists in the scene.

Couldn't find a Hero, make sure one exists in the scene.

Couldn't find a Hero, make sure one exists in the scene.

Couldn't find a Hero, make sure one exists in the scene.

Couldn't find a Hero, make sure one exists in the scene.

Couldn't find a Hero, make sure one exists in the scene.

Couldn't find a Hero, make sure one exists in the scene.

Couldn't find a Hero, make sure one exists in the scene.

Couldn't find a Hero, make sure one exists in the scene.

Couldn't find a Hero, make sure one exists in the scene.

Couldn't find a Hero, make sure one exists in the scene.

Couldn't find a Hero, make sure one exists in the scene.

Couldn't find a Hero, make sure one exists in the scene.

Couldn't find a Hero, make sure one exists in the scene.

Couldn't find a Hero, make sure one exists in the scene.

Couldn't find a Hero, make sure one exists in the scene.

Couldn't find a Hero, make sure one exists in the scene.

Couldn't find a Hero, make sure one exists in the scene.

Couldn't find a Hero, make sure one exists in the scene.

Couldn't find a Hero, make sure one exists in the scene.

Couldn't find a Hero, make sure one exists in the scene.

Couldn't find a Hero, make sure one exists in the scene.

Couldn't find a Hero, make sure one exists in the scene.

Couldn't find a Hero, make sure one exists in the scene.

Couldn't find a Hero, make sure one exists in the scene.

Couldn't find a Hero, make sure one exists in the scene.

Couldn't find a Hero, make sure one exists in the scene.

Couldn't find a Hero, make sure one exists in the scene.

Couldn't find a Hero, make sure one exists in the scene.

Couldn't find a Hero, make sure one exists in the scene.

Couldn't find a Hero, make sure one exists in the scene.

Couldn't find a Hero, make sure one exists in the scene.

Couldn't find a Hero, make sure one exists in the scene.

Couldn't find a Hero, make sure one exists in the scene.

Couldn't find a Hero, make sure one exists in the scene.

Making UI menu lean.

NullReferenceException
  at (wrapper managed-to-native) UnityEngine.MonoBehaviour.IsObjectMonoBehaviour(UnityEngine.Object)
  at UnityEngine.MonoBehaviour.StartCoroutine (System.Collections.IEnumerator routine) [0x00014] in <047294ce45cf4b9a9441e48d2b8435e4>:0 
  at (wrapper dynamic-method) UnityEngine.UI.SaveSlotButton+<AnimateToSlotState>d__68.DMD<UnityEngine.UI.SaveSlotButton+<AnimateToSlotState>d__68::MoveNext>(UnityEngine.UI.SaveSlotButton/<AnimateToSlotState>d__68)
  at UnityEngine.SetupCoroutine.InvokeMoveNext (System.Collections.IEnumerator enumerator, System.IntPtr returnValueAddress) [0x00026] in <047294ce45cf4b9a9441e48d2b8435e4>:0 

NullReferenceException
  at (wrapper managed-to-native) UnityEngine.Animator.ResetTriggerString(UnityEngine.Animator,string)
  at UnityEngine.Animator.ResetTrigger (System.String name) [0x00001] in <d9588575c4ff4e818531b9dd12300bcd>:0 
  at (wrapper dynamic-method) UnityEngine.UI.SaveSlotButton+<AnimateToSlotState>d__68.DMD<UnityEngine.UI.SaveSlotButton+<AnimateToSlotState>d__68::MoveNext>(UnityEngine.UI.SaveSlotButton/<AnimateToSlotState>d__68)
  at UnityEngine.SetupCoroutine.InvokeMoveNext (System.Collections.IEnumerator enumerator, System.IntPtr returnValueAddress) [0x00026] in <047294ce45cf4b9a9441e48d2b8435e4>:0 
UnityEngine.MonoBehaviour:StartCoroutineManaged2(IEnumerator)
UnityEngine.MonoBehaviour:StartCoroutine(IEnumerator)
CoroutineQueue:Enqueue(IEnumerator)
UnityEngine.UI.SaveSlotButton:HideSaveSlot()
<HideSaveProfileMenu>d__216:DMD<UIManager+<HideSaveProfileMenu>d__216::MoveNext>(<HideSaveProfileMenu>d__216)
UnityEngine.SetupCoroutine:InvokeMoveNext(IEnumerator, IntPtr)

NullReferenceException
  at (wrapper managed-to-native) UnityEngine.Animator.ResetTriggerString(UnityEngine.Animator,string)
  at UnityEngine.Animator.ResetTrigger (System.String name) [0x00001] in <d9588575c4ff4e818531b9dd12300bcd>:0 
  at (wrapper dynamic-method) UnityEngine.UI.SaveSlotButton+<AnimateToSlotState>d__68.DMD<UnityEngine.UI.SaveSlotButton+<AnimateToSlotState>d__68::MoveNext>(UnityEngine.UI.SaveSlotButton/<AnimateToSlotState>d__68)
  at UnityEngine.SetupCoroutine.InvokeMoveNext (System.Collections.IEnumerator enumerator, System.IntPtr returnValueAddress) [0x00026] in <047294ce45cf4b9a9441e48d2b8435e4>:0 
UnityEngine.MonoBehaviour:StartCoroutineManaged2(IEnumerator)
UnityEngine.MonoBehaviour:StartCoroutine(IEnumerator)
CoroutineQueue:Enqueue(IEnumerator)
UnityEngine.UI.SaveSlotButton:HideSaveSlot()
<HideSaveProfileMenu>d__216:DMD<UIManager+<HideSaveProfileMenu>d__216::MoveNext>(<HideSaveProfileMenu>d__216)
UnityEngine.SetupCoroutine:InvokeMoveNext(IEnumerator, IntPtr)

AddEventHandlerComponent: PlayMakerFixedUpdate

AddEventHandlerComponent: PlayMakerFixedUpdate

AddEventHandlerComponent: PlayMakerFixedUpdate

AddEventHandlerComponent: PlayMakerFixedUpdate

AddEventHandlerComponent: PlayMakerFixedUpdate

AddEventHandlerComponent: PlayMakerFixedUpdate

AddEventHandlerComponent: PlayMakerFixedUpdate

AddEventHandlerComponent: PlayMakerFixedUpdate

AddEventHandlerComponent: PlayMakerFixedUpdate

AddEventHandlerComponent: PlayMakerFixedUpdate

AddEventHandlerComponent: PlayMakerCollisionStay2D

AddEventHandlerComponent: PlayMakerFixedUpdate

AddEventHandlerComponent: PlayMakerLateUpdate

AddEventHandlerComponent: PlayMakerFixedUpdate

AddEventHandlerComponent: PlayMakerCollisionStay2D

AddEventHandlerComponent: PlayMakerFixedUpdate

AddEventHandlerComponent: PlayMakerLateUpdate

AddEventHandlerComponent: PlayMakerFixedUpdate

AddEventHandlerComponent: PlayMakerFixedUpdate

AddEventHandlerComponent: PlayMakerCollisionStay2D

AddEventHandlerComponent: PlayMakerFixedUpdate

AddEventHandlerComponent: PlayMakerLateUpdate

AddEventHandlerComponent: PlayMakerFixedUpdate

AddEventHandlerComponent: PlayMakerCollisionStay2D

AddEventHandlerComponent: PlayMakerFixedUpdate

AddEventHandlerComponent: PlayMakerLateUpdate

AddEventHandlerComponent: PlayMakerFixedUpdate

AddEventHandlerComponent: PlayMakerFixedUpdate

AddEventHandlerComponent: PlayMakerCollisionStay2D

AddEventHandlerComponent: PlayMakerFixedUpdate

AddEventHandlerComponent: PlayMakerLateUpdate

AddEventHandlerComponent: PlayMakerFixedUpdate

AddEventHandlerComponent: PlayMakerFixedUpdate

AddEventHandlerComponent: PlayMakerFixedUpdate

AddEventHandlerComponent: PlayMakerFixedUpdate

AddEventHandlerComponent: PlayMakerFixedUpdate

AddEventHandlerComponent: PlayMakerFixedUpdate

AddEventHandlerComponent: PlayMakerFixedUpdate

AddEventHandlerComponent: PlayMakerFixedUpdate

Deferring level start (marked as manual).

Unloading 27 Unused Serialized files (Serialized files now loaded: 0)

Unloading 257 unused Assets to reduce memory usage. Loaded Objects now: 71261.
Total: 192.102900 ms (FindLiveObjects: 3.088600 ms CreateObjectMapping: 1.090600 ms MarkObjects: 187.503600 ms  DeleteObjects: 0.419800 ms)

AddEventHandlerComponent: PlayMakerFixedUpdate

Persistent Bool Item - Couldn't reset value on FSM because it's missing.

Persistent Bool Item - Couldn't reset value on FSM because it's missing.

Persistent Bool Item - Couldn't reset value on FSM because it's missing.

Persistent Bool Item - Couldn't reset value on FSM because it's missing.

Persistent Bool Item - Couldn't reset value on FSM because it's missing.

Persistent Bool Item - Couldn't reset value on FSM because it's missing.

Object Pool attached to GlobalPool has run out of Run Effects prefabs, Instantiating an additional one.

Object Pool attached to GlobalPool has run out of Strike Nail R prefabs, Instantiating an additional one.

Object Pool attached to GlobalPool has run out of Slash Impact R prefabs, Instantiating an additional one.

Object Pool attached to GlobalPool has run out of Run Effects prefabs, Instantiating an additional one.

Object Pool attached to GlobalPool has run out of Run Effects prefabs, Instantiating an additional one.

Persistent Bool Item - Couldn't reset value on FSM because it's missing.

Persistent Bool Item - Couldn't reset value on FSM because it's missing.

Persistent Bool Item - Couldn't reset value on FSM because it's missing.

Object Pool attached to GlobalPool could not find a copy of Plat Grass, Instantiating a new one.

Object Pool attached to GlobalPool has run out of Plat Grass prefabs, Instantiating an additional one.

AddEventHandlerComponent: PlayMakerFixedUpdate

AddEventHandlerComponent: PlayMakerFixedUpdate

Object Pool attached to GlobalPool has run out of Plat Grass prefabs, Instantiating an additional one.

Object Pool attached to GlobalPool has run out of Slash Impact R prefabs, Instantiating an additional one.

Object Pool attached to GlobalPool has run out of Run Effects prefabs, Instantiating an additional one.

Object Pool attached to GlobalPool has run out of Run Effects prefabs, Instantiating an additional one.

AddEventHandlerComponent: PlayMakerFixedUpdate

AddEventHandlerComponent: PlayMakerFixedUpdate

AddEventHandlerComponent: PlayMakerFixedUpdate

AddEventHandlerComponent: PlayMakerFixedUpdate

AddEventHandlerComponent: PlayMakerFixedUpdate

Deferring level start (marked as manual).

AddEventHandlerComponent: PlayMakerCollisionEnter2D

AddEventHandlerComponent: PlayMakerFixedUpdate

AddEventHandlerComponent: PlayMakerFixedUpdate

AddEventHandlerComponent: PlayMakerFixedUpdate

AddEventHandlerComponent: PlayMakerCollisionEnter2D

AddEventHandlerComponent: PlayMakerFixedUpdate

AddEventHandlerComponent: PlayMakerFixedUpdate

AddEventHandlerComponent: PlayMakerFixedUpdate

Could not find FSM: Attack Range Detect

Could not find FSM: Attack Range Detect

AddEventHandlerComponent: PlayMakerFixedUpdate

AddEventHandlerComponent: PlayMakerFixedUpdate

AddEventHandlerComponent: PlayMakerFixedUpdate

AddEventHandlerComponent: PlayMakerFixedUpdate

AddEventHandlerComponent: PlayMakerFixedUpdate

AddEventHandlerComponent: PlayMakerFixedUpdate

AddEventHandlerComponent: PlayMakerFixedUpdate

AddEventHandlerComponent: PlayMakerFixedUpdate

Persistent Bool Item (Vine Platform (2)) does not have a PlayMakerFSM attached to read state from.

Deferring level start (marked as manual).

AddEventHandlerComponent: PlayMakerCollisionEnter2D

AddEventHandlerComponent: PlayMakerFixedUpdate

AddEventHandlerComponent: PlayMakerFixedUpdate

AddEventHandlerComponent: PlayMakerFixedUpdate

AddEventHandlerComponent: PlayMakerCollisionEnter2D

AddEventHandlerComponent: PlayMakerFixedUpdate

AddEventHandlerComponent: PlayMakerFixedUpdate

AddEventHandlerComponent: PlayMakerFixedUpdate

AddEventHandlerComponent: PlayMakerCollisionEnter2D

AddEventHandlerComponent: PlayMakerFixedUpdate

AddEventHandlerComponent: PlayMakerFixedUpdate

AddEventHandlerComponent: PlayMakerFixedUpdate

Could not find FSM: Attack Range Detect

Could not find FSM: Attack Range Detect

Could not find FSM: Attack Range Detect

Could not find FSM: Attack Range Detect

Could not find FSM: Attack Range Detect

Could not find FSM: Attack Range Detect

AddEventHandlerComponent: PlayMakerFixedUpdate

AddEventHandlerComponent: PlayMakerFixedUpdate

AddEventHandlerComponent: PlayMakerFixedUpdate

AddEventHandlerComponent: PlayMakerFixedUpdate

AddEventHandlerComponent: PlayMakerFixedUpdate

Deferring level start (marked as manual).

AddEventHandlerComponent: PlayMakerCollisionEnter2D

AddEventHandlerComponent: PlayMakerFixedUpdate

AddEventHandlerComponent: PlayMakerFixedUpdate

AddEventHandlerComponent: PlayMakerFixedUpdate

AddEventHandlerComponent: PlayMakerCollisionEnter2D

AddEventHandlerComponent: PlayMakerFixedUpdate

AddEventHandlerComponent: PlayMakerFixedUpdate

AddEventHandlerComponent: PlayMakerFixedUpdate

Could not find FSM: Attack Range Detect

Could not find FSM: Attack Range Detect

Bump Height: 1.192093E-07

Could not find FSM: Attack Range Detect

Bump Height: 1.192093E-07

PlayOneShot was called with a null AudioClip.

PlayOneShot was called with a null AudioClip.

AddEventHandlerComponent: PlayMakerFixedUpdate

AddEventHandlerComponent: PlayMakerCollisionStay2D

AddEventHandlerComponent: PlayMakerFixedUpdate

AddEventHandlerComponent: PlayMakerLateUpdate

AddEventHandlerComponent: PlayMakerFixedUpdate

AddEventHandlerComponent: PlayMakerCollisionStay2D

AddEventHandlerComponent: PlayMakerFixedUpdate

AddEventHandlerComponent: PlayMakerLateUpdate

AddEventHandlerComponent: PlayMakerFixedUpdate

AddEventHandlerComponent: PlayMakerFixedUpdate

AddEventHandlerComponent: PlayMakerCollisionStay2D

AddEventHandlerComponent: PlayMakerFixedUpdate

AddEventHandlerComponent: PlayMakerLateUpdate

AddEventHandlerComponent: PlayMakerFixedUpdate

AddEventHandlerComponent: PlayMakerCollisionStay2D

AddEventHandlerComponent: PlayMakerFixedUpdate

AddEventHandlerComponent: PlayMakerLateUpdate

AddEventHandlerComponent: PlayMakerFixedUpdate

AddEventHandlerComponent: PlayMakerFixedUpdate

AddEventHandlerComponent: PlayMakerCollisionStay2D

AddEventHandlerComponent: PlayMakerFixedUpdate

AddEventHandlerComponent: PlayMakerLateUpdate

AddEventHandlerComponent: PlayMakerFixedUpdate

AddEventHandlerComponent: PlayMakerFixedUpdate

AddEventHandlerComponent: PlayMakerFixedUpdate

AddEventHandlerComponent: PlayMakerFixedUpdate

AddEventHandlerComponent: PlayMakerFixedUpdate

AddEventHandlerComponent: PlayMakerFixedUpdate

AddEventHandlerComponent: PlayMakerFixedUpdate

AddEventHandlerComponent: PlayMakerFixedUpdate

Deferring level start (marked as manual).

AddEventHandlerComponent: PlayMakerFixedUpdate

AddEventHandlerComponent: PlayMakerFixedUpdate

AddEventHandlerComponent: PlayMakerFixedUpdate

AddEventHandlerComponent: PlayMakerFixedUpdate

AddEventHandlerComponent: PlayMakerFixedUpdate

Deferring level start (marked as manual).

AddEventHandlerComponent: PlayMakerCollisionEnter2D

AddEventHandlerComponent: PlayMakerFixedUpdate

AddEventHandlerComponent: PlayMakerFixedUpdate

AddEventHandlerComponent: PlayMakerFixedUpdate

AddEventHandlerComponent: PlayMakerCollisionEnter2D

AddEventHandlerComponent: PlayMakerFixedUpdate

AddEventHandlerComponent: PlayMakerFixedUpdate

AddEventHandlerComponent: PlayMakerFixedUpdate

Object Pool attached to GlobalPool has run out of Slash Impact R prefabs, Instantiating an additional one.

Object Pool attached to GlobalPool has run out of Slash Impact R prefabs, Instantiating an additional one.

Object Pool attached to GlobalPool has run out of Strike Nail R prefabs, Instantiating an additional one.

Object Pool attached to GlobalPool has run out of Slash Impact R prefabs, Instantiating an additional one.

AddEventHandlerComponent: PlayMakerFixedUpdate

AddEventHandlerComponent: PlayMakerFixedUpdate

AddEventHandlerComponent: PlayMakerFixedUpdate

AddEventHandlerComponent: PlayMakerFixedUpdate

AddEventHandlerComponent: PlayMakerFixedUpdate

AddEventHandlerComponent: PlayMakerFixedUpdate

AddEventHandlerComponent: PlayMakerFixedUpdate

AddEventHandlerComponent: PlayMakerFixedUpdate

AddEventHandlerComponent: PlayMakerFixedUpdate

Object Pool attached to GlobalPool could not find a copy of Screen Flash, Instantiating a new one.

AddEventHandlerComponent: PlayMakerFixedUpdate

AddEventHandlerComponent: PlayMakerCollisionStay2D

AddEventHandlerComponent: PlayMakerFixedUpdate

AddEventHandlerComponent: PlayMakerLateUpdate

AddEventHandlerComponent: PlayMakerFixedUpdate

AddEventHandlerComponent: PlayMakerCollisionStay2D

AddEventHandlerComponent: PlayMakerFixedUpdate

AddEventHandlerComponent: PlayMakerLateUpdate

AddEventHandlerComponent: PlayMakerFixedUpdate

AddEventHandlerComponent: PlayMakerFixedUpdate

AddEventHandlerComponent: PlayMakerCollisionStay2D

AddEventHandlerComponent: PlayMakerFixedUpdate

AddEventHandlerComponent: PlayMakerLateUpdate

AddEventHandlerComponent: PlayMakerFixedUpdate

AddEventHandlerComponent: PlayMakerCollisionStay2D

AddEventHandlerComponent: PlayMakerFixedUpdate

AddEventHandlerComponent: PlayMakerLateUpdate

AddEventHandlerComponent: PlayMakerFixedUpdate

AddEventHandlerComponent: PlayMakerFixedUpdate

AddEventHandlerComponent: PlayMakerCollisionStay2D

AddEventHandlerComponent: PlayMakerFixedUpdate

AddEventHandlerComponent: PlayMakerLateUpdate

AddEventHandlerComponent: PlayMakerFixedUpdate

AddEventHandlerComponent: PlayMakerFixedUpdate

AddEventHandlerComponent: PlayMakerFixedUpdate

AddEventHandlerComponent: PlayMakerFixedUpdate

AddEventHandlerComponent: PlayMakerFixedUpdate

AddEventHandlerComponent: PlayMakerFixedUpdate

AddEventHandlerComponent: PlayMakerFixedUpdate

AddEventHandlerComponent: PlayMakerFixedUpdate

Deferring level start (marked as manual).

AddEventHandlerComponent: PlayMakerFixedUpdate

AddEventHandlerComponent: PlayMakerFixedUpdate

AddEventHandlerComponent: PlayMakerFixedUpdate

AddEventHandlerComponent: PlayMakerFixedUpdate

AddEventHandlerComponent: PlayMakerFixedUpdate

Deferring level start (marked as manual).

AddEventHandlerComponent: PlayMakerCollisionEnter2D

AddEventHandlerComponent: PlayMakerFixedUpdate

AddEventHandlerComponent: PlayMakerFixedUpdate

AddEventHandlerComponent: PlayMakerFixedUpdate

AddEventHandlerComponent: PlayMakerCollisionEnter2D

AddEventHandlerComponent: PlayMakerFixedUpdate

AddEventHandlerComponent: PlayMakerFixedUpdate

AddEventHandlerComponent: PlayMakerFixedUpdate

AddEventHandlerComponent: PlayMakerFixedUpdate

AddEventHandlerComponent: PlayMakerFixedUpdate

AddEventHandlerComponent: PlayMakerFixedUpdate

AddEventHandlerComponent: PlayMakerFixedUpdate

AddEventHandlerComponent: PlayMakerFixedUpdate

AddEventHandlerComponent: PlayMakerFixedUpdate

AddEventHandlerComponent: PlayMakerFixedUpdate

AddEventHandlerComponent: PlayMakerFixedUpdate

AddEventHandlerComponent: PlayMakerFixedUpdate

AddEventHandlerComponent: PlayMakerFixedUpdate

Deferring level start (marked as manual).

AddEventHandlerComponent: PlayMakerFixedUpdate

AddEventHandlerComponent: PlayMakerFixedUpdate

Object Pool attached to GlobalPool has run out of Fireball Top prefabs, Instantiating an additional one.

AddEventHandlerComponent: PlayMakerFixedUpdate

Death broadcast event 'SAVE' not implemented!

Object Pool attached to GlobalPool has run out of Plat Dust prefabs, Instantiating an additional one.

Object Pool attached to GlobalPool has run out of Plat Dust prefabs, Instantiating an additional one.

Object Pool attached to GlobalPool has run out of Plat Stream Dust prefabs, Instantiating an additional one.

Object Pool attached to GlobalPool has run out of Plat Rocks prefabs, Instantiating an additional one.

Object Pool attached to GlobalPool has run out of Plat Dust prefabs, Instantiating an additional one.

Object Pool attached to GlobalPool has run out of Plat Stream Dust prefabs, Instantiating an additional one.

Object Pool attached to GlobalPool has run out of particle_orange blood prefabs, Instantiating an additional one.

Object Pool attached to GlobalPool has run out of particle_orange blood prefabs, Instantiating an additional one.

Object Pool attached to GlobalPool has run out of particle_orange blood prefabs, Instantiating an additional one.

Object Pool attached to GlobalPool has run out of particle_orange blood prefabs, Instantiating an additional one.

Object Pool attached to GlobalPool has run out of particle_orange blood prefabs, Instantiating an additional one.

Object Pool attached to GlobalPool has run out of particle_orange blood prefabs, Instantiating an additional one.

Object Pool attached to GlobalPool has run out of particle_orange blood prefabs, Instantiating an additional one.

Object Pool attached to GlobalPool has run out of Plat Rocks prefabs, Instantiating an additional one.

Object Pool attached to GlobalPool has run out of particle_orange blood prefabs, Instantiating an additional one.

Object Pool attached to GlobalPool has run out of particle_orange blood prefabs, Instantiating an additional one.

Object Pool attached to GlobalPool has run out of particle_orange blood prefabs, Instantiating an additional one.

Object Pool attached to GlobalPool has run out of particle_orange blood prefabs, Instantiating an additional one.

Object Pool attached to GlobalPool has run out of particle_orange blood prefabs, Instantiating an additional one.

Object Pool attached to GlobalPool has run out of particle_orange blood prefabs, Instantiating an additional one.

PlayOneShot was called with a null AudioClip.

AddEventHandlerComponent: PlayMakerFixedUpdate

AddEventHandlerComponent: PlayMakerFixedUpdate

AddEventHandlerComponent: PlayMakerFixedUpdate

AddEventHandlerComponent: PlayMakerFixedUpdate

AddEventHandlerComponent: PlayMakerFixedUpdate

AddEventHandlerComponent: PlayMakerFixedUpdate

AddEventHandlerComponent: PlayMakerFixedUpdate

AddEventHandlerComponent: PlayMakerFixedUpdate

AddEventHandlerComponent: PlayMakerFixedUpdate

Persistent Bool Item (Vine Platform (2)) does not have a PlayMakerFSM attached to read state from.

Deferring level start (marked as manual).

AddEventHandlerComponent: PlayMakerCollisionEnter2D

AddEventHandlerComponent: PlayMakerFixedUpdate

AddEventHandlerComponent: PlayMakerFixedUpdate

AddEventHandlerComponent: PlayMakerFixedUpdate

AddEventHandlerComponent: PlayMakerCollisionEnter2D

AddEventHandlerComponent: PlayMakerFixedUpdate

AddEventHandlerComponent: PlayMakerFixedUpdate

AddEventHandlerComponent: PlayMakerFixedUpdate

AddEventHandlerComponent: PlayMakerCollisionEnter2D

AddEventHandlerComponent: PlayMakerFixedUpdate

AddEventHandlerComponent: PlayMakerFixedUpdate

AddEventHandlerComponent: PlayMakerFixedUpdate

Could not find FSM: Attack Range Detect

Could not find FSM: Attack Range Detect

Could not find FSM: Attack Range Detect

Could not find FSM: Attack Range Detect

Could not find FSM: Attack Range Detect

Could not find FSM: Attack Range Detect

Could not find FSM: health_manager_enemy

Object Pool attached to GlobalPool has run out of Slash Impact R prefabs, Instantiating an additional one.

Object Pool attached to GlobalPool has run out of Slash Impact R prefabs, Instantiating an additional one.

Object Pool attached to GlobalPool has run out of Slash Impact R prefabs, Instantiating an additional one.

Could not find FSM: health_manager_enemy

Could not find FSM: Attack Range Detect

AddEventHandlerComponent: PlayMakerFixedUpdate

AddEventHandlerComponent: PlayMakerFixedUpdate

PlayOneShot was called with a null AudioClip.

PlayOneShot was called with a null AudioClip.

PlayOneShot was called with a null AudioClip.

PlayOneShot was called with a null AudioClip.

PlayOneShot was called with a null AudioClip.

AddEventHandlerComponent: PlayMakerFixedUpdate

AddEventHandlerComponent: PlayMakerFixedUpdate

AddEventHandlerComponent: PlayMakerCollisionEnter2D

AddEventHandlerComponent: PlayMakerFixedUpdate

AddEventHandlerComponent: PlayMakerFixedUpdate

AddEventHandlerComponent: PlayMakerFixedUpdate

AddEventHandlerComponent: PlayMakerFixedUpdate

AddEventHandlerComponent: PlayMakerFixedUpdate

AddEventHandlerComponent: PlayMakerFixedUpdate

AddEventHandlerComponent: PlayMakerFixedUpdate

AddEventHandlerComponent: PlayMakerCollisionEnter2D

AddEventHandlerComponent: PlayMakerFixedUpdate

AddEventHandlerComponent: PlayMakerFixedUpdate

AddEventHandlerComponent: PlayMakerFixedUpdate

Persistent Bool Item (Vine Platform) does not have a PlayMakerFSM attached to read state from.

Persistent Bool Item (Vine Platform (1)) does not have a PlayMakerFSM attached to read state from.

Deferring level start (marked as manual).

Object Pool attached to GlobalPool could not find a copy of Relic Get Msg, Instantiating a new one.

Instantiate!

AddEventHandlerComponent: PlayMakerFixedUpdate

AddEventHandlerComponent: PlayMakerFixedUpdate

AddEventHandlerComponent: PlayMakerFixedUpdate

AddEventHandlerComponent: PlayMakerFixedUpdate

Deferring level start (marked as manual).

PlayOneShot was called with a null AudioClip.

Object Pool attached to GlobalPool has run out of Run Effects prefabs, Instantiating an additional one.

Object Pool attached to GlobalPool has run out of Run Effects prefabs, Instantiating an additional one.

Object Pool attached to GlobalPool has run out of Run Effects prefabs, Instantiating an additional one.

PlayOneShot was called with a null AudioClip.

PlayOneShot was called with a null AudioClip.

Could not find FSM: advance_conversation

PlayOneShot was called with a null AudioClip.

AddEventHandlerComponent: PlayMakerFixedUpdate

AddEventHandlerComponent: PlayMakerFixedUpdate

AddEventHandlerComponent: PlayMakerCollisionEnter2D

AddEventHandlerComponent: PlayMakerFixedUpdate

AddEventHandlerComponent: PlayMakerFixedUpdate

AddEventHandlerComponent: PlayMakerFixedUpdate

AddEventHandlerComponent: PlayMakerFixedUpdate

AddEventHandlerComponent: PlayMakerFixedUpdate

AddEventHandlerComponent: PlayMakerFixedUpdate

AddEventHandlerComponent: PlayMakerFixedUpdate

AddEventHandlerComponent: PlayMakerCollisionEnter2D

AddEventHandlerComponent: PlayMakerFixedUpdate

AddEventHandlerComponent: PlayMakerFixedUpdate

AddEventHandlerComponent: PlayMakerFixedUpdate

Persistent Bool Item (Vine Platform) does not have a PlayMakerFSM attached to read state from.

Persistent Bool Item (Vine Platform (1)) does not have a PlayMakerFSM attached to read state from.

Deferring level start (marked as manual).

AddEventHandlerComponent: PlayMakerFixedUpdate

AddEventHandlerComponent: PlayMakerFixedUpdate

AddEventHandlerComponent: PlayMakerFixedUpdate

AddEventHandlerComponent: PlayMakerFixedUpdate

AddEventHandlerComponent: PlayMakerFixedUpdate

AddEventHandlerComponent: PlayMakerFixedUpdate

AddEventHandlerComponent: PlayMakerFixedUpdate

AddEventHandlerComponent: PlayMakerFixedUpdate

Persistent Bool Item (Vine Platform (2)) does not have a PlayMakerFSM attached to read state from.

Deferring level start (marked as manual).

AddEventHandlerComponent: PlayMakerCollisionEnter2D

AddEventHandlerComponent: PlayMakerFixedUpdate

AddEventHandlerComponent: PlayMakerFixedUpdate

AddEventHandlerComponent: PlayMakerFixedUpdate

AddEventHandlerComponent: PlayMakerCollisionEnter2D

AddEventHandlerComponent: PlayMakerFixedUpdate

AddEventHandlerComponent: PlayMakerFixedUpdate

AddEventHandlerComponent: PlayMakerFixedUpdate

AddEventHandlerComponent: PlayMakerCollisionEnter2D

AddEventHandlerComponent: PlayMakerFixedUpdate

AddEventHandlerComponent: PlayMakerFixedUpdate

AddEventHandlerComponent: PlayMakerFixedUpdate

Could not find FSM: Attack Range Detect

Could not find FSM: Attack Range Detect

Could not find FSM: Attack Range Detect

Could not find FSM: Attack Range Detect

Could not find FSM: health_manager_enemy

AddEventHandlerComponent: PlayMakerFixedUpdate

AddEventHandlerComponent: PlayMakerFixedUpdate

AddEventHandlerComponent: PlayMakerFixedUpdate

AddEventHandlerComponent: PlayMakerFixedUpdate

PlayOneShot was called with a null AudioClip.

PlayOneShot was called with a null AudioClip.

Could not find FSM: Attack Range Detect

AddEventHandlerComponent: PlayMakerFixedUpdate

PlayOneShot was called with a null AudioClip.

PlayOneShot was called with a null AudioClip.

PlayOneShot was called with a null AudioClip.

PlayOneShot was called with a null AudioClip.

PlayOneShot was called with a null AudioClip.

Deferring level start (marked as manual).

AddEventHandlerComponent: PlayMakerFixedUpdate

AddEventHandlerComponent: PlayMakerFixedUpdate

AddEventHandlerComponent: PlayMakerFixedUpdate

AddEventHandlerComponent: PlayMakerFixedUpdate

Additively loaded scene: Fungus1_04_boss in sequence

AddEventHandlerComponent: PlayMakerFixedUpdate

Bump Height: 0.0006980896

Could not find FSM: health_manager_enemy

Object Pool attached to GlobalPool could not find a copy of Uninfected Hit Pt, Instantiating a new one.

Could not find FSM: recoil

Object Pool attached to GlobalPool has run out of Uninfected Hit Pt prefabs, Instantiating an additional one.

Object Pool attached to GlobalPool has run out of Slash Effect Ghost1 prefabs, Instantiating an additional one.

Object Pool attached to GlobalPool has run out of Slash Effect Ghost1 prefabs, Instantiating an additional one.

Object Pool attached to GlobalPool has run out of Slash Effect Ghost1 prefabs, Instantiating an additional one.

Object Pool attached to GlobalPool has run out of Slash Effect Ghost1 prefabs, Instantiating an additional one.

AddEventHandlerComponent: PlayMakerFixedUpdate

AddEventHandlerComponent: PlayMakerFixedUpdate

Object Pool attached to GlobalPool could not find a copy of Audio Player NoDestroy, Instantiating a new one.

PlayOneShot was called with a null AudioClip.

AddEventHandlerComponent: PlayMakerFixedUpdate

Deferring level start (marked as manual).

Deferring level start (marked as manual).

AddEventHandlerComponent: PlayMakerFixedUpdate

AddEventHandlerComponent: PlayMakerFixedUpdate

AddEventHandlerComponent: PlayMakerFixedUpdate

AddEventHandlerComponent: PlayMakerFixedUpdate

AddEventHandlerComponent: PlayMakerFixedUpdate

AddEventHandlerComponent: PlayMakerFixedUpdate

AddEventHandlerComponent: PlayMakerFixedUpdate

AddEventHandlerComponent: PlayMakerFixedUpdate

AddEventHandlerComponent: PlayMakerFixedUpdate

AddEventHandlerComponent: PlayMakerFixedUpdate

AddEventHandlerComponent: PlayMakerFixedUpdate

AddEventHandlerComponent: PlayMakerFixedUpdate

Deferring level start (marked as manual).

AddEventHandlerComponent: PlayMakerFixedUpdate

AddEventHandlerComponent: PlayMakerCollisionEnter2D

AddEventHandlerComponent: PlayMakerFixedUpdate

AddEventHandlerComponent: PlayMakerFixedUpdate

AddEventHandlerComponent: PlayMakerFixedUpdate

Could not find FSM: Attack Range Detect

Could not find FSM: Attack Range Detect

AddEventHandlerComponent: PlayMakerFixedUpdate

AddEventHandlerComponent: PlayMakerFixedUpdate

Deferring level start (marked as manual).

PlayOneShot was called with a null AudioClip.

AddEventHandlerComponent: PlayMakerFixedUpdate

AddEventHandlerComponent: PlayMakerFixedUpdate

AddEventHandlerComponent: PlayMakerFixedUpdate

AddEventHandlerComponent: PlayMakerFixedUpdate

AddEventHandlerComponent: PlayMakerFixedUpdate

AddEventHandlerComponent: PlayMakerFixedUpdate

AddEventHandlerComponent: PlayMakerFixedUpdate

AddEventHandlerComponent: PlayMakerFixedUpdate

AddEventHandlerComponent: PlayMakerFixedUpdate

AddEventHandlerComponent: PlayMakerFixedUpdate

AddEventHandlerComponent: PlayMakerFixedUpdate

AddEventHandlerComponent: PlayMakerFixedUpdate

Deferring level start (marked as manual).

AddEventHandlerComponent: PlayMakerFixedUpdate

AddEventHandlerComponent: PlayMakerCollisionEnter2D

AddEventHandlerComponent: PlayMakerFixedUpdate

AddEventHandlerComponent: PlayMakerFixedUpdate

AddEventHandlerComponent: PlayMakerFixedUpdate

Could not find FSM: Attack Range Detect

Could not find FSM: Attack Range Detect

PlayOneShot was called with a null AudioClip.

PlayOneShot was called with a null AudioClip.

Bump Height: 0.00243187

Deferring level start (marked as manual).

AddEventHandlerComponent: PlayMakerFixedUpdate

AddEventHandlerComponent: PlayMakerFixedUpdate

AddEventHandlerComponent: PlayMakerFixedUpdate

AddEventHandlerComponent: PlayMakerFixedUpdate

Deferring level start (marked as manual).

Unloading 50 Unused Serialized files (Serialized files now loaded: 0)

Unloading 4192 unused Assets to reduce memory usage. Loaded Objects now: 79117.
Total: 237.938600 ms (FindLiveObjects: 3.016800 ms CreateObjectMapping: 1.048600 ms MarkObjects: 227.667700 ms  DeleteObjects: 6.204900 ms)

PlayOneShot was called with a null AudioClip.

AddEventHandlerComponent: PlayMakerFixedUpdate

AddEventHandlerComponent: PlayMakerFixedUpdate

AddEventHandlerComponent: PlayMakerCollisionEnter2D

AddEventHandlerComponent: PlayMakerFixedUpdate

AddEventHandlerComponent: PlayMakerFixedUpdate

AddEventHandlerComponent: PlayMakerFixedUpdate

AddEventHandlerComponent: PlayMakerFixedUpdate

AddEventHandlerComponent: PlayMakerFixedUpdate

AddEventHandlerComponent: PlayMakerFixedUpdate

AddEventHandlerComponent: PlayMakerFixedUpdate

AddEventHandlerComponent: PlayMakerCollisionEnter2D

AddEventHandlerComponent: PlayMakerFixedUpdate

AddEventHandlerComponent: PlayMakerFixedUpdate

AddEventHandlerComponent: PlayMakerFixedUpdate

Persistent Bool Item (Vine Platform) does not have a PlayMakerFSM attached to read state from.

Persistent Bool Item (Vine Platform (1)) does not have a PlayMakerFSM attached to read state from.

Deferring level start (marked as manual).

Coroutine continue failure

AddEventHandlerComponent: PlayMakerFixedUpdate

AddEventHandlerComponent: PlayMakerFixedUpdate

Deferring level start (marked as manual).

Bump Height: 1.192093E-07

Bump Height: 1.192093E-07

Object Pool attached to GlobalPool has run out of White Flash R prefabs, Instantiating an additional one.

AddEventHandlerComponent: PlayMakerFixedUpdate

AddEventHandlerComponent: PlayMakerFixedUpdate

AddEventHandlerComponent: PlayMakerFixedUpdate

AddEventHandlerComponent: PlayMakerFixedUpdate

AddEventHandlerComponent: PlayMakerFixedUpdate

AddEventHandlerComponent: PlayMakerFixedUpdate

AddEventHandlerComponent: PlayMakerFixedUpdate

AddEventHandlerComponent: PlayMakerFixedUpdate

AddEventHandlerComponent: PlayMakerFixedUpdate

AddEventHandlerComponent: PlayMakerFixedUpdate

Deferring level start (marked as manual).

AddEventHandlerComponent: PlayMakerFixedUpdate

AddEventHandlerComponent: PlayMakerFixedUpdate

AddEventHandlerComponent: PlayMakerFixedUpdate

AddEventHandlerComponent: PlayMakerCollisionEnter2D

AddEventHandlerComponent: PlayMakerFixedUpdate

AddEventHandlerComponent: PlayMakerFixedUpdate

AddEventHandlerComponent: PlayMakerCollisionEnter2D

AddEventHandlerComponent: PlayMakerFixedUpdate

AddEventHandlerComponent: PlayMakerCollisionEnter2D

AddEventHandlerComponent: PlayMakerFixedUpdate

AddEventHandlerComponent: PlayMakerFixedUpdate

AddEventHandlerComponent: PlayMakerCollisionEnter2D

AddEventHandlerComponent: PlayMakerFixedUpdate

AddEventHandlerComponent: PlayMakerFixedUpdate

AddEventHandlerComponent: PlayMakerFixedUpdate

AddEventHandlerComponent: PlayMakerFixedUpdate

AddEventHandlerComponent: PlayMakerFixedUpdate

AddEventHandlerComponent: PlayMakerFixedUpdate

AddEventHandlerComponent: PlayMakerCollisionEnter2D

AddEventHandlerComponent: PlayMakerFixedUpdate

AddEventHandlerComponent: PlayMakerFixedUpdate

AddEventHandlerComponent: PlayMakerFixedUpdate

Deferring level start (marked as manual).

AddEventHandlerComponent: PlayMakerFixedUpdate

AddEventHandlerComponent: PlayMakerFixedUpdate

AddEventHandlerComponent: PlayMakerFixedUpdate

AddEventHandlerComponent: PlayMakerFixedUpdate

AddEventHandlerComponent: PlayMakerFixedUpdate

Persistent Bool Item (Vine Platform) does not have a PlayMakerFSM attached to read state from.

Deferring level start (marked as manual).

Coroutine continue failure

AddEventHandlerComponent: PlayMakerFixedUpdate

AddEventHandlerComponent: PlayMakerFixedUpdate

AddEventHandlerComponent: PlayMakerFixedUpdate

AddEventHandlerComponent: PlayMakerCollisionEnter2D

AddEventHandlerComponent: PlayMakerFixedUpdate

AddEventHandlerComponent: PlayMakerFixedUpdate

AddEventHandlerComponent: PlayMakerCollisionEnter2D

AddEventHandlerComponent: PlayMakerFixedUpdate

AddEventHandlerComponent: PlayMakerCollisionEnter2D

AddEventHandlerComponent: PlayMakerFixedUpdate

AddEventHandlerComponent: PlayMakerFixedUpdate

AddEventHandlerComponent: PlayMakerCollisionEnter2D

AddEventHandlerComponent: PlayMakerFixedUpdate

AddEventHandlerComponent: PlayMakerFixedUpdate

AddEventHandlerComponent: PlayMakerFixedUpdate

AddEventHandlerComponent: PlayMakerFixedUpdate

AddEventHandlerComponent: PlayMakerFixedUpdate

AddEventHandlerComponent: PlayMakerFixedUpdate

AddEventHandlerComponent: PlayMakerCollisionEnter2D

AddEventHandlerComponent: PlayMakerFixedUpdate

AddEventHandlerComponent: PlayMakerFixedUpdate

AddEventHandlerComponent: PlayMakerFixedUpdate

Deferring level start (marked as manual).

AddEventHandlerComponent: PlayMakerFixedUpdate

AddEventHandlerComponent: PlayMakerFixedUpdate

AddEventHandlerComponent: PlayMakerFixedUpdate

AddEventHandlerComponent: PlayMakerFixedUpdate

AddEventHandlerComponent: PlayMakerFixedUpdate

AddEventHandlerComponent: PlayMakerFixedUpdate

AddEventHandlerComponent: PlayMakerFixedUpdate

AddEventHandlerComponent: PlayMakerFixedUpdate

AddEventHandlerComponent: PlayMakerFixedUpdate

AddEventHandlerComponent: PlayMakerFixedUpdate

AddEventHandlerComponent: PlayMakerFixedUpdate

AddEventHandlerComponent: PlayMakerFixedUpdate

AddEventHandlerComponent: PlayMakerFixedUpdate

Deferring level start (marked as manual).

Object Pool attached to GlobalPool has run out of Strike Nail R prefabs, Instantiating an additional one.

AddEventHandlerComponent: PlayMakerFixedUpdate

AddEventHandlerComponent: PlayMakerFixedUpdate

AddEventHandlerComponent: PlayMakerCollisionEnter2D

AddEventHandlerComponent: PlayMakerFixedUpdate

AddEventHandlerComponent: PlayMakerFixedUpdate

AddEventHandlerComponent: PlayMakerFixedUpdate

AddEventHandlerComponent: PlayMakerCollisionEnter2D

AddEventHandlerComponent: PlayMakerFixedUpdate

Deferring level start (marked as manual).

AddEventHandlerComponent: PlayMakerFixedUpdate

AddEventHandlerComponent: PlayMakerFixedUpdate

AddEventHandlerComponent: PlayMakerFixedUpdate

AddEventHandlerComponent: PlayMakerCollisionEnter2D

AddEventHandlerComponent: PlayMakerFixedUpdate

Deferring level start (marked as manual).

AddEventHandlerComponent: PlayMakerFixedUpdate

AddEventHandlerComponent: PlayMakerFixedUpdate

AddEventHandlerComponent: PlayMakerFixedUpdate

AddEventHandlerComponent: PlayMakerFixedUpdate

AddEventHandlerComponent: PlayMakerFixedUpdate

AddEventHandlerComponent: PlayMakerFixedUpdate

AddEventHandlerComponent: PlayMakerFixedUpdate

AddEventHandlerComponent: PlayMakerCollisionEnter2D

AddEventHandlerComponent: PlayMakerFixedUpdate

AddEventHandlerComponent: PlayMakerFixedUpdate

AddEventHandlerComponent: PlayMakerFixedUpdate

AddEventHandlerComponent: PlayMakerFixedUpdate

AddEventHandlerComponent: PlayMakerFixedUpdate

AddEventHandlerComponent: PlayMakerFixedUpdate

Deferring level start (marked as manual).

Unloading 37 Unused Serialized files (Serialized files now loaded: 0)

Unloading 2625 unused Assets to reduce memory usage. Loaded Objects now: 81874.
Total: 234.557200 ms (FindLiveObjects: 2.962800 ms CreateObjectMapping: 1.270600 ms MarkObjects: 226.741700 ms  DeleteObjects: 3.581500 ms)

PlayOneShot was called with a null AudioClip.

AddEventHandlerComponent: PlayMakerFixedUpdate

AddEventHandlerComponent: PlayMakerFixedUpdate

Deferring level start (marked as manual).

Could not find FSM: Enough Geo

AddEventHandlerComponent: PlayMakerFixedUpdate

AddEventHandlerComponent: PlayMakerFixedUpdate

AddEventHandlerComponent: PlayMakerFixedUpdate

AddEventHandlerComponent: PlayMakerFixedUpdate

AddEventHandlerComponent: PlayMakerFixedUpdate

AddEventHandlerComponent: PlayMakerFixedUpdate

AddEventHandlerComponent: PlayMakerFixedUpdate

AddEventHandlerComponent: PlayMakerCollisionEnter2D

AddEventHandlerComponent: PlayMakerFixedUpdate

AddEventHandlerComponent: PlayMakerFixedUpdate

AddEventHandlerComponent: PlayMakerFixedUpdate

AddEventHandlerComponent: PlayMakerFixedUpdate

AddEventHandlerComponent: PlayMakerFixedUpdate

AddEventHandlerComponent: PlayMakerFixedUpdate

Deferring level start (marked as manual).

AddEventHandlerComponent: PlayMakerFixedUpdate

AddEventHandlerComponent: PlayMakerFixedUpdate

Deferring level start (marked as manual).

AddEventHandlerComponent: PlayMakerFixedUpdate

AddEventHandlerComponent: PlayMakerFixedUpdate

AddEventHandlerComponent: PlayMakerFixedUpdate

AddEventHandlerComponent: PlayMakerFixedUpdate

AddEventHandlerComponent: PlayMakerFixedUpdate

AddEventHandlerComponent: PlayMakerFixedUpdate

AddEventHandlerComponent: PlayMakerFixedUpdate

AddEventHandlerComponent: PlayMakerCollisionEnter2D

AddEventHandlerComponent: PlayMakerFixedUpdate

AddEventHandlerComponent: PlayMakerFixedUpdate

AddEventHandlerComponent: PlayMakerFixedUpdate

AddEventHandlerComponent: PlayMakerFixedUpdate

AddEventHandlerComponent: PlayMakerFixedUpdate

AddEventHandlerComponent: PlayMakerFixedUpdate

Deferring level start (marked as manual).

AddEventHandlerComponent: PlayMakerFixedUpdate

AddEventHandlerComponent: PlayMakerFixedUpdate

AddEventHandlerComponent: PlayMakerFixedUpdate

AddEventHandlerComponent: PlayMakerFixedUpdate

Deferring level start (marked as manual).

AddEventHandlerComponent: PlayMakerFixedUpdate

AddEventHandlerComponent: PlayMakerFixedUpdate

AddEventHandlerComponent: PlayMakerFixedUpdate

AddEventHandlerComponent: PlayMakerFixedUpdate

AddEventHandlerComponent: PlayMakerFixedUpdate

AddEventHandlerComponent: PlayMakerFixedUpdate

AddEventHandlerComponent: PlayMakerFixedUpdate

AddEventHandlerComponent: PlayMakerFixedUpdate

AddEventHandlerComponent: PlayMakerFixedUpdate

AddEventHandlerComponent: PlayMakerFixedUpdate

AddEventHandlerComponent: PlayMakerFixedUpdate

AddEventHandlerComponent: PlayMakerFixedUpdate

AddEventHandlerComponent: PlayMakerFixedUpdate

AddEventHandlerComponent: PlayMakerFixedUpdate

AddEventHandlerComponent: PlayMakerFixedUpdate

AddEventHandlerComponent: PlayMakerFixedUpdate

AddEventHandlerComponent: PlayMakerFixedUpdate

AddEventHandlerComponent: PlayMakerFixedUpdate

AddEventHandlerComponent: PlayMakerFixedUpdate

AddEventHandlerComponent: PlayMakerFixedUpdate

AddEventHandlerComponent: PlayMakerFixedUpdate

AddEventHandlerComponent: PlayMakerFixedUpdate

AddEventHandlerComponent: PlayMakerFixedUpdate

AddEventHandlerComponent: PlayMakerFixedUpdate

AddEventHandlerComponent: PlayMakerFixedUpdate

Deferring level start (marked as manual).

Unloading 26 Unused Serialized files (Serialized files now loaded: 0)

Unloading 2309 unused Assets to reduce memory usage. Loaded Objects now: 94348.
Total: 220.695100 ms (FindLiveObjects: 3.668500 ms CreateObjectMapping: 1.028300 ms MarkObjects: 212.939800 ms  DeleteObjects: 3.058200 ms)

Persistent Bool Item - Couldn't reset value on FSM because it's missing.

Persistent Bool Item - Couldn't reset value on FSM because it's missing.

Deferring level start (marked as manual).

AddEventHandlerComponent: PlayMakerFixedUpdate

AddEventHandlerComponent: PlayMakerFixedUpdate

Deferring level start (marked as manual).

AddEventHandlerComponent: PlayMakerFixedUpdate

AddEventHandlerComponent: PlayMakerFixedUpdate

AddEventHandlerComponent: PlayMakerFixedUpdate

AddEventHandlerComponent: PlayMakerFixedUpdate

Deferring level start (marked as manual).

AddEventHandlerComponent: PlayMakerFixedUpdate

Deferring level start (marked as manual).

AddEventHandlerComponent: PlayMakerFixedUpdate

AddEventHandlerComponent: PlayMakerFixedUpdate

AddEventHandlerComponent: PlayMakerFixedUpdate

AddEventHandlerComponent: PlayMakerFixedUpdate

Deferring level start (marked as manual).

AddEventHandlerComponent: PlayMakerFixedUpdate

AddEventHandlerComponent: PlayMakerFixedUpdate

AddEventHandlerComponent: PlayMakerFixedUpdate

AddEventHandlerComponent: PlayMakerFixedUpdate

Deferring level start (marked as manual).

AddEventHandlerComponent: PlayMakerFixedUpdate

AddEventHandlerComponent: PlayMakerFixedUpdate

AddEventHandlerComponent: PlayMakerFixedUpdate

AddEventHandlerComponent: PlayMakerFixedUpdate

AddEventHandlerComponent: PlayMakerFixedUpdate

AddEventHandlerComponent: PlayMakerFixedUpdate

AddEventHandlerComponent: PlayMakerFixedUpdate

AddEventHandlerComponent: PlayMakerFixedUpdate

Deferring level start (marked as manual).

AddEventHandlerComponent: PlayMakerFixedUpdate

AddEventHandlerComponent: PlayMakerFixedUpdate

AddEventHandlerComponent: PlayMakerFixedUpdate

AddEventHandlerComponent: PlayMakerFixedUpdate

AddEventHandlerComponent: PlayMakerFixedUpdate

AddEventHandlerComponent: PlayMakerFixedUpdate

AddEventHandlerComponent: PlayMakerFixedUpdate

AddEventHandlerComponent: PlayMakerFixedUpdate

AddEventHandlerComponent: PlayMakerFixedUpdate

AddEventHandlerComponent: PlayMakerFixedUpdate

AddEventHandlerComponent: PlayMakerFixedUpdate

AddEventHandlerComponent: PlayMakerFixedUpdate

AddEventHandlerComponent: PlayMakerFixedUpdate

AddEventHandlerComponent: PlayMakerFixedUpdate

AddEventHandlerComponent: PlayMakerFixedUpdate

AddEventHandlerComponent: PlayMakerFixedUpdate

AddEventHandlerComponent: PlayMakerFixedUpdate

AddEventHandlerComponent: PlayMakerFixedUpdate

AddEventHandlerComponent: PlayMakerFixedUpdate

AddEventHandlerComponent: PlayMakerFixedUpdate

AddEventHandlerComponent: PlayMakerFixedUpdate

AddEventHandlerComponent: PlayMakerFixedUpdate

AddEventHandlerComponent: PlayMakerFixedUpdate

AddEventHandlerComponent: PlayMakerFixedUpdate

AddEventHandlerComponent: PlayMakerFixedUpdate

AddEventHandlerComponent: PlayMakerFixedUpdate

AddEventHandlerComponent: PlayMakerFixedUpdate

AddEventHandlerComponent: PlayMakerFixedUpdate

AddEventHandlerComponent: PlayMakerFixedUpdate

AddEventHandlerComponent: PlayMakerFixedUpdate

AddEventHandlerComponent: PlayMakerFixedUpdate

AddEventHandlerComponent: PlayMakerFixedUpdate

AddEventHandlerComponent: PlayMakerFixedUpdate

AddEventHandlerComponent: PlayMakerFixedUpdate

AddEventHandlerComponent: PlayMakerFixedUpdate

Deferring level start (marked as manual).

AddEventHandlerComponent: PlayMakerFixedUpdate

AddEventHandlerComponent: PlayMakerFixedUpdate

AddEventHandlerComponent: PlayMakerFixedUpdate

AddEventHandlerComponent: PlayMakerFixedUpdate

AddEventHandlerComponent: PlayMakerFixedUpdate

AddEventHandlerComponent: PlayMakerFixedUpdate

AddEventHandlerComponent: PlayMakerFixedUpdate

AddEventHandlerComponent: PlayMakerFixedUpdate

AddEventHandlerComponent: PlayMakerFixedUpdate

Deferring level start (marked as manual).

AddEventHandlerComponent: PlayMakerFixedUpdate

AddEventHandlerComponent: PlayMakerFixedUpdate

AddEventHandlerComponent: PlayMakerFixedUpdate

AddEventHandlerComponent: PlayMakerFixedUpdate

AddEventHandlerComponent: PlayMakerFixedUpdate

Deferring level start (marked as manual).

AddEventHandlerComponent: PlayMakerFixedUpdate

AddEventHandlerComponent: PlayMakerFixedUpdate

AddEventHandlerComponent: PlayMakerFixedUpdate

AddEventHandlerComponent: PlayMakerFixedUpdate

AddEventHandlerComponent: PlayMakerFixedUpdate

AddEventHandlerComponent: PlayMakerFixedUpdate

AddEventHandlerComponent: PlayMakerFixedUpdate

AddEventHandlerComponent: PlayMakerFixedUpdate

AddEventHandlerComponent: PlayMakerFixedUpdate

Deferring level start (marked as manual).

AddEventHandlerComponent: PlayMakerFixedUpdate

AddEventHandlerComponent: PlayMakerFixedUpdate

AddEventHandlerComponent: PlayMakerFixedUpdate

AddEventHandlerComponent: PlayMakerFixedUpdate

AddEventHandlerComponent: PlayMakerFixedUpdate

AddEventHandlerComponent: PlayMakerFixedUpdate

AddEventHandlerComponent: PlayMakerFixedUpdate

AddEventHandlerComponent: PlayMakerFixedUpdate

AddEventHandlerComponent: PlayMakerFixedUpdate

AddEventHandlerComponent: PlayMakerFixedUpdate

AddEventHandlerComponent: PlayMakerFixedUpdate

AddEventHandlerComponent: PlayMakerFixedUpdate

AddEventHandlerComponent: PlayMakerFixedUpdate

AddEventHandlerComponent: PlayMakerFixedUpdate

AddEventHandlerComponent: PlayMakerFixedUpdate

AddEventHandlerComponent: PlayMakerFixedUpdate

AddEventHandlerComponent: PlayMakerFixedUpdate

AddEventHandlerComponent: PlayMakerFixedUpdate

AddEventHandlerComponent: PlayMakerFixedUpdate

AddEventHandlerComponent: PlayMakerFixedUpdate

AddEventHandlerComponent: PlayMakerFixedUpdate

AddEventHandlerComponent: PlayMakerFixedUpdate

AddEventHandlerComponent: PlayMakerFixedUpdate

AddEventHandlerComponent: PlayMakerFixedUpdate

AddEventHandlerComponent: PlayMakerFixedUpdate

AddEventHandlerComponent: PlayMakerFixedUpdate

AddEventHandlerComponent: PlayMakerFixedUpdate

AddEventHandlerComponent: PlayMakerFixedUpdate

AddEventHandlerComponent: PlayMakerFixedUpdate

AddEventHandlerComponent: PlayMakerFixedUpdate

AddEventHandlerComponent: PlayMakerFixedUpdate

AddEventHandlerComponent: PlayMakerFixedUpdate

AddEventHandlerComponent: PlayMakerFixedUpdate

AddEventHandlerComponent: PlayMakerFixedUpdate

AddEventHandlerComponent: PlayMakerFixedUpdate

Deferring level start (marked as manual).

AddEventHandlerComponent: PlayMakerCollisionStay

AddEventHandlerComponent: PlayMakerCollisionEnter2D

AddEventHandlerComponent: PlayMakerCollisionStay2D

AddEventHandlerComponent: PlayMakerFixedUpdate

AddEventHandlerComponent: PlayMakerCollisionStay

AddEventHandlerComponent: PlayMakerCollisionEnter2D

AddEventHandlerComponent: PlayMakerCollisionStay2D

AddEventHandlerComponent: PlayMakerFixedUpdate

AddEventHandlerComponent: PlayMakerCollisionEnter2D

AddEventHandlerComponent: PlayMakerFixedUpdate

AddEventHandlerComponent: PlayMakerFixedUpdate

AddEventHandlerComponent: PlayMakerCollisionStay

AddEventHandlerComponent: PlayMakerCollisionEnter2D

AddEventHandlerComponent: PlayMakerCollisionStay2D

AddEventHandlerComponent: PlayMakerFixedUpdate

AddEventHandlerComponent: PlayMakerCollisionStay

AddEventHandlerComponent: PlayMakerCollisionEnter2D

AddEventHandlerComponent: PlayMakerCollisionStay2D

AddEventHandlerComponent: PlayMakerFixedUpdate

AddEventHandlerComponent: PlayMakerFixedUpdate

AddEventHandlerComponent: PlayMakerCollisionStay

AddEventHandlerComponent: PlayMakerCollisionEnter2D

AddEventHandlerComponent: PlayMakerCollisionStay2D

AddEventHandlerComponent: PlayMakerFixedUpdate

AddEventHandlerComponent: PlayMakerCollisionStay

AddEventHandlerComponent: PlayMakerCollisionEnter2D

AddEventHandlerComponent: PlayMakerCollisionStay2D

AddEventHandlerComponent: PlayMakerFixedUpdate

AddEventHandlerComponent: PlayMakerCollisionStay

AddEventHandlerComponent: PlayMakerCollisionEnter2D

AddEventHandlerComponent: PlayMakerCollisionStay2D

AddEventHandlerComponent: PlayMakerFixedUpdate

AddEventHandlerComponent: PlayMakerFixedUpdate

AddEventHandlerComponent: PlayMakerCollisionStay

AddEventHandlerComponent: PlayMakerCollisionEnter2D

AddEventHandlerComponent: PlayMakerCollisionStay2D

AddEventHandlerComponent: PlayMakerFixedUpdate

AddEventHandlerComponent: PlayMakerFixedUpdate

Deferring level start (marked as manual).

AddEventHandlerComponent: PlayMakerFixedUpdate

Persistent Bool Item - Couldn't reset value on FSM because it's missing.

Persistent Bool Item - Couldn't reset value on FSM because it's missing.

Persistent Bool Item - Couldn't reset value on FSM because it's missing.

AddEventHandlerComponent: PlayMakerFixedUpdate

AddEventHandlerComponent: PlayMakerFixedUpdate

Deferring level start (marked as manual).

Setting skip mode: SKIP_INSTANT

PlayOneShot was called with a null AudioClip.

AddEventHandlerComponent: PlayMakerCollisionStay

AddEventHandlerComponent: PlayMakerCollisionEnter2D

AddEventHandlerComponent: PlayMakerCollisionStay2D

AddEventHandlerComponent: PlayMakerFixedUpdate

AddEventHandlerComponent: PlayMakerCollisionStay

AddEventHandlerComponent: PlayMakerCollisionEnter2D

AddEventHandlerComponent: PlayMakerCollisionStay2D

AddEventHandlerComponent: PlayMakerFixedUpdate

AddEventHandlerComponent: PlayMakerCollisionEnter2D

AddEventHandlerComponent: PlayMakerFixedUpdate

AddEventHandlerComponent: PlayMakerFixedUpdate

AddEventHandlerComponent: PlayMakerCollisionStay

AddEventHandlerComponent: PlayMakerCollisionEnter2D

AddEventHandlerComponent: PlayMakerCollisionStay2D

AddEventHandlerComponent: PlayMakerFixedUpdate

AddEventHandlerComponent: PlayMakerCollisionStay

AddEventHandlerComponent: PlayMakerCollisionEnter2D

AddEventHandlerComponent: PlayMakerCollisionStay2D

AddEventHandlerComponent: PlayMakerFixedUpdate

AddEventHandlerComponent: PlayMakerFixedUpdate

AddEventHandlerComponent: PlayMakerCollisionStay

AddEventHandlerComponent: PlayMakerCollisionEnter2D

AddEventHandlerComponent: PlayMakerCollisionStay2D

AddEventHandlerComponent: PlayMakerFixedUpdate

AddEventHandlerComponent: PlayMakerCollisionStay

AddEventHandlerComponent: PlayMakerCollisionEnter2D

AddEventHandlerComponent: PlayMakerCollisionStay2D

AddEventHandlerComponent: PlayMakerFixedUpdate

AddEventHandlerComponent: PlayMakerCollisionStay

AddEventHandlerComponent: PlayMakerCollisionEnter2D

AddEventHandlerComponent: PlayMakerCollisionStay2D

AddEventHandlerComponent: PlayMakerFixedUpdate

AddEventHandlerComponent: PlayMakerFixedUpdate

AddEventHandlerComponent: PlayMakerCollisionStay

AddEventHandlerComponent: PlayMakerCollisionEnter2D

AddEventHandlerComponent: PlayMakerCollisionStay2D

AddEventHandlerComponent: PlayMakerFixedUpdate

AddEventHandlerComponent: PlayMakerFixedUpdate

Deferring level start (marked as manual).

AddEventHandlerComponent: PlayMakerFixedUpdate

AddEventHandlerComponent: PlayMakerFixedUpdate

Deferring level start (marked as manual).

Unloading 32 Unused Serialized files (Serialized files now loaded: 0)

Unloading 3512 unused Assets to reduce memory usage. Loaded Objects now: 78746.
Total: 217.805900 ms (FindLiveObjects: 2.799100 ms CreateObjectMapping: 1.306600 ms MarkObjects: 209.102100 ms  DeleteObjects: 4.597800 ms)

AddEventHandlerComponent: PlayMakerFixedUpdate

AddEventHandlerComponent: PlayMakerFixedUpdate

AddEventHandlerComponent: PlayMakerFixedUpdate

AddEventHandlerComponent: PlayMakerFixedUpdate

Deferring level start (marked as manual).

AddEventHandlerComponent: PlayMakerFixedUpdate

Deferring level start (marked as manual).

AddEventHandlerComponent: PlayMakerFixedUpdate

Deferring level start (marked as manual).

Bump Height: 0.0004806519

Bump Height: 0.0004806519

AddEventHandlerComponent: PlayMakerFixedUpdate

Deferring level start (marked as manual).

AddEventHandlerComponent: PlayMakerFixedUpdate

AddEventHandlerComponent: PlayMakerFixedUpdate

AddEventHandlerComponent: PlayMakerFixedUpdate

AddEventHandlerComponent: PlayMakerFixedUpdate

AddEventHandlerComponent: PlayMakerFixedUpdate

AddEventHandlerComponent: PlayMakerFixedUpdate

AddEventHandlerComponent: PlayMakerFixedUpdate

AddEventHandlerComponent: PlayMakerFixedUpdate

AddEventHandlerComponent: PlayMakerFixedUpdate

AddEventHandlerComponent: PlayMakerFixedUpdate

AddEventHandlerComponent: PlayMakerFixedUpdate

AddEventHandlerComponent: PlayMakerFixedUpdate

AddEventHandlerComponent: PlayMakerFixedUpdate

AddEventHandlerComponent: PlayMakerFixedUpdate

AddEventHandlerComponent: PlayMakerFixedUpdate

AddEventHandlerComponent: PlayMakerFixedUpdate

AddEventHandlerComponent: PlayMakerFixedUpdate

AddEventHandlerComponent: PlayMakerFixedUpdate

AddEventHandlerComponent: PlayMakerFixedUpdate

AddEventHandlerComponent: PlayMakerFixedUpdate

AddEventHandlerComponent: PlayMakerFixedUpdate

AddEventHandlerComponent: PlayMakerFixedUpdate

AddEventHandlerComponent: PlayMakerFixedUpdate

AddEventHandlerComponent: PlayMakerFixedUpdate

AddEventHandlerComponent: PlayMakerFixedUpdate

Deferring level start (marked as manual).

Unloading 28 Unused Serialized files (Serialized files now loaded: 0)

Unloading 1107 unused Assets to reduce memory usage. Loaded Objects now: 94401.
Total: 230.849500 ms (FindLiveObjects: 3.260000 ms CreateObjectMapping: 1.141600 ms MarkObjects: 224.614100 ms  DeleteObjects: 1.833300 ms)

Persistent Bool Item - Couldn't reset value on FSM because it's missing.

Persistent Bool Item - Couldn't reset value on FSM because it's missing.

Deferring level start (marked as manual).

AddEventHandlerComponent: PlayMakerFixedUpdate

AddEventHandlerComponent: PlayMakerFixedUpdate

Deferring level start (marked as manual).

AddEventHandlerComponent: PlayMakerFixedUpdate

AddEventHandlerComponent: PlayMakerCollisionStay

AddEventHandlerComponent: PlayMakerCollisionEnter2D

AddEventHandlerComponent: PlayMakerCollisionStay2D

AddEventHandlerComponent: PlayMakerFixedUpdate

AddEventHandlerComponent: PlayMakerCollisionStay

AddEventHandlerComponent: PlayMakerCollisionEnter2D

AddEventHandlerComponent: PlayMakerCollisionStay2D

AddEventHandlerComponent: PlayMakerFixedUpdate

AddEventHandlerComponent: PlayMakerCollisionStay

AddEventHandlerComponent: PlayMakerCollisionEnter2D

AddEventHandlerComponent: PlayMakerCollisionStay2D

AddEventHandlerComponent: PlayMakerFixedUpdate

AddEventHandlerComponent: PlayMakerCollisionStay

AddEventHandlerComponent: PlayMakerCollisionEnter2D

AddEventHandlerComponent: PlayMakerCollisionStay2D

AddEventHandlerComponent: PlayMakerFixedUpdate

AddEventHandlerComponent: PlayMakerCollisionStay

AddEventHandlerComponent: PlayMakerCollisionEnter2D

AddEventHandlerComponent: PlayMakerCollisionStay2D

AddEventHandlerComponent: PlayMakerFixedUpdate

AddEventHandlerComponent: PlayMakerCollisionStay

AddEventHandlerComponent: PlayMakerCollisionEnter2D

AddEventHandlerComponent: PlayMakerCollisionStay2D

AddEventHandlerComponent: PlayMakerFixedUpdate

AddEventHandlerComponent: PlayMakerCollisionStay

AddEventHandlerComponent: PlayMakerCollisionEnter2D

AddEventHandlerComponent: PlayMakerCollisionStay2D

AddEventHandlerComponent: PlayMakerFixedUpdate

AddEventHandlerComponent: PlayMakerCollisionStay

AddEventHandlerComponent: PlayMakerCollisionEnter2D

AddEventHandlerComponent: PlayMakerCollisionStay2D

AddEventHandlerComponent: PlayMakerFixedUpdate

AddEventHandlerComponent: PlayMakerCollisionStay

AddEventHandlerComponent: PlayMakerCollisionEnter2D

AddEventHandlerComponent: PlayMakerCollisionStay2D

AddEventHandlerComponent: PlayMakerFixedUpdate

Deferring level start (marked as manual).

AddEventHandlerComponent: PlayMakerFixedUpdate

AddEventHandlerComponent: PlayMakerFixedUpdate

AddEventHandlerComponent: PlayMakerFixedUpdate

AddEventHandlerComponent: PlayMakerFixedUpdate

AddEventHandlerComponent: PlayMakerFixedUpdate

Deferring level start (marked as manual).

AddEventHandlerComponent: PlayMakerFixedUpdate

AddEventHandlerComponent: PlayMakerCollisionStay

AddEventHandlerComponent: PlayMakerCollisionEnter2D

AddEventHandlerComponent: PlayMakerCollisionStay2D

AddEventHandlerComponent: PlayMakerFixedUpdate

AddEventHandlerComponent: PlayMakerCollisionStay

AddEventHandlerComponent: PlayMakerCollisionEnter2D

AddEventHandlerComponent: PlayMakerCollisionStay2D

AddEventHandlerComponent: PlayMakerFixedUpdate

AddEventHandlerComponent: PlayMakerCollisionStay

AddEventHandlerComponent: PlayMakerCollisionEnter2D

AddEventHandlerComponent: PlayMakerCollisionStay2D

AddEventHandlerComponent: PlayMakerFixedUpdate

AddEventHandlerComponent: PlayMakerCollisionStay

AddEventHandlerComponent: PlayMakerCollisionEnter2D

AddEventHandlerComponent: PlayMakerCollisionStay2D

AddEventHandlerComponent: PlayMakerFixedUpdate

AddEventHandlerComponent: PlayMakerCollisionStay

AddEventHandlerComponent: PlayMakerCollisionEnter2D

AddEventHandlerComponent: PlayMakerCollisionStay2D

AddEventHandlerComponent: PlayMakerFixedUpdate

AddEventHandlerComponent: PlayMakerCollisionStay

AddEventHandlerComponent: PlayMakerCollisionEnter2D

AddEventHandlerComponent: PlayMakerCollisionStay2D

AddEventHandlerComponent: PlayMakerFixedUpdate

AddEventHandlerComponent: PlayMakerCollisionStay

AddEventHandlerComponent: PlayMakerCollisionEnter2D

AddEventHandlerComponent: PlayMakerCollisionStay2D

AddEventHandlerComponent: PlayMakerFixedUpdate

AddEventHandlerComponent: PlayMakerCollisionStay

AddEventHandlerComponent: PlayMakerCollisionEnter2D

AddEventHandlerComponent: PlayMakerCollisionStay2D

AddEventHandlerComponent: PlayMakerFixedUpdate

AddEventHandlerComponent: PlayMakerCollisionStay

AddEventHandlerComponent: PlayMakerCollisionEnter2D

AddEventHandlerComponent: PlayMakerCollisionStay2D

AddEventHandlerComponent: PlayMakerFixedUpdate

Deferring level start (marked as manual).

AddEventHandlerComponent: PlayMakerFixedUpdate

AddEventHandlerComponent: PlayMakerCollisionStay2D

AddEventHandlerComponent: PlayMakerFixedUpdate

AddEventHandlerComponent: PlayMakerLateUpdate

AddEventHandlerComponent: PlayMakerFixedUpdate

AddEventHandlerComponent: PlayMakerCollisionStay2D

AddEventHandlerComponent: PlayMakerFixedUpdate

AddEventHandlerComponent: PlayMakerLateUpdate

AddEventHandlerComponent: PlayMakerFixedUpdate

AddEventHandlerComponent: PlayMakerFixedUpdate

AddEventHandlerComponent: PlayMakerCollisionStay2D

AddEventHandlerComponent: PlayMakerFixedUpdate

AddEventHandlerComponent: PlayMakerLateUpdate

AddEventHandlerComponent: PlayMakerFixedUpdate

AddEventHandlerComponent: PlayMakerCollisionStay2D

AddEventHandlerComponent: PlayMakerFixedUpdate

AddEventHandlerComponent: PlayMakerLateUpdate

AddEventHandlerComponent: PlayMakerFixedUpdate

AddEventHandlerComponent: PlayMakerFixedUpdate

AddEventHandlerComponent: PlayMakerCollisionStay2D

AddEventHandlerComponent: PlayMakerFixedUpdate

AddEventHandlerComponent: PlayMakerLateUpdate

AddEventHandlerComponent: PlayMakerFixedUpdate

AddEventHandlerComponent: PlayMakerFixedUpdate

AddEventHandlerComponent: PlayMakerFixedUpdate

AddEventHandlerComponent: PlayMakerFixedUpdate

AddEventHandlerComponent: PlayMakerFixedUpdate

AddEventHandlerComponent: PlayMakerFixedUpdate

AddEventHandlerComponent: PlayMakerFixedUpdate

AddEventHandlerComponent: PlayMakerFixedUpdate

Deferring level start (marked as manual).

Unloading 33 Unused Serialized files (Serialized files now loaded: 0)

Unloading 1730 unused Assets to reduce memory usage. Loaded Objects now: 88691.
Total: 222.659300 ms (FindLiveObjects: 3.262100 ms CreateObjectMapping: 1.088300 ms MarkObjects: 216.125900 ms  DeleteObjects: 2.182400 ms)

Persistent Bool Item - Couldn't reset value on FSM because it's missing.

Persistent Bool Item - Couldn't reset value on FSM because it's missing.

Persistent Bool Item - Couldn't reset value on FSM because it's missing.

AddEventHandlerComponent: PlayMakerFixedUpdate

AddEventHandlerComponent: PlayMakerFixedUpdate

AddEventHandlerComponent: PlayMakerFixedUpdate

AddEventHandlerComponent: PlayMakerFixedUpdate

AddEventHandlerComponent: PlayMakerFixedUpdate

AddEventHandlerComponent: PlayMakerFixedUpdate

AddEventHandlerComponent: PlayMakerFixedUpdate

AddEventHandlerComponent: PlayMakerFixedUpdate

AddEventHandlerComponent: PlayMakerFixedUpdate

AddEventHandlerComponent: PlayMakerFixedUpdate

AddEventHandlerComponent: PlayMakerFixedUpdate

AddEventHandlerComponent: PlayMakerFixedUpdate

AddEventHandlerComponent: PlayMakerFixedUpdate

Deferring level start (marked as manual).

AddEventHandlerComponent: PlayMakerFixedUpdate

AddEventHandlerComponent: PlayMakerFixedUpdate

AddEventHandlerComponent: PlayMakerCollisionEnter2D

AddEventHandlerComponent: PlayMakerFixedUpdate

AddEventHandlerComponent: PlayMakerFixedUpdate

AddEventHandlerComponent: PlayMakerFixedUpdate

AddEventHandlerComponent: PlayMakerCollisionEnter2D

AddEventHandlerComponent: PlayMakerFixedUpdate

Deferring level start (marked as manual).

AddEventHandlerComponent: PlayMakerFixedUpdate

AddEventHandlerComponent: PlayMakerFixedUpdate

AddEventHandlerComponent: PlayMakerFixedUpdate

AddEventHandlerComponent: PlayMakerFixedUpdate

AddEventHandlerComponent: PlayMakerFixedUpdate

AddEventHandlerComponent: PlayMakerFixedUpdate

AddEventHandlerComponent: PlayMakerFixedUpdate

AddEventHandlerComponent: PlayMakerFixedUpdate

AddEventHandlerComponent: PlayMakerFixedUpdate

AddEventHandlerComponent: PlayMakerFixedUpdate

AddEventHandlerComponent: PlayMakerFixedUpdate

AddEventHandlerComponent: PlayMakerFixedUpdate

AddEventHandlerComponent: PlayMakerFixedUpdate

Deferring level start (marked as manual).

AddEventHandlerComponent: PlayMakerFixedUpdate

AddEventHandlerComponent: PlayMakerFixedUpdate

AddEventHandlerComponent: PlayMakerCollisionEnter2D

AddEventHandlerComponent: PlayMakerFixedUpdate

AddEventHandlerComponent: PlayMakerFixedUpdate

AddEventHandlerComponent: PlayMakerFixedUpdate

AddEventHandlerComponent: PlayMakerCollisionEnter2D

AddEventHandlerComponent: PlayMakerFixedUpdate

Deferring level start (marked as manual).

AddEventHandlerComponent: PlayMakerFixedUpdate

AddEventHandlerComponent: PlayMakerFixedUpdate

AddEventHandlerComponent: PlayMakerFixedUpdate

AddEventHandlerComponent: PlayMakerCollisionEnter2D

AddEventHandlerComponent: PlayMakerFixedUpdate

Deferring level start (marked as manual).

AddEventHandlerComponent: PlayMakerFixedUpdate

AddEventHandlerComponent: PlayMakerFixedUpdate

AddEventHandlerComponent: PlayMakerFixedUpdate

AddEventHandlerComponent: PlayMakerFixedUpdate

AddEventHandlerComponent: PlayMakerFixedUpdate

AddEventHandlerComponent: PlayMakerFixedUpdate

AddEventHandlerComponent: PlayMakerFixedUpdate

AddEventHandlerComponent: PlayMakerFixedUpdate

AddEventHandlerComponent: PlayMakerFixedUpdate

AddEventHandlerComponent: PlayMakerFixedUpdate

AddEventHandlerComponent: PlayMakerFixedUpdate

AddEventHandlerComponent: PlayMakerFixedUpdate

AddEventHandlerComponent: PlayMakerFixedUpdate

AddEventHandlerComponent: PlayMakerFixedUpdate

AddEventHandlerComponent: PlayMakerFixedUpdate

AddEventHandlerComponent: PlayMakerFixedUpdate

AddEventHandlerComponent: PlayMakerFixedUpdate

AddEventHandlerComponent: PlayMakerFixedUpdate

AddEventHandlerComponent: PlayMakerFixedUpdate

Deferring level start (marked as manual).

AddEventHandlerComponent: PlayMakerFixedUpdate

AddEventHandlerComponent: PlayMakerFixedUpdate

AddEventHandlerComponent: PlayMakerFixedUpdate

AddEventHandlerComponent: PlayMakerCollisionEnter2D

AddEventHandlerComponent: PlayMakerFixedUpdate

Deferring level start (marked as manual).

AddEventHandlerComponent: PlayMakerFixedUpdate

AddEventHandlerComponent: PlayMakerCollisionEnter2D

AddEventHandlerComponent: PlayMakerFixedUpdate

AddEventHandlerComponent: PlayMakerFixedUpdate

AddEventHandlerComponent: PlayMakerCollisionEnter2D

AddEventHandlerComponent: PlayMakerFixedUpdate

AddEventHandlerComponent: PlayMakerFixedUpdate

AddEventHandlerComponent: PlayMakerFixedUpdate

AddEventHandlerComponent: PlayMakerFixedUpdate

AddEventHandlerComponent: PlayMakerCollisionEnter2D

AddEventHandlerComponent: PlayMakerFixedUpdate

AddEventHandlerComponent: PlayMakerFixedUpdate

AddEventHandlerComponent: PlayMakerCollisionEnter2D

AddEventHandlerComponent: PlayMakerFixedUpdate

AddEventHandlerComponent: PlayMakerFixedUpdate

AddEventHandlerComponent: PlayMakerFixedUpdate

AddEventHandlerComponent: PlayMakerFixedUpdate

Persistent Bool Item (Vine Platform (1)) does not have a PlayMakerFSM attached to read state from.

Persistent Bool Item (Vine Platform (4)) does not have a PlayMakerFSM attached to read state from.

Persistent Bool Item (Vine Platform (3)) does not have a PlayMakerFSM attached to read state from.

Persistent Bool Item (Vine Platform (5)) does not have a PlayMakerFSM attached to read state from.

Persistent Bool Item (Vine Platform (2)) does not have a PlayMakerFSM attached to read state from.

Persistent Bool Item (Vine Platform) does not have a PlayMakerFSM attached to read state from.

Persistent Bool Item (Vine Platform (6)) does not have a PlayMakerFSM attached to read state from.

Deferring level start (marked as manual).

AddEventHandlerComponent: PlayMakerCollisionEnter2D

AddEventHandlerComponent: PlayMakerFixedUpdate

AddEventHandlerComponent: PlayMakerFixedUpdate

AddEventHandlerComponent: PlayMakerCollisionEnter2D

AddEventHandlerComponent: PlayMakerFixedUpdate

AddEventHandlerComponent: PlayMakerFixedUpdate

AddEventHandlerComponent: PlayMakerFixedUpdate

AddEventHandlerComponent: PlayMakerFixedUpdate

AddEventHandlerComponent: PlayMakerFixedUpdate

Persistent Bool Item (Vine Platform (3)) does not have a PlayMakerFSM attached to read state from.

Persistent Bool Item (Vine Platform (2)) does not have a PlayMakerFSM attached to read state from.

Persistent Bool Item (Vine Platform (1)) does not have a PlayMakerFSM attached to read state from.

Persistent Bool Item (Vine Platform) does not have a PlayMakerFSM attached to read state from.

Deferring level start (marked as manual).

AddEventHandlerComponent: PlayMakerCollisionStay2D

AddEventHandlerComponent: PlayMakerFixedUpdate

AddEventHandlerComponent: PlayMakerLateUpdate

AddEventHandlerComponent: PlayMakerFixedUpdate

AddEventHandlerComponent: PlayMakerCollisionStay2D

AddEventHandlerComponent: PlayMakerFixedUpdate

AddEventHandlerComponent: PlayMakerLateUpdate

AddEventHandlerComponent: PlayMakerFixedUpdate

AddEventHandlerComponent: PlayMakerFixedUpdate

AddEventHandlerComponent: PlayMakerFixedUpdate

AddEventHandlerComponent: PlayMakerFixedUpdate

AddEventHandlerComponent: PlayMakerCollisionStay2D

AddEventHandlerComponent: PlayMakerFixedUpdate

AddEventHandlerComponent: PlayMakerLateUpdate

AddEventHandlerComponent: PlayMakerFixedUpdate

AddEventHandlerComponent: PlayMakerFixedUpdate

AddEventHandlerComponent: PlayMakerCollisionStay2D

AddEventHandlerComponent: PlayMakerFixedUpdate

AddEventHandlerComponent: PlayMakerLateUpdate

Deferring level start (marked as manual).

AddEventHandlerComponent: PlayMakerFixedUpdate

AddEventHandlerComponent: PlayMakerFixedUpdate

AddEventHandlerComponent: PlayMakerFixedUpdate

AddEventHandlerComponent: PlayMakerFixedUpdate

AddEventHandlerComponent: PlayMakerFixedUpdate

AddEventHandlerComponent: PlayMakerFixedUpdate

AddEventHandlerComponent: PlayMakerFixedUpdate

Deferring level start (marked as manual).

AddEventHandlerComponent: PlayMakerFixedUpdate

AddEventHandlerComponent: PlayMakerFixedUpdate

AddEventHandlerComponent: PlayMakerFixedUpdate

AddEventHandlerComponent: PlayMakerFixedUpdate

Deferring level start (marked as manual).

AddEventHandlerComponent: PlayMakerFixedUpdate

AddEventHandlerComponent: PlayMakerFixedUpdate

AddEventHandlerComponent: PlayMakerFixedUpdate

AddEventHandlerComponent: PlayMakerFixedUpdate

AddEventHandlerComponent: PlayMakerFixedUpdate

AddEventHandlerComponent: PlayMakerFixedUpdate

AddEventHandlerComponent: PlayMakerFixedUpdate

Deferring level start (marked as manual).

AddEventHandlerComponent: PlayMakerFixedUpdate

AddEventHandlerComponent: PlayMakerFixedUpdate

AddEventHandlerComponent: PlayMakerFixedUpdate

AddEventHandlerComponent: PlayMakerFixedUpdate

AddEventHandlerComponent: PlayMakerCollisionStay2D

AddEventHandlerComponent: PlayMakerFixedUpdate

AddEventHandlerComponent: PlayMakerLateUpdate

AddEventHandlerComponent: PlayMakerFixedUpdate

AddEventHandlerComponent: PlayMakerCollisionStay2D

AddEventHandlerComponent: PlayMakerFixedUpdate

AddEventHandlerComponent: PlayMakerLateUpdate

AddEventHandlerComponent: PlayMakerFixedUpdate

AddEventHandlerComponent: PlayMakerFixedUpdate

AddEventHandlerComponent: PlayMakerCollisionStay2D

AddEventHandlerComponent: PlayMakerFixedUpdate

AddEventHandlerComponent: PlayMakerLateUpdate

AddEventHandlerComponent: PlayMakerFixedUpdate

AddEventHandlerComponent: PlayMakerCollisionStay2D

AddEventHandlerComponent: PlayMakerFixedUpdate

AddEventHandlerComponent: PlayMakerLateUpdate

AddEventHandlerComponent: PlayMakerFixedUpdate

AddEventHandlerComponent: PlayMakerFixedUpdate

AddEventHandlerComponent: PlayMakerCollisionStay2D

AddEventHandlerComponent: PlayMakerFixedUpdate

AddEventHandlerComponent: PlayMakerLateUpdate

AddEventHandlerComponent: PlayMakerFixedUpdate

AddEventHandlerComponent: PlayMakerFixedUpdate

AddEventHandlerComponent: PlayMakerFixedUpdate

AddEventHandlerComponent: PlayMakerFixedUpdate

AddEventHandlerComponent: PlayMakerFixedUpdate

AddEventHandlerComponent: PlayMakerFixedUpdate

AddEventHandlerComponent: PlayMakerFixedUpdate

AddEventHandlerComponent: PlayMakerFixedUpdate

Deferring level start (marked as manual).

Unloading 47 Unused Serialized files (Serialized files now loaded: 0)

Unloading 2337 unused Assets to reduce memory usage. Loaded Objects now: 88740.
Total: 211.563500 ms (FindLiveObjects: 3.077100 ms CreateObjectMapping: 1.149500 ms MarkObjects: 203.818300 ms  DeleteObjects: 3.517900 ms)

Persistent Bool Item - Couldn't reset value on FSM because it's missing.

Persistent Bool Item - Couldn't reset value on FSM because it's missing.

Persistent Bool Item - Couldn't reset value on FSM because it's missing.

AddEventHandlerComponent: PlayMakerFixedUpdate

AddEventHandlerComponent: PlayMakerFixedUpdate

Deferring level start (marked as manual).

Persistent Bool Item (Vine Platform) does not have a PlayMakerFSM attached to read state from.

Deferring level start (marked as manual).

AddEventHandlerComponent: PlayMakerFixedUpdate

AddEventHandlerComponent: PlayMakerFixedUpdate

AddEventHandlerComponent: PlayMakerFixedUpdate

AddEventHandlerComponent: PlayMakerFixedUpdate

AddEventHandlerComponent: PlayMakerFixedUpdate

AddEventHandlerComponent: PlayMakerFixedUpdate

AddEventHandlerComponent: PlayMakerFixedUpdate

AddEventHandlerComponent: PlayMakerFixedUpdate

AddEventHandlerComponent: PlayMakerFixedUpdate

AddEventHandlerComponent: PlayMakerFixedUpdate

AddEventHandlerComponent: PlayMakerFixedUpdate

AddEventHandlerComponent: PlayMakerFixedUpdate

AddEventHandlerComponent: PlayMakerFixedUpdate

AddEventHandlerComponent: PlayMakerFixedUpdate

AddEventHandlerComponent: PlayMakerFixedUpdate

AddEventHandlerComponent: PlayMakerFixedUpdate

AddEventHandlerComponent: PlayMakerFixedUpdate

AddEventHandlerComponent: PlayMakerFixedUpdate

AddEventHandlerComponent: PlayMakerFixedUpdate

AddEventHandlerComponent: PlayMakerFixedUpdate

Deferring level start (marked as manual).

AddEventHandlerComponent: PlayMakerFixedUpdate

Deferring level start (marked as manual).

Unloading 33 Unused Serialized files (Serialized files now loaded: 0)

Unloading 1698 unused Assets to reduce memory usage. Loaded Objects now: 78538.
Total: 213.765900 ms (FindLiveObjects: 2.722600 ms CreateObjectMapping: 0.863500 ms MarkObjects: 208.496600 ms  DeleteObjects: 1.682600 ms)

PlayOneShot was called with a null AudioClip.

AddEventHandlerComponent: PlayMakerFixedUpdate

AddEventHandlerComponent: PlayMakerFixedUpdate

AddEventHandlerComponent: PlayMakerFixedUpdate

AddEventHandlerComponent: PlayMakerFixedUpdate

AddEventHandlerComponent: PlayMakerFixedUpdate

AddEventHandlerComponent: PlayMakerFixedUpdate

AddEventHandlerComponent: PlayMakerFixedUpdate

Deferring level start (marked as manual).

AddEventHandlerComponent: PlayMakerFixedUpdate

AddEventHandlerComponent: PlayMakerFixedUpdate

AddEventHandlerComponent: PlayMakerFixedUpdate

AddEventHandlerComponent: PlayMakerFixedUpdate

AddEventHandlerComponent: PlayMakerFixedUpdate

AddEventHandlerComponent: PlayMakerFixedUpdate

AddEventHandlerComponent: PlayMakerFixedUpdate

AddEventHandlerComponent: PlayMakerFixedUpdate

AddEventHandlerComponent: PlayMakerFixedUpdate

AddEventHandlerComponent: PlayMakerFixedUpdate

Deferring level start (marked as manual).

AddEventHandlerComponent: PlayMakerFixedUpdate

AddEventHandlerComponent: PlayMakerFixedUpdate

AddEventHandlerComponent: PlayMakerFixedUpdate

AddEventHandlerComponent: PlayMakerFixedUpdate

AddEventHandlerComponent: PlayMakerFixedUpdate

AddEventHandlerComponent: PlayMakerFixedUpdate

AddEventHandlerComponent: PlayMakerFixedUpdate

AddEventHandlerComponent: PlayMakerFixedUpdate

AddEventHandlerComponent: PlayMakerFixedUpdate

AddEventHandlerComponent: PlayMakerFixedUpdate

AddEventHandlerComponent: PlayMakerFixedUpdate

AddEventHandlerComponent: PlayMakerFixedUpdate

AddEventHandlerComponent: PlayMakerFixedUpdate

AddEventHandlerComponent: PlayMakerFixedUpdate

AddEventHandlerComponent: PlayMakerFixedUpdate

AddEventHandlerComponent: PlayMakerFixedUpdate

AddEventHandlerComponent: PlayMakerFixedUpdate

AddEventHandlerComponent: PlayMakerFixedUpdate

AddEventHandlerComponent: PlayMakerFixedUpdate

AddEventHandlerComponent: PlayMakerFixedUpdate

Deferring level start (marked as manual).

AddEventHandlerComponent: PlayMakerFixedUpdate

AddEventHandlerComponent: PlayMakerFixedUpdate

AddEventHandlerComponent: PlayMakerFixedUpdate

AddEventHandlerComponent: PlayMakerFixedUpdate

AddEventHandlerComponent: PlayMakerFixedUpdate

AddEventHandlerComponent: PlayMakerFixedUpdate

AddEventHandlerComponent: PlayMakerFixedUpdate

Object Pool attached to GlobalPool has run out of Strike Nail R prefabs, Instantiating an additional one.

AddEventHandlerComponent: PlayMakerFixedUpdate

AddEventHandlerComponent: PlayMakerFixedUpdate

AddEventHandlerComponent: PlayMakerFixedUpdate

AddEventHandlerComponent: PlayMakerFixedUpdate

AddEventHandlerComponent: PlayMakerFixedUpdate

AddEventHandlerComponent: PlayMakerFixedUpdate

AddEventHandlerComponent: PlayMakerFixedUpdate

AddEventHandlerComponent: PlayMakerFixedUpdate

AddEventHandlerComponent: PlayMakerFixedUpdate

AddEventHandlerComponent: PlayMakerFixedUpdate

AddEventHandlerComponent: PlayMakerFixedUpdate

AddEventHandlerComponent: PlayMakerFixedUpdate

AddEventHandlerComponent: PlayMakerFixedUpdate

AddEventHandlerComponent: PlayMakerFixedUpdate

AddEventHandlerComponent: PlayMakerFixedUpdate

AddEventHandlerComponent: PlayMakerFixedUpdate

AddEventHandlerComponent: PlayMakerFixedUpdate

AddEventHandlerComponent: PlayMakerFixedUpdate

Object Pool attached to GlobalPool has run out of Plat Grass prefabs, Instantiating an additional one.

AddEventHandlerComponent: PlayMakerFixedUpdate

AddEventHandlerComponent: PlayMakerFixedUpdate

AddEventHandlerComponent: PlayMakerFixedUpdate

AddEventHandlerComponent: PlayMakerFixedUpdate

AddEventHandlerComponent: PlayMakerFixedUpdate

AddEventHandlerComponent: PlayMakerFixedUpdate

AddEventHandlerComponent: PlayMakerFixedUpdate

AddEventHandlerComponent: PlayMakerFixedUpdate

AddEventHandlerComponent: PlayMakerFixedUpdate

AddEventHandlerComponent: PlayMakerFixedUpdate

AddEventHandlerComponent: PlayMakerFixedUpdate

AddEventHandlerComponent: PlayMakerFixedUpdate

AddEventHandlerComponent: PlayMakerFixedUpdate

AddEventHandlerComponent: PlayMakerFixedUpdate

Persistent Bool Item (Vine Platform) does not have a PlayMakerFSM attached to read state from.

Persistent Bool Item (Vine Platform (2)) does not have a PlayMakerFSM attached to read state from.

Persistent Bool Item (Vine Platform (1)) does not have a PlayMakerFSM attached to read state from.

Deferring level start (marked as manual).

AddEventHandlerComponent: PlayMakerFixedUpdate

Deferring level start (marked as manual).

Unloading 42 Unused Serialized files (Serialized files now loaded: 0)

Unloading 1488 unused Assets to reduce memory usage. Loaded Objects now: 78598.
Total: 217.727700 ms (FindLiveObjects: 2.713000 ms CreateObjectMapping: 1.349400 ms MarkObjects: 212.221300 ms  DeleteObjects: 1.443500 ms)

PlayOneShot was called with a null AudioClip.

AddEventHandlerComponent: PlayMakerFixedUpdate

AddEventHandlerComponent: PlayMakerFixedUpdate

AddEventHandlerComponent: PlayMakerFixedUpdate

AddEventHandlerComponent: PlayMakerFixedUpdate

AddEventHandlerComponent: PlayMakerFixedUpdate

AddEventHandlerComponent: PlayMakerFixedUpdate

AddEventHandlerComponent: PlayMakerFixedUpdate

Deferring level start (marked as manual).

AddEventHandlerComponent: PlayMakerFixedUpdate

AddEventHandlerComponent: PlayMakerFixedUpdate

AddEventHandlerComponent: PlayMakerFixedUpdate

AddEventHandlerComponent: PlayMakerFixedUpdate

AddEventHandlerComponent: PlayMakerFixedUpdate

AddEventHandlerComponent: PlayMakerFixedUpdate

AddEventHandlerComponent: PlayMakerFixedUpdate

AddEventHandlerComponent: PlayMakerFixedUpdate

Deferring level start (marked as manual).

AddEventHandlerComponent: PlayMakerFixedUpdate

AddEventHandlerComponent: PlayMakerFixedUpdate

Deferring level start (marked as manual).

No area with identifier "NOEYES_TEMPLE" found in area list. Creating default SubArea.

AddEventHandlerComponent: PlayMakerFixedUpdate

AddEventHandlerComponent: PlayMakerFixedUpdate

AddEventHandlerComponent: PlayMakerFixedUpdate

AddEventHandlerComponent: PlayMakerFixedUpdate

AddEventHandlerComponent: PlayMakerFixedUpdate

AddEventHandlerComponent: PlayMakerFixedUpdate

Deferring level start (marked as manual).

AddEventHandlerComponent: PlayMakerFixedUpdate

AddEventHandlerComponent: PlayMakerFixedUpdate

Deferring level start (marked as manual).

AddEventHandlerComponent: PlayMakerFixedUpdate

AddEventHandlerComponent: PlayMakerFixedUpdate

AddEventHandlerComponent: PlayMakerFixedUpdate

AddEventHandlerComponent: PlayMakerFixedUpdate

Deferring level start (marked as manual).

AddEventHandlerComponent: PlayMakerFixedUpdate

AddEventHandlerComponent: PlayMakerFixedUpdate

AddEventHandlerComponent: PlayMakerFixedUpdate

AddEventHandlerComponent: PlayMakerFixedUpdate

AddEventHandlerComponent: PlayMakerFixedUpdate

AddEventHandlerComponent: PlayMakerFixedUpdate

AddEventHandlerComponent: PlayMakerFixedUpdate

Deferring level start (marked as manual).

AddEventHandlerComponent: PlayMakerFixedUpdate

AddEventHandlerComponent: PlayMakerFixedUpdate

AddEventHandlerComponent: PlayMakerFixedUpdate

AddEventHandlerComponent: PlayMakerFixedUpdate

AddEventHandlerComponent: PlayMakerFixedUpdate

AddEventHandlerComponent: PlayMakerFixedUpdate

AddEventHandlerComponent: PlayMakerFixedUpdate

AddEventHandlerComponent: PlayMakerFixedUpdate

AddEventHandlerComponent: PlayMakerFixedUpdate

AddEventHandlerComponent: PlayMakerFixedUpdate

AddEventHandlerComponent: PlayMakerFixedUpdate

AddEventHandlerComponent: PlayMakerFixedUpdate

AddEventHandlerComponent: PlayMakerFixedUpdate

AddEventHandlerComponent: PlayMakerFixedUpdate

AddEventHandlerComponent: PlayMakerFixedUpdate

AddEventHandlerComponent: PlayMakerFixedUpdate

Deferring level start (marked as manual).

AddEventHandlerComponent: PlayMakerCollisionEnter2D

AddEventHandlerComponent: PlayMakerFixedUpdate

AddEventHandlerComponent: PlayMakerCollisionEnter2D

AddEventHandlerComponent: PlayMakerFixedUpdate

AddEventHandlerComponent: PlayMakerCollisionEnter2D

AddEventHandlerComponent: PlayMakerFixedUpdate

AddEventHandlerComponent: PlayMakerCollisionEnter2D

AddEventHandlerComponent: PlayMakerFixedUpdate

AddEventHandlerComponent: PlayMakerCollisionEnter2D

AddEventHandlerComponent: PlayMakerFixedUpdate

AddEventHandlerComponent: PlayMakerCollisionEnter2D

AddEventHandlerComponent: PlayMakerFixedUpdate

AddEventHandlerComponent: PlayMakerFixedUpdate

AddEventHandlerComponent: PlayMakerFixedUpdate

AddEventHandlerComponent: PlayMakerFixedUpdate

AddEventHandlerComponent: PlayMakerFixedUpdate

AddEventHandlerComponent: PlayMakerFixedUpdate

AddEventHandlerComponent: PlayMakerFixedUpdate

AddEventHandlerComponent: PlayMakerFixedUpdate

PlayOneShot was called with a null AudioClip.

PlayOneShot was called with a null AudioClip.

PlayOneShot was called with a null AudioClip.

PlayOneShot was called with a null AudioClip.

AddEventHandlerComponent: PlayMakerCollisionEnter2D

AddEventHandlerComponent: PlayMakerFixedUpdate

PlayOneShot was called with a null AudioClip.

PlayOneShot was called with a null AudioClip.

PlayOneShot was called with a null AudioClip.

AddEventHandlerComponent: PlayMakerFixedUpdate

AddEventHandlerComponent: PlayMakerFixedUpdate

AddEventHandlerComponent: PlayMakerFixedUpdate

AddEventHandlerComponent: PlayMakerFixedUpdate

AddEventHandlerComponent: PlayMakerFixedUpdate

AddEventHandlerComponent: PlayMakerFixedUpdate

AddEventHandlerComponent: PlayMakerFixedUpdate

AddEventHandlerComponent: PlayMakerFixedUpdate

AddEventHandlerComponent: PlayMakerFixedUpdate

AddEventHandlerComponent: PlayMakerFixedUpdate

AddEventHandlerComponent: PlayMakerFixedUpdate

AddEventHandlerComponent: PlayMakerFixedUpdate

AddEventHandlerComponent: PlayMakerFixedUpdate

AddEventHandlerComponent: PlayMakerFixedUpdate

AddEventHandlerComponent: PlayMakerFixedUpdate

AddEventHandlerComponent: PlayMakerFixedUpdate

AddEventHandlerComponent: PlayMakerFixedUpdate

AddEventHandlerComponent: PlayMakerFixedUpdate

AddEventHandlerComponent: PlayMakerFixedUpdate

AddEventHandlerComponent: PlayMakerFixedUpdate

AddEventHandlerComponent: PlayMakerFixedUpdate

Deferring level start (marked as manual).

AddEventHandlerComponent: PlayMakerCollisionEnter2D

AddEventHandlerComponent: PlayMakerFixedUpdate

AddEventHandlerComponent: PlayMakerCollisionEnter2D

AddEventHandlerComponent: PlayMakerFixedUpdate

AddEventHandlerComponent: PlayMakerCollisionEnter2D

AddEventHandlerComponent: PlayMakerFixedUpdate

AddEventHandlerComponent: PlayMakerCollisionEnter2D

AddEventHandlerComponent: PlayMakerFixedUpdate

AddEventHandlerComponent: PlayMakerCollisionEnter2D

AddEventHandlerComponent: PlayMakerFixedUpdate

AddEventHandlerComponent: PlayMakerCollisionEnter2D

AddEventHandlerComponent: PlayMakerFixedUpdate

AddEventHandlerComponent: PlayMakerFixedUpdate

AddEventHandlerComponent: PlayMakerFixedUpdate

AddEventHandlerComponent: PlayMakerFixedUpdate

AddEventHandlerComponent: PlayMakerFixedUpdate

AddEventHandlerComponent: PlayMakerFixedUpdate

AddEventHandlerComponent: PlayMakerFixedUpdate

AddEventHandlerComponent: PlayMakerFixedUpdate

AddEventHandlerComponent: PlayMakerFixedUpdate

AddEventHandlerComponent: PlayMakerFixedUpdate

AddEventHandlerComponent: PlayMakerFixedUpdate

AddEventHandlerComponent: PlayMakerFixedUpdate

AddEventHandlerComponent: PlayMakerFixedUpdate

AddEventHandlerComponent: PlayMakerFixedUpdate

PlayOneShot was called with a null AudioClip.

PlayOneShot was called with a null AudioClip.

PlayOneShot was called with a null AudioClip.

PlayOneShot was called with a null AudioClip.

PlayOneShot was called with a null AudioClip.

PlayOneShot was called with a null AudioClip.

PlayOneShot was called with a null AudioClip.

AddEventHandlerComponent: PlayMakerFixedUpdate

AddEventHandlerComponent: PlayMakerFixedUpdate

AddEventHandlerComponent: PlayMakerFixedUpdate

AddEventHandlerComponent: PlayMakerFixedUpdate

AddEventHandlerComponent: PlayMakerFixedUpdate

AddEventHandlerComponent: PlayMakerFixedUpdate

AddEventHandlerComponent: PlayMakerFixedUpdate

AddEventHandlerComponent: PlayMakerFixedUpdate

AddEventHandlerComponent: PlayMakerFixedUpdate

AddEventHandlerComponent: PlayMakerFixedUpdate

AddEventHandlerComponent: PlayMakerFixedUpdate

AddEventHandlerComponent: PlayMakerFixedUpdate

AddEventHandlerComponent: PlayMakerFixedUpdate

Deferring level start (marked as manual).

AddEventHandlerComponent: PlayMakerCollisionEnter2D

AddEventHandlerComponent: PlayMakerFixedUpdate

AddEventHandlerComponent: PlayMakerCollisionEnter2D

AddEventHandlerComponent: PlayMakerFixedUpdate

AddEventHandlerComponent: PlayMakerCollisionEnter2D

AddEventHandlerComponent: PlayMakerFixedUpdate

AddEventHandlerComponent: PlayMakerCollisionEnter2D

AddEventHandlerComponent: PlayMakerFixedUpdate

AddEventHandlerComponent: PlayMakerCollisionEnter2D

AddEventHandlerComponent: PlayMakerFixedUpdate

AddEventHandlerComponent: PlayMakerCollisionEnter2D

AddEventHandlerComponent: PlayMakerFixedUpdate

AddEventHandlerComponent: PlayMakerFixedUpdate

AddEventHandlerComponent: PlayMakerFixedUpdate

AddEventHandlerComponent: PlayMakerFixedUpdate

AddEventHandlerComponent: PlayMakerFixedUpdate

AddEventHandlerComponent: PlayMakerFixedUpdate

AddEventHandlerComponent: PlayMakerFixedUpdate

AddEventHandlerComponent: PlayMakerFixedUpdate

PlayOneShot was called with a null AudioClip.

PlayOneShot was called with a null AudioClip.

PlayOneShot was called with a null AudioClip.

PlayOneShot was called with a null AudioClip.

PlayOneShot was called with a null AudioClip.

PlayOneShot was called with a null AudioClip.

PlayOneShot was called with a null AudioClip.

PlayOneShot was called with a null AudioClip.

AddEventHandlerComponent: PlayMakerCollisionEnter2D

AddEventHandlerComponent: PlayMakerFixedUpdate

PlayOneShot was called with a null AudioClip.

PlayOneShot was called with a null AudioClip.

PlayOneShot was called with a null AudioClip.

PlayOneShot was called with a null AudioClip.

PlayOneShot was called with a null AudioClip.

PlayOneShot was called with a null AudioClip.

PlayOneShot was called with a null AudioClip.

PlayOneShot was called with a null AudioClip.

PlayOneShot was called with a null AudioClip.

PlayOneShot was called with a null AudioClip.

PlayOneShot was called with a null AudioClip.

PlayOneShot was called with a null AudioClip.

PlayOneShot was called with a null AudioClip.

AddEventHandlerComponent: PlayMakerFixedUpdate

AddEventHandlerComponent: PlayMakerFixedUpdate

AddEventHandlerComponent: PlayMakerFixedUpdate

AddEventHandlerComponent: PlayMakerFixedUpdate

AddEventHandlerComponent: PlayMakerFixedUpdate

AddEventHandlerComponent: PlayMakerFixedUpdate

AddEventHandlerComponent: PlayMakerFixedUpdate

AddEventHandlerComponent: PlayMakerFixedUpdate

AddEventHandlerComponent: PlayMakerFixedUpdate

AddEventHandlerComponent: PlayMakerFixedUpdate

AddEventHandlerComponent: PlayMakerFixedUpdate

AddEventHandlerComponent: PlayMakerFixedUpdate

AddEventHandlerComponent: PlayMakerFixedUpdate

AddEventHandlerComponent: PlayMakerFixedUpdate

AddEventHandlerComponent: PlayMakerFixedUpdate

Deferring level start (marked as manual).

AddEventHandlerComponent: PlayMakerCollisionEnter2D

AddEventHandlerComponent: PlayMakerFixedUpdate

AddEventHandlerComponent: PlayMakerCollisionEnter2D

AddEventHandlerComponent: PlayMakerFixedUpdate

AddEventHandlerComponent: PlayMakerCollisionEnter2D

AddEventHandlerComponent: PlayMakerFixedUpdate

AddEventHandlerComponent: PlayMakerCollisionEnter2D

AddEventHandlerComponent: PlayMakerFixedUpdate

AddEventHandlerComponent: PlayMakerCollisionEnter2D

AddEventHandlerComponent: PlayMakerFixedUpdate

AddEventHandlerComponent: PlayMakerFixedUpdate

AddEventHandlerComponent: PlayMakerFixedUpdate

AddEventHandlerComponent: PlayMakerFixedUpdate

AddEventHandlerComponent: PlayMakerFixedUpdate

AddEventHandlerComponent: PlayMakerFixedUpdate

AddEventHandlerComponent: PlayMakerFixedUpdate

AddEventHandlerComponent: PlayMakerFixedUpdate

AddEventHandlerComponent: PlayMakerFixedUpdate

AddEventHandlerComponent: PlayMakerFixedUpdate

AddEventHandlerComponent: PlayMakerFixedUpdate

PlayOneShot was called with a null AudioClip.

PlayOneShot was called with a null AudioClip.

PlayOneShot was called with a null AudioClip.

PlayOneShot was called with a null AudioClip.

PlayOneShot was called with a null AudioClip.

PlayOneShot was called with a null AudioClip.

PlayOneShot was called with a null AudioClip.

PlayOneShot was called with a null AudioClip.

PlayOneShot was called with a null AudioClip.

AddEventHandlerComponent: PlayMakerCollisionEnter2D

AddEventHandlerComponent: PlayMakerFixedUpdate

PlayOneShot was called with a null AudioClip.

PlayOneShot was called with a null AudioClip.

PlayOneShot was called with a null AudioClip.

PlayOneShot was called with a null AudioClip.

PlayOneShot was called with a null AudioClip.

AddEventHandlerComponent: PlayMakerFixedUpdate

AddEventHandlerComponent: PlayMakerFixedUpdate

Deferring level start (marked as manual).

AddEventHandlerComponent: PlayMakerFixedUpdate

AddEventHandlerComponent: PlayMakerFixedUpdate

AddEventHandlerComponent: PlayMakerFixedUpdate

AddEventHandlerComponent: PlayMakerFixedUpdate

Deferring level start (marked as manual).

AddEventHandlerComponent: PlayMakerFixedUpdate

AddEventHandlerComponent: PlayMakerFixedUpdate

Deferring level start (marked as manual).

AddEventHandlerComponent: PlayMakerFixedUpdate

AddEventHandlerComponent: PlayMakerFixedUpdate

AddEventHandlerComponent: PlayMakerFixedUpdate

AddEventHandlerComponent: PlayMakerFixedUpdate

Deferring level start (marked as manual).

AddEventHandlerComponent: PlayMakerFixedUpdate

AddEventHandlerComponent: PlayMakerFixedUpdate

Deferring level start (marked as manual).

Coroutine couldn't be started because the the game object 'Area Title Controller (2)' is inactive!

AddEventHandlerComponent: PlayMakerFixedUpdate

AddEventHandlerComponent: PlayMakerFixedUpdate

AddEventHandlerComponent: PlayMakerFixedUpdate

AddEventHandlerComponent: PlayMakerFixedUpdate

AddEventHandlerComponent: PlayMakerFixedUpdate

AddEventHandlerComponent: PlayMakerFixedUpdate

AddEventHandlerComponent: PlayMakerFixedUpdate

AddEventHandlerComponent: PlayMakerFixedUpdate

AddEventHandlerComponent: PlayMakerFixedUpdate

AddEventHandlerComponent: PlayMakerFixedUpdate

AddEventHandlerComponent: PlayMakerFixedUpdate

AddEventHandlerComponent: PlayMakerFixedUpdate

AddEventHandlerComponent: PlayMakerFixedUpdate

AddEventHandlerComponent: PlayMakerFixedUpdate

AddEventHandlerComponent: PlayMakerFixedUpdate

Deferring level start (marked as manual).

AddEventHandlerComponent: PlayMakerFixedUpdate

AddEventHandlerComponent: PlayMakerFixedUpdate

AddEventHandlerComponent: PlayMakerFixedUpdate

AddEventHandlerComponent: PlayMakerFixedUpdate

AddEventHandlerComponent: PlayMakerFixedUpdate

AddEventHandlerComponent: PlayMakerFixedUpdate

AddEventHandlerComponent: PlayMakerFixedUpdate

AddEventHandlerComponent: PlayMakerFixedUpdate

AddEventHandlerComponent: PlayMakerFixedUpdate

AddEventHandlerComponent: PlayMakerFixedUpdate

AddEventHandlerComponent: PlayMakerFixedUpdate

AddEventHandlerComponent: PlayMakerFixedUpdate

AddEventHandlerComponent: PlayMakerFixedUpdate

AddEventHandlerComponent: PlayMakerFixedUpdate

AddEventHandlerComponent: PlayMakerFixedUpdate

AddEventHandlerComponent: PlayMakerFixedUpdate

AddEventHandlerComponent: PlayMakerFixedUpdate

AddEventHandlerComponent: PlayMakerFixedUpdate

AddEventHandlerComponent: PlayMakerFixedUpdate

AddEventHandlerComponent: PlayMakerFixedUpdate

AddEventHandlerComponent: PlayMakerFixedUpdate

AddEventHandlerComponent: PlayMakerFixedUpdate

AddEventHandlerComponent: PlayMakerFixedUpdate

AddEventHandlerComponent: PlayMakerFixedUpdate

AddEventHandlerComponent: PlayMakerFixedUpdate

PlayOneShot was called with a null AudioClip.

PlayOneShot was called with a null AudioClip.

PlayOneShot was called with a null AudioClip.

AddEventHandlerComponent: PlayMakerFixedUpdate

AddEventHandlerComponent: PlayMakerFixedUpdate

AddEventHandlerComponent: PlayMakerFixedUpdate

AddEventHandlerComponent: PlayMakerFixedUpdate

AddEventHandlerComponent: PlayMakerFixedUpdate

AddEventHandlerComponent: PlayMakerFixedUpdate

AddEventHandlerComponent: PlayMakerFixedUpdate

AddEventHandlerComponent: PlayMakerFixedUpdate

AddEventHandlerComponent: PlayMakerFixedUpdate

AddEventHandlerComponent: PlayMakerFixedUpdate

AddEventHandlerComponent: PlayMakerFixedUpdate

AddEventHandlerComponent: PlayMakerFixedUpdate

AddEventHandlerComponent: PlayMakerFixedUpdate

AddEventHandlerComponent: PlayMakerFixedUpdate

AddEventHandlerComponent: PlayMakerFixedUpdate

AddEventHandlerComponent: PlayMakerFixedUpdate

Deferring level start (marked as manual).

AddEventHandlerComponent: PlayMakerFixedUpdate

AddEventHandlerComponent: PlayMakerFixedUpdate

AddEventHandlerComponent: PlayMakerFixedUpdate

AddEventHandlerComponent: PlayMakerFixedUpdate

AddEventHandlerComponent: PlayMakerFixedUpdate

AddEventHandlerComponent: PlayMakerFixedUpdate

AddEventHandlerComponent: PlayMakerFixedUpdate

AddEventHandlerComponent: PlayMakerFixedUpdate

AddEventHandlerComponent: PlayMakerFixedUpdate

AddEventHandlerComponent: PlayMakerFixedUpdate

AddEventHandlerComponent: PlayMakerFixedUpdate

AddEventHandlerComponent: PlayMakerFixedUpdate

AddEventHandlerComponent: PlayMakerFixedUpdate

AddEventHandlerComponent: PlayMakerFixedUpdate

AddEventHandlerComponent: PlayMakerFixedUpdate

AddEventHandlerComponent: PlayMakerFixedUpdate

AddEventHandlerComponent: PlayMakerFixedUpdate

AddEventHandlerComponent: PlayMakerFixedUpdate

AddEventHandlerComponent: PlayMakerFixedUpdate

AddEventHandlerComponent: PlayMakerFixedUpdate

AddEventHandlerComponent: PlayMakerFixedUpdate

AddEventHandlerComponent: PlayMakerFixedUpdate

AddEventHandlerComponent: PlayMakerFixedUpdate

AddEventHandlerComponent: PlayMakerFixedUpdate

AddEventHandlerComponent: PlayMakerFixedUpdate

AddEventHandlerComponent: PlayMakerFixedUpdate

AddEventHandlerComponent: PlayMakerFixedUpdate

Deferring level start (marked as manual).

AddEventHandlerComponent: PlayMakerFixedUpdate

AddEventHandlerComponent: PlayMakerFixedUpdate

AddEventHandlerComponent: PlayMakerFixedUpdate

AddEventHandlerComponent: PlayMakerFixedUpdate

AddEventHandlerComponent: PlayMakerFixedUpdate

AddEventHandlerComponent: PlayMakerFixedUpdate

PlayOneShot was called with a null AudioClip.

PlayOneShot was called with a null AudioClip.

PlayOneShot was called with a null AudioClip.

Object Pool attached to GlobalPool could not find a copy of Spore Plat Dust, Instantiating a new one.

Object Pool attached to GlobalPool has run out of Spore Plat Dust prefabs, Instantiating an additional one.

PlayOneShot was called with a null AudioClip.

AddEventHandlerComponent: PlayMakerFixedUpdate

AddEventHandlerComponent: PlayMakerFixedUpdate

AddEventHandlerComponent: PlayMakerFixedUpdate

AddEventHandlerComponent: PlayMakerFixedUpdate

AddEventHandlerComponent: PlayMakerFixedUpdate

AddEventHandlerComponent: PlayMakerFixedUpdate

AddEventHandlerComponent: PlayMakerFixedUpdate

AddEventHandlerComponent: PlayMakerFixedUpdate

AddEventHandlerComponent: PlayMakerFixedUpdate

AddEventHandlerComponent: PlayMakerFixedUpdate

AddEventHandlerComponent: PlayMakerFixedUpdate

AddEventHandlerComponent: PlayMakerFixedUpdate

AddEventHandlerComponent: PlayMakerFixedUpdate

AddEventHandlerComponent: PlayMakerFixedUpdate

AddEventHandlerComponent: PlayMakerFixedUpdate

AddEventHandlerComponent: PlayMakerFixedUpdate

AddEventHandlerComponent: PlayMakerFixedUpdate

AddEventHandlerComponent: PlayMakerFixedUpdate

AddEventHandlerComponent: PlayMakerFixedUpdate

AddEventHandlerComponent: PlayMakerFixedUpdate

AddEventHandlerComponent: PlayMakerFixedUpdate

AddEventHandlerComponent: PlayMakerFixedUpdate

AddEventHandlerComponent: PlayMakerFixedUpdate

AddEventHandlerComponent: PlayMakerFixedUpdate

AddEventHandlerComponent: PlayMakerFixedUpdate

AddEventHandlerComponent: PlayMakerFixedUpdate

AddEventHandlerComponent: PlayMakerFixedUpdate

AddEventHandlerComponent: PlayMakerFixedUpdate

AddEventHandlerComponent: PlayMakerFixedUpdate

AddEventHandlerComponent: PlayMakerFixedUpdate

AddEventHandlerComponent: PlayMakerFixedUpdate

AddEventHandlerComponent: PlayMakerFixedUpdate

AddEventHandlerComponent: PlayMakerFixedUpdate

AddEventHandlerComponent: PlayMakerFixedUpdate

AddEventHandlerComponent: PlayMakerFixedUpdate

AddEventHandlerComponent: PlayMakerFixedUpdate

AddEventHandlerComponent: PlayMakerFixedUpdate

AddEventHandlerComponent: PlayMakerFixedUpdate

AddEventHandlerComponent: PlayMakerFixedUpdate

AddEventHandlerComponent: PlayMakerFixedUpdate

AddEventHandlerComponent: PlayMakerFixedUpdate

AddEventHandlerComponent: PlayMakerFixedUpdate

AddEventHandlerComponent: PlayMakerFixedUpdate

AddEventHandlerComponent: PlayMakerFixedUpdate

AddEventHandlerComponent: PlayMakerFixedUpdate

AddEventHandlerComponent: PlayMakerFixedUpdate

AddEventHandlerComponent: PlayMakerFixedUpdate

AddEventHandlerComponent: PlayMakerFixedUpdate

AddEventHandlerComponent: PlayMakerFixedUpdate

AddEventHandlerComponent: PlayMakerFixedUpdate

AddEventHandlerComponent: PlayMakerFixedUpdate

AddEventHandlerComponent: PlayMakerFixedUpdate

AddEventHandlerComponent: PlayMakerFixedUpdate

AddEventHandlerComponent: PlayMakerFixedUpdate

AddEventHandlerComponent: PlayMakerFixedUpdate

AddEventHandlerComponent: PlayMakerFixedUpdate

AddEventHandlerComponent: PlayMakerFixedUpdate

AddEventHandlerComponent: PlayMakerFixedUpdate

AddEventHandlerComponent: PlayMakerFixedUpdate

AddEventHandlerComponent: PlayMakerFixedUpdate

PlayOneShot was called with a null AudioClip.

PlayOneShot was called with a null AudioClip.

PlayOneShot was called with a null AudioClip.

PlayOneShot was called with a null AudioClip.

PlayOneShot was called with a null AudioClip.

PlayOneShot was called with a null AudioClip.

AddEventHandlerComponent: PlayMakerFixedUpdate

AddEventHandlerComponent: PlayMakerFixedUpdate

AddEventHandlerComponent: PlayMakerFixedUpdate

AddEventHandlerComponent: PlayMakerFixedUpdate

AddEventHandlerComponent: PlayMakerFixedUpdate

AddEventHandlerComponent: PlayMakerFixedUpdate

Deferring level start (marked as manual).

PlayOneShot was called with a null AudioClip.

AddEventHandlerComponent: PlayMakerFixedUpdate

PlayOneShot was called with a null AudioClip.

AddEventHandlerComponent: PlayMakerFixedUpdate

PlayOneShot was called with a null AudioClip.

PlayOneShot was called with a null AudioClip.

AddEventHandlerComponent: PlayMakerFixedUpdate

PlayOneShot was called with a null AudioClip.

PlayOneShot was called with a null AudioClip.

AddEventHandlerComponent: PlayMakerFixedUpdate

AddEventHandlerComponent: PlayMakerFixedUpdate

AddEventHandlerComponent: PlayMakerFixedUpdate

AddEventHandlerComponent: PlayMakerFixedUpdate

AddEventHandlerComponent: PlayMakerFixedUpdate

AddEventHandlerComponent: PlayMakerFixedUpdate

AddEventHandlerComponent: PlayMakerFixedUpdate

AddEventHandlerComponent: PlayMakerFixedUpdate

AddEventHandlerComponent: PlayMakerFixedUpdate

AddEventHandlerComponent: PlayMakerFixedUpdate

AddEventHandlerComponent: PlayMakerFixedUpdate

AddEventHandlerComponent: PlayMakerFixedUpdate

AddEventHandlerComponent: PlayMakerFixedUpdate

AddEventHandlerComponent: PlayMakerFixedUpdate

AddEventHandlerComponent: PlayMakerFixedUpdate

Deferring level start (marked as manual).

PlayOneShot was called with a null AudioClip.

AddEventHandlerComponent: PlayMakerFixedUpdate

AddEventHandlerComponent: PlayMakerFixedUpdate

AddEventHandlerComponent: PlayMakerFixedUpdate

AddEventHandlerComponent: PlayMakerFixedUpdate

AddEventHandlerComponent: PlayMakerFixedUpdate

AddEventHandlerComponent: PlayMakerFixedUpdate

AddEventHandlerComponent: PlayMakerFixedUpdate

AddEventHandlerComponent: PlayMakerFixedUpdate

AddEventHandlerComponent: PlayMakerFixedUpdate

AddEventHandlerComponent: PlayMakerFixedUpdate

AddEventHandlerComponent: PlayMakerFixedUpdate

AddEventHandlerComponent: PlayMakerFixedUpdate

AddEventHandlerComponent: PlayMakerFixedUpdate

AddEventHandlerComponent: PlayMakerFixedUpdate

AddEventHandlerComponent: PlayMakerFixedUpdate

AddEventHandlerComponent: PlayMakerFixedUpdate

AddEventHandlerComponent: PlayMakerFixedUpdate

AddEventHandlerComponent: PlayMakerFixedUpdate

AddEventHandlerComponent: PlayMakerFixedUpdate

AddEventHandlerComponent: PlayMakerFixedUpdate

AddEventHandlerComponent: PlayMakerFixedUpdate

AddEventHandlerComponent: PlayMakerFixedUpdate

AddEventHandlerComponent: PlayMakerFixedUpdate

AddEventHandlerComponent: PlayMakerFixedUpdate

AddEventHandlerComponent: PlayMakerFixedUpdate

AddEventHandlerComponent: PlayMakerFixedUpdate

AddEventHandlerComponent: PlayMakerFixedUpdate

AddEventHandlerComponent: PlayMakerFixedUpdate

PlayOneShot was called with a null AudioClip.

AddEventHandlerComponent: PlayMakerFixedUpdate

AddEventHandlerComponent: PlayMakerFixedUpdate

AddEventHandlerComponent: PlayMakerFixedUpdate

AddEventHandlerComponent: PlayMakerFixedUpdate

AddEventHandlerComponent: PlayMakerFixedUpdate

AddEventHandlerComponent: PlayMakerFixedUpdate

AddEventHandlerComponent: PlayMakerFixedUpdate

AddEventHandlerComponent: PlayMakerFixedUpdate

AddEventHandlerComponent: PlayMakerFixedUpdate

AddEventHandlerComponent: PlayMakerFixedUpdate

AddEventHandlerComponent: PlayMakerFixedUpdate

AddEventHandlerComponent: PlayMakerFixedUpdate

PlayOneShot was called with a null AudioClip.

PlayOneShot was called with a null AudioClip.

PlayOneShot was called with a null AudioClip.

AddEventHandlerComponent: PlayMakerFixedUpdate

AddEventHandlerComponent: PlayMakerFixedUpdate

AddEventHandlerComponent: PlayMakerFixedUpdate

AddEventHandlerComponent: PlayMakerFixedUpdate

AddEventHandlerComponent: PlayMakerFixedUpdate

AddEventHandlerComponent: PlayMakerFixedUpdate

Deferring level start (marked as manual).

AddEventHandlerComponent: PlayMakerFixedUpdate

AddEventHandlerComponent: PlayMakerFixedUpdate

AddEventHandlerComponent: PlayMakerFixedUpdate

AddEventHandlerComponent: PlayMakerFixedUpdate

AddEventHandlerComponent: PlayMakerFixedUpdate

AddEventHandlerComponent: PlayMakerFixedUpdate

AddEventHandlerComponent: PlayMakerFixedUpdate

AddEventHandlerComponent: PlayMakerFixedUpdate

AddEventHandlerComponent: PlayMakerFixedUpdate

AddEventHandlerComponent: PlayMakerFixedUpdate

AddEventHandlerComponent: PlayMakerFixedUpdate

AddEventHandlerComponent: PlayMakerFixedUpdate

AddEventHandlerComponent: PlayMakerFixedUpdate

AddEventHandlerComponent: PlayMakerFixedUpdate

AddEventHandlerComponent: PlayMakerFixedUpdate

Deferring level start (marked as manual).

AddEventHandlerComponent: PlayMakerFixedUpdate

AddEventHandlerComponent: PlayMakerFixedUpdate

AddEventHandlerComponent: PlayMakerFixedUpdate

AddEventHandlerComponent: PlayMakerFixedUpdate

AddEventHandlerComponent: PlayMakerFixedUpdate

AddEventHandlerComponent: PlayMakerFixedUpdate

Deferring level start (marked as manual).

AddEventHandlerComponent: PlayMakerFixedUpdate

AddEventHandlerComponent: PlayMakerFixedUpdate

AddEventHandlerComponent: PlayMakerFixedUpdate

AddEventHandlerComponent: PlayMakerFixedUpdate

AddEventHandlerComponent: PlayMakerFixedUpdate

Deferring level start (marked as manual).

AddEventHandlerComponent: PlayMakerFixedUpdate

AddEventHandlerComponent: PlayMakerFixedUpdate

AddEventHandlerComponent: PlayMakerFixedUpdate

AddEventHandlerComponent: PlayMakerFixedUpdate

AddEventHandlerComponent: PlayMakerFixedUpdate

AddEventHandlerComponent: PlayMakerFixedUpdate

AddEventHandlerComponent: PlayMakerFixedUpdate

AddEventHandlerComponent: PlayMakerFixedUpdate

Could not find FSM: damages_hero

AddEventHandlerComponent: PlayMakerFixedUpdate

AddEventHandlerComponent: PlayMakerFixedUpdate

Could not find FSM: damages_hero

Could not find FSM: damages_hero

Could not find FSM: damages_hero

AddEventHandlerComponent: PlayMakerFixedUpdate

AddEventHandlerComponent: PlayMakerFixedUpdate

AddEventHandlerComponent: PlayMakerFixedUpdate

AddEventHandlerComponent: PlayMakerFixedUpdate

Deferring level start (marked as manual).

AddEventHandlerComponent: PlayMakerFixedUpdate

AddEventHandlerComponent: PlayMakerFixedUpdate

AddEventHandlerComponent: PlayMakerFixedUpdate

AddEventHandlerComponent: PlayMakerFixedUpdate

AddEventHandlerComponent: PlayMakerFixedUpdate

AddEventHandlerComponent: PlayMakerFixedUpdate

AddEventHandlerComponent: PlayMakerFixedUpdate

Deferring level start (marked as manual).

Could not find FSM: Enough Geo

AddEventHandlerComponent: PlayMakerFixedUpdate

AddEventHandlerComponent: PlayMakerFixedUpdate

AddEventHandlerComponent: PlayMakerFixedUpdate

AddEventHandlerComponent: PlayMakerFixedUpdate

Deferring level start (marked as manual).

AddEventHandlerComponent: PlayMakerFixedUpdate

AddEventHandlerComponent: PlayMakerFixedUpdate

AddEventHandlerComponent: PlayMakerFixedUpdate

AddEventHandlerComponent: PlayMakerFixedUpdate

AddEventHandlerComponent: PlayMakerFixedUpdate

AddEventHandlerComponent: PlayMakerFixedUpdate

AddEventHandlerComponent: PlayMakerFixedUpdate

AddEventHandlerComponent: PlayMakerFixedUpdate

AddEventHandlerComponent: PlayMakerFixedUpdate

AddEventHandlerComponent: PlayMakerFixedUpdate

Deferring level start (marked as manual).

PlayOneShot was called with a null AudioClip.

AddEventHandlerComponent: PlayMakerFixedUpdate

AddEventHandlerComponent: PlayMakerFixedUpdate

AddEventHandlerComponent: PlayMakerFixedUpdate

AddEventHandlerComponent: PlayMakerFixedUpdate

AddEventHandlerComponent: PlayMakerFixedUpdate

AddEventHandlerComponent: PlayMakerFixedUpdate

AddEventHandlerComponent: PlayMakerFixedUpdate

AddEventHandlerComponent: PlayMakerFixedUpdate

AddEventHandlerComponent: PlayMakerFixedUpdate

AddEventHandlerComponent: PlayMakerFixedUpdate

AddEventHandlerComponent: PlayMakerFixedUpdate

AddEventHandlerComponent: PlayMakerFixedUpdate

AddEventHandlerComponent: PlayMakerFixedUpdate

AddEventHandlerComponent: PlayMakerFixedUpdate

AddEventHandlerComponent: PlayMakerFixedUpdate

AddEventHandlerComponent: PlayMakerFixedUpdate

AddEventHandlerComponent: PlayMakerFixedUpdate

AddEventHandlerComponent: PlayMakerFixedUpdate

AddEventHandlerComponent: PlayMakerFixedUpdate

AddEventHandlerComponent: PlayMakerFixedUpdate

Object Pool attached to GlobalPool has run out of Gas Projectile Quick prefabs, Instantiating an additional one.

AddEventHandlerComponent: PlayMakerFixedUpdate

Object Pool attached to GlobalPool has run out of Gas Projectile Quick prefabs, Instantiating an additional one.

AddEventHandlerComponent: PlayMakerFixedUpdate

Object Pool attached to GlobalPool has run out of Gas Projectile Quick prefabs, Instantiating an additional one.

AddEventHandlerComponent: PlayMakerFixedUpdate

Object Pool attached to GlobalPool has run out of Gas Projectile Quick prefabs, Instantiating an additional one.

AddEventHandlerComponent: PlayMakerFixedUpdate

Object Pool attached to GlobalPool has run out of Gas Projectile Quick prefabs, Instantiating an additional one.

AddEventHandlerComponent: PlayMakerFixedUpdate

Object Pool attached to GlobalPool has run out of Gas Projectile Quick prefabs, Instantiating an additional one.

AddEventHandlerComponent: PlayMakerFixedUpdate

Object Pool attached to GlobalPool has run out of Gas Projectile Quick prefabs, Instantiating an additional one.

AddEventHandlerComponent: PlayMakerFixedUpdate

Object Pool attached to GlobalPool has run out of Gas Projectile Quick prefabs, Instantiating an additional one.

AddEventHandlerComponent: PlayMakerFixedUpdate

Object Pool attached to GlobalPool has run out of Gas Projectile Quick prefabs, Instantiating an additional one.

AddEventHandlerComponent: PlayMakerFixedUpdate

Object Pool attached to GlobalPool has run out of Gas Projectile Quick prefabs, Instantiating an additional one.

AddEventHandlerComponent: PlayMakerFixedUpdate

Object Pool attached to GlobalPool has run out of Gas Projectile Quick prefabs, Instantiating an additional one.

AddEventHandlerComponent: PlayMakerFixedUpdate

Object Pool attached to GlobalPool has run out of Gas Projectile Quick prefabs, Instantiating an additional one.

AddEventHandlerComponent: PlayMakerFixedUpdate

Object Pool attached to GlobalPool has run out of Gas Projectile Quick prefabs, Instantiating an additional one.

AddEventHandlerComponent: PlayMakerFixedUpdate

Object Pool attached to GlobalPool has run out of Gas Projectile Quick prefabs, Instantiating an additional one.

AddEventHandlerComponent: PlayMakerFixedUpdate

PlayOneShot was called with a null AudioClip.

PlayOneShot was called with a null AudioClip.

AddEventHandlerComponent: PlayMakerFixedUpdate

AddEventHandlerComponent: PlayMakerFixedUpdate

AddEventHandlerComponent: PlayMakerFixedUpdate

AddEventHandlerComponent: PlayMakerFixedUpdate

AddEventHandlerComponent: PlayMakerFixedUpdate

Deferring level start (marked as manual).

AddEventHandlerComponent: PlayMakerFixedUpdate

PlayOneShot was called with a null AudioClip.

AddEventHandlerComponent: PlayMakerFixedUpdate

PlayOneShot was called with a null AudioClip.

PlayOneShot was called with a null AudioClip.

AddEventHandlerComponent: PlayMakerFixedUpdate

PlayOneShot was called with a null AudioClip.

PlayOneShot was called with a null AudioClip.

AddEventHandlerComponent: PlayMakerFixedUpdate

PlayOneShot was called with a null AudioClip.

AddEventHandlerComponent: PlayMakerFixedUpdate

PlayOneShot was called with a null AudioClip.

PlayOneShot was called with a null AudioClip.

AddEventHandlerComponent: PlayMakerFixedUpdate

PlayOneShot was called with a null AudioClip.

AddEventHandlerComponent: PlayMakerFixedUpdate

AddEventHandlerComponent: PlayMakerFixedUpdate

Deferring level start (marked as manual).

AddEventHandlerComponent: PlayMakerFixedUpdate

AddEventHandlerComponent: PlayMakerFixedUpdate

AddEventHandlerComponent: PlayMakerFixedUpdate

AddEventHandlerComponent: PlayMakerFixedUpdate

AddEventHandlerComponent: PlayMakerFixedUpdate

Deferring level start (marked as manual).

AddEventHandlerComponent: PlayMakerFixedUpdate

PlayOneShot was called with a null AudioClip.

AddEventHandlerComponent: PlayMakerFixedUpdate

AddEventHandlerComponent: PlayMakerFixedUpdate

Deferring level start (marked as manual).

AddEventHandlerComponent: PlayMakerFixedUpdate

AddEventHandlerComponent: PlayMakerFixedUpdate

AddEventHandlerComponent: PlayMakerFixedUpdate

Deferring level start (marked as manual).

Object Pool attached to GlobalPool could not find a copy of Bounce Spore Hero, Instantiating a new one.

Object Pool attached to GlobalPool has run out of Bounce Spore Hero prefabs, Instantiating an additional one.

Object Pool attached to GlobalPool has run out of Bounce Spore Hero prefabs, Instantiating an additional one.

PlayOneShot was called with a null AudioClip.

AddEventHandlerComponent: PlayMakerFixedUpdate

AddEventHandlerComponent: PlayMakerFixedUpdate

Deferring level start (marked as manual).

AddEventHandlerComponent: PlayMakerFixedUpdate

AddEventHandlerComponent: PlayMakerFixedUpdate

AddEventHandlerComponent: PlayMakerFixedUpdate

Deferring level start (marked as manual).

AddEventHandlerComponent: PlayMakerFixedUpdate

AddEventHandlerComponent: PlayMakerFixedUpdate

AddEventHandlerComponent: PlayMakerFixedUpdate

Deferring level start (marked as manual).

AddEventHandlerComponent: PlayMakerFixedUpdate

Bump Height: 0.1605415

PlayOneShot was called with a null AudioClip.

AddEventHandlerComponent: PlayMakerFixedUpdate

PlayOneShot was called with a null AudioClip.

AddEventHandlerComponent: PlayMakerFixedUpdate

AddEventHandlerComponent: PlayMakerFixedUpdate

AddEventHandlerComponent: PlayMakerFixedUpdate

AddEventHandlerComponent: PlayMakerFixedUpdate

AddEventHandlerComponent: PlayMakerFixedUpdate

AddEventHandlerComponent: PlayMakerFixedUpdate

AddEventHandlerComponent: PlayMakerFixedUpdate

AddEventHandlerComponent: PlayMakerFixedUpdate

AddEventHandlerComponent: PlayMakerFixedUpdate

AddEventHandlerComponent: PlayMakerFixedUpdate

AddEventHandlerComponent: PlayMakerFixedUpdate

AddEventHandlerComponent: PlayMakerFixedUpdate

AddEventHandlerComponent: PlayMakerFixedUpdate

AddEventHandlerComponent: PlayMakerFixedUpdate

AddEventHandlerComponent: PlayMakerFixedUpdate

AddEventHandlerComponent: PlayMakerFixedUpdate

AddEventHandlerComponent: PlayMakerFixedUpdate

AddEventHandlerComponent: PlayMakerFixedUpdate

AddEventHandlerComponent: PlayMakerFixedUpdate

AddEventHandlerComponent: PlayMakerFixedUpdate

AddEventHandlerComponent: PlayMakerFixedUpdate

AddEventHandlerComponent: PlayMakerFixedUpdate

AddEventHandlerComponent: PlayMakerFixedUpdate

AddEventHandlerComponent: PlayMakerFixedUpdate

AddEventHandlerComponent: PlayMakerFixedUpdate

AddEventHandlerComponent: PlayMakerFixedUpdate

AddEventHandlerComponent: PlayMakerFixedUpdate

AddEventHandlerComponent: PlayMakerFixedUpdate

AddEventHandlerComponent: PlayMakerFixedUpdate

Deferring level start (marked as manual).

AddEventHandlerComponent: PlayMakerFixedUpdate

AddEventHandlerComponent: PlayMakerFixedUpdate

AddEventHandlerComponent: PlayMakerFixedUpdate

AddEventHandlerComponent: PlayMakerFixedUpdate

AddEventHandlerComponent: PlayMakerFixedUpdate

AddEventHandlerComponent: PlayMakerFixedUpdate

AddEventHandlerComponent: PlayMakerFixedUpdate

AddEventHandlerComponent: PlayMakerFixedUpdate

AddEventHandlerComponent: PlayMakerFixedUpdate

AddEventHandlerComponent: PlayMakerFixedUpdate

AddEventHandlerComponent: PlayMakerFixedUpdate

AddEventHandlerComponent: PlayMakerFixedUpdate

PlayOneShot was called with a null AudioClip.

PlayOneShot was called with a null AudioClip.

PlayOneShot was called with a null AudioClip.

PlayOneShot was called with a null AudioClip.

PlayOneShot was called with a null AudioClip.

PlayOneShot was called with a null AudioClip.

PlayOneShot was called with a null AudioClip.

PlayOneShot was called with a null AudioClip.

PlayOneShot was called with a null AudioClip.

PlayOneShot was called with a null AudioClip.

PlayOneShot was called with a null AudioClip.

PlayOneShot was called with a null AudioClip.

PlayOneShot was called with a null AudioClip.

Bump Height: 0.09000587

PlayOneShot was called with a null AudioClip.

PlayOneShot was called with a null AudioClip.

PlayOneShot was called with a null AudioClip.

PlayOneShot was called with a null AudioClip.

PlayOneShot was called with a null AudioClip.

PlayOneShot was called with a null AudioClip.

PlayOneShot was called with a null AudioClip.

PlayOneShot was called with a null AudioClip.

PlayOneShot was called with a null AudioClip.

PlayOneShot was called with a null AudioClip.

PlayOneShot was called with a null AudioClip.

PlayOneShot was called with a null AudioClip.

PlayOneShot was called with a null AudioClip.

PlayOneShot was called with a null AudioClip.

PlayOneShot was called with a null AudioClip.

PlayOneShot was called with a null AudioClip.

PlayOneShot was called with a null AudioClip.

PlayOneShot was called with a null AudioClip.

PlayOneShot was called with a null AudioClip.

Bump Height: 0.5233231

PlayOneShot was called with a null AudioClip.

PlayOneShot was called with a null AudioClip.

PlayOneShot was called with a null AudioClip.

PlayOneShot was called with a null AudioClip.

PlayOneShot was called with a null AudioClip.

PlayOneShot was called with a null AudioClip.

PlayOneShot was called with a null AudioClip.

PlayOneShot was called with a null AudioClip.

PlayOneShot was called with a null AudioClip.

PlayOneShot was called with a null AudioClip.

AddEventHandlerComponent: PlayMakerFixedUpdate

AddEventHandlerComponent: PlayMakerFixedUpdate

AddEventHandlerComponent: PlayMakerFixedUpdate

Deferring level start (marked as manual).

AddEventHandlerComponent: PlayMakerFixedUpdate

PlayOneShot was called with a null AudioClip.

AddEventHandlerComponent: PlayMakerFixedUpdate

Bump Height: 0.5521545

PlayOneShot was called with a null AudioClip.

PlayOneShot was called with a null AudioClip.

AddEventHandlerComponent: PlayMakerFixedUpdate

PlayOneShot was called with a null AudioClip.

AddEventHandlerComponent: PlayMakerFixedUpdate

AddEventHandlerComponent: PlayMakerFixedUpdate

AddEventHandlerComponent: PlayMakerFixedUpdate

AddEventHandlerComponent: PlayMakerFixedUpdate

AddEventHandlerComponent: PlayMakerFixedUpdate

AddEventHandlerComponent: PlayMakerFixedUpdate

AddEventHandlerComponent: PlayMakerFixedUpdate

AddEventHandlerComponent: PlayMakerFixedUpdate

Deferring level start (marked as manual).

AddEventHandlerComponent: PlayMakerFixedUpdate

AddEventHandlerComponent: PlayMakerFixedUpdate

AddEventHandlerComponent: PlayMakerFixedUpdate

AddEventHandlerComponent: PlayMakerFixedUpdate

AddEventHandlerComponent: PlayMakerFixedUpdate

AddEventHandlerComponent: PlayMakerFixedUpdate

AddEventHandlerComponent: PlayMakerFixedUpdate

AddEventHandlerComponent: PlayMakerFixedUpdate

AddEventHandlerComponent: PlayMakerFixedUpdate

AddEventHandlerComponent: PlayMakerFixedUpdate

AddEventHandlerComponent: PlayMakerFixedUpdate

AddEventHandlerComponent: PlayMakerFixedUpdate

AddEventHandlerComponent: PlayMakerFixedUpdate

AddEventHandlerComponent: PlayMakerFixedUpdate

AddEventHandlerComponent: PlayMakerFixedUpdate

AddEventHandlerComponent: PlayMakerFixedUpdate

AddEventHandlerComponent: PlayMakerFixedUpdate

AddEventHandlerComponent: PlayMakerFixedUpdate

AddEventHandlerComponent: PlayMakerFixedUpdate

AddEventHandlerComponent: PlayMakerFixedUpdate

AddEventHandlerComponent: PlayMakerFixedUpdate

AddEventHandlerComponent: PlayMakerFixedUpdate

AddEventHandlerComponent: PlayMakerFixedUpdate

AddEventHandlerComponent: PlayMakerFixedUpdate

AddEventHandlerComponent: PlayMakerFixedUpdate

AddEventHandlerComponent: PlayMakerFixedUpdate

AddEventHandlerComponent: PlayMakerFixedUpdate

AddEventHandlerComponent: PlayMakerFixedUpdate

AddEventHandlerComponent: PlayMakerFixedUpdate

AddEventHandlerComponent: PlayMakerFixedUpdate

AddEventHandlerComponent: PlayMakerFixedUpdate

AddEventHandlerComponent: PlayMakerFixedUpdate

AddEventHandlerComponent: PlayMakerFixedUpdate

AddEventHandlerComponent: PlayMakerFixedUpdate

AddEventHandlerComponent: PlayMakerFixedUpdate

AddEventHandlerComponent: PlayMakerFixedUpdate

AddEventHandlerComponent: PlayMakerFixedUpdate

AddEventHandlerComponent: PlayMakerFixedUpdate

Deferring level start (marked as manual).

AddEventHandlerComponent: PlayMakerFixedUpdate

AddEventHandlerComponent: PlayMakerFixedUpdate

AddEventHandlerComponent: PlayMakerFixedUpdate

AddEventHandlerComponent: PlayMakerFixedUpdate

AddEventHandlerComponent: PlayMakerFixedUpdate

AddEventHandlerComponent: PlayMakerFixedUpdate

AddEventHandlerComponent: PlayMakerFixedUpdate

AddEventHandlerComponent: PlayMakerFixedUpdate

AddEventHandlerComponent: PlayMakerFixedUpdate

Deferring level start (marked as manual).

AddEventHandlerComponent: PlayMakerFixedUpdate

AddEventHandlerComponent: PlayMakerFixedUpdate

AddEventHandlerComponent: PlayMakerFixedUpdate

AddEventHandlerComponent: PlayMakerFixedUpdate

AddEventHandlerComponent: PlayMakerFixedUpdate

AddEventHandlerComponent: PlayMakerFixedUpdate

AddEventHandlerComponent: PlayMakerFixedUpdate

AddEventHandlerComponent: PlayMakerFixedUpdate

AddEventHandlerComponent: PlayMakerFixedUpdate

AddEventHandlerComponent: PlayMakerFixedUpdate

AddEventHandlerComponent: PlayMakerFixedUpdate

AddEventHandlerComponent: PlayMakerFixedUpdate

AddEventHandlerComponent: PlayMakerFixedUpdate

AddEventHandlerComponent: PlayMakerFixedUpdate

AddEventHandlerComponent: PlayMakerFixedUpdate

AddEventHandlerComponent: PlayMakerFixedUpdate

AddEventHandlerComponent: PlayMakerFixedUpdate

AddEventHandlerComponent: PlayMakerFixedUpdate

AddEventHandlerComponent: PlayMakerFixedUpdate

AddEventHandlerComponent: PlayMakerFixedUpdate

AddEventHandlerComponent: PlayMakerFixedUpdate

AddEventHandlerComponent: PlayMakerFixedUpdate

AddEventHandlerComponent: PlayMakerFixedUpdate

AddEventHandlerComponent: PlayMakerFixedUpdate

AddEventHandlerComponent: PlayMakerFixedUpdate

AddEventHandlerComponent: PlayMakerFixedUpdate

AddEventHandlerComponent: PlayMakerFixedUpdate

AddEventHandlerComponent: PlayMakerFixedUpdate

AddEventHandlerComponent: PlayMakerFixedUpdate

AddEventHandlerComponent: PlayMakerFixedUpdate

AddEventHandlerComponent: PlayMakerFixedUpdate

AddEventHandlerComponent: PlayMakerFixedUpdate

AddEventHandlerComponent: PlayMakerFixedUpdate

AddEventHandlerComponent: PlayMakerFixedUpdate

AddEventHandlerComponent: PlayMakerFixedUpdate

AddEventHandlerComponent: PlayMakerFixedUpdate

AddEventHandlerComponent: PlayMakerFixedUpdate

AddEventHandlerComponent: PlayMakerFixedUpdate

Deferring level start (marked as manual).

AddEventHandlerComponent: PlayMakerFixedUpdate

AddEventHandlerComponent: PlayMakerFixedUpdate

AddEventHandlerComponent: PlayMakerFixedUpdate

AddEventHandlerComponent: PlayMakerFixedUpdate

AddEventHandlerComponent: PlayMakerFixedUpdate

Deferring level start (marked as manual).

Unloading 80 Unused Serialized files (Serialized files now loaded: 0)

Unloading 4508 unused Assets to reduce memory usage. Loaded Objects now: 79152.
Total: 230.610200 ms (FindLiveObjects: 2.888000 ms CreateObjectMapping: 1.875800 ms MarkObjects: 218.090600 ms  DeleteObjects: 7.755600 ms)

PlayOneShot was called with a null AudioClip.

Unloading 6 Unused Serialized files (Serialized files now loaded: 0)
UnloadTime: 1.943600 ms
Deferring level start (marked as manual).


Unloading 657 unused Assets to reduce memory usage. Loaded Objects now: 76894.
Total: 217.235100 ms (FindLiveObjects: 2.925500 ms CreateObjectMapping: 1.071500 ms MarkObjects: 211.920200 ms  DeleteObjects: 1.317600 ms)

Couldn't find a Game Manager, make sure one exists in the scene.

Couldn't find a Game Manager, make sure one exists in the scene.

Couldn't find a Game Manager, make sure one exists in the scene.

Couldn't find a Game Manager, make sure one exists in the scene.

Couldn't find a Game Manager, make sure one exists in the scene.

Couldn't find a Game Manager, make sure one exists in the scene.

Couldn't find a Game Manager, make sure one exists in the scene.

Couldn't find a Game Manager, make sure one exists in the scene.

Couldn't find a Game Manager, make sure one exists in the scene.

Couldn't find a Game Manager, make sure one exists in the scene.

Couldn't find a Game Manager, make sure one exists in the scene.

Couldn't find a Game Manager, make sure one exists in the scene.

Couldn't find a Game Manager, make sure one exists in the scene.

Couldn't find a Game Manager, make sure one exists in the scene.

Couldn't find a Game Manager, make sure one exists in the scene.

Couldn't find a Game Manager, make sure one exists in the scene.

Couldn't find a Game Manager, make sure one exists in the scene.

Couldn't find a Game Manager, make sure one exists in the scene.

Couldn't find a Game Manager, make sure one exists in the scene.

Couldn't find a Game Manager, make sure one exists in the scene.

Couldn't find a Game Manager, make sure one exists in the scene.

Couldn't find a Game Manager, make sure one exists in the scene.

Couldn't find a Game Manager, make sure one exists in the scene.

Couldn't find a Game Manager, make sure one exists in the scene.

Couldn't find a Game Manager, make sure one exists in the scene.

Couldn't find a Game Manager, make sure one exists in the scene.

Couldn't find a Game Manager, make sure one exists in the scene.

Couldn't find a Game Manager, make sure one exists in the scene.

Couldn't find a Game Manager, make sure one exists in the scene.

Couldn't find a Game Manager, make sure one exists in the scene.

Couldn't find a Game Manager, make sure one exists in the scene.

Couldn't find a Game Manager, make sure one exists in the scene.

Couldn't find a Game Manager, make sure one exists in the scene.

Couldn't find a Game Manager, make sure one exists in the scene.

Couldn't find a Game Manager, make sure one exists in the scene.

Couldn't find a Game Manager, make sure one exists in the scene.

Couldn't find a Game Manager, make sure one exists in the scene.

Couldn't find a Game Manager, make sure one exists in the scene.

Couldn't find a Game Manager, make sure one exists in the scene.

Couldn't find a Game Manager, make sure one exists in the scene.

Couldn't find a Game Manager, make sure one exists in the scene.

Couldn't find a Game Manager, make sure one exists in the scene.

Couldn't find a Game Manager, make sure one exists in the scene.

Couldn't find a Game Manager, make sure one exists in the scene.

Couldn't find a Game Manager, make sure one exists in the scene.

Couldn't find a Game Manager, make sure one exists in the scene.

Couldn't find a Game Manager, make sure one exists in the scene.

Couldn't find a Game Manager, make sure one exists in the scene.

Couldn't find a Game Manager, make sure one exists in the scene.

Couldn't find a Game Manager, make sure one exists in the scene.

Couldn't find a Game Manager, make sure one exists in the scene.

Couldn't find a Game Manager, make sure one exists in the scene.

Couldn't find a Game Manager, make sure one exists in the scene.

Couldn't find a Game Manager, make sure one exists in the scene.

Couldn't find a Game Manager, make sure one exists in the scene.

Couldn't find a Game Manager, make sure one exists in the scene.

Couldn't find a Game Manager, make sure one exists in the scene.

Couldn't find a Game Manager, make sure one exists in the scene.

Couldn't find a Game Manager, make sure one exists in the scene.

Couldn't find a Game Manager, make sure one exists in the scene.

Couldn't find a Game Manager, make sure one exists in the scene.

Couldn't find a Game Manager, make sure one exists in the scene.

Couldn't find a Game Manager, make sure one exists in the scene.

Couldn't find a Game Manager, make sure one exists in the scene.

Couldn't find a Game Manager, make sure one exists in the scene.

Couldn't find a Game Manager, make sure one exists in the scene.

Couldn't find a Game Manager, make sure one exists in the scene.

Couldn't find a Game Manager, make sure one exists in the scene.

Couldn't find a Game Manager, make sure one exists in the scene.

Couldn't find a Game Manager, make sure one exists in the scene.

Couldn't find a Game Manager, make sure one exists in the scene.

Couldn't find a Game Manager, make sure one exists in the scene.

Couldn't find a Game Manager, make sure one exists in the scene.

Couldn't find a Game Manager, make sure one exists in the scene.

Couldn't find a Game Manager, make sure one exists in the scene.

Couldn't find a Game Manager, make sure one exists in the scene.

Couldn't find a Game Manager, make sure one exists in the scene.

Couldn't find a Game Manager, make sure one exists in the scene.

Couldn't find a Game Manager, make sure one exists in the scene.

Couldn't find a Game Manager, make sure one exists in the scene.

Couldn't find a Game Manager, make sure one exists in the scene.

Couldn't find a Game Manager, make sure one exists in the scene.

Couldn't find a Game Manager, make sure one exists in the scene.

Couldn't find a Game Manager, make sure one exists in the scene.

Couldn't find a Game Manager, make sure one exists in the scene.

Couldn't find a Game Manager, make sure one exists in the scene.

Couldn't find a Game Manager, make sure one exists in the scene.

Couldn't find a Game Manager, make sure one exists in the scene.

Couldn't find a Game Manager, make sure one exists in the scene.

Couldn't find a Game Manager, make sure one exists in the scene.

Couldn't find a Game Manager, make sure one exists in the scene.

Couldn't find a Game Manager, make sure one exists in the scene.

Couldn't find a Game Manager, make sure one exists in the scene.

Couldn't find a Game Manager, make sure one exists in the scene.

Couldn't find a Game Manager, make sure one exists in the scene.

Couldn't find a Game Manager, make sure one exists in the scene.

Couldn't find a Game Manager, make sure one exists in the scene.

Couldn't find a Game Manager, make sure one exists in the scene.

Couldn't find a Game Manager, make sure one exists in the scene.

Couldn't find a Game Manager, make sure one exists in the scene.

Couldn't find a Game Manager, make sure one exists in the scene.

Couldn't find a Game Manager, make sure one exists in the scene.

Couldn't find a Game Manager, make sure one exists in the scene.

Couldn't find a Game Manager, make sure one exists in the scene.

Couldn't find a Game Manager, make sure one exists in the scene.

Couldn't find a Game Manager, make sure one exists in the scene.

Couldn't find a Game Manager, make sure one exists in the scene.

Couldn't find a Game Manager, make sure one exists in the scene.

Couldn't find a Game Manager, make sure one exists in the scene.

Couldn't find a Game Manager, make sure one exists in the scene.

Couldn't find a Game Manager, make sure one exists in the scene.

Couldn't find a Game Manager, make sure one exists in the scene.

Couldn't find a Game Manager, make sure one exists in the scene.

Couldn't find a Game Manager, make sure one exists in the scene.

Couldn't find a Game Manager, make sure one exists in the scene.

Couldn't find a Game Manager, make sure one exists in the scene.

Couldn't find a Game Manager, make sure one exists in the scene.

Couldn't find a Game Manager, make sure one exists in the scene.

Couldn't find a Game Manager, make sure one exists in the scene.

Couldn't find a Game Manager, make sure one exists in the scene.

Couldn't find a Game Manager, make sure one exists in the scene.

Couldn't find a Game Manager, make sure one exists in the scene.

Couldn't find a Game Manager, make sure one exists in the scene.

Couldn't find a Game Manager, make sure one exists in the scene.

Couldn't find a Game Manager, make sure one exists in the scene.

Couldn't find a Game Manager, make sure one exists in the scene.

Couldn't find a Game Manager, make sure one exists in the scene.

Couldn't find a Game Manager, make sure one exists in the scene.

Couldn't find a Game Manager, make sure one exists in the scene.

Couldn't find a Game Manager, make sure one exists in the scene.

Couldn't find a Game Manager, make sure one exists in the scene.

Couldn't find a Game Manager, make sure one exists in the scene.

Couldn't find a Game Manager, make sure one exists in the scene.

Couldn't find a Game Manager, make sure one exists in the scene.

Couldn't find a Game Manager, make sure one exists in the scene.

Couldn't find a Game Manager, make sure one exists in the scene.

Couldn't find a Game Manager, make sure one exists in the scene.

Couldn't find a Game Manager, make sure one exists in the scene.

Couldn't find a Game Manager, make sure one exists in the scene.

Couldn't find a Game Manager, make sure one exists in the scene.

Couldn't find a Game Manager, make sure one exists in the scene.

Couldn't find a Game Manager, make sure one exists in the scene.

Couldn't find a Game Manager, make sure one exists in the scene.

Couldn't find a Game Manager, make sure one exists in the scene.

Couldn't find a Game Manager, make sure one exists in the scene.

Couldn't find a Game Manager, make sure one exists in the scene.

Couldn't find a Game Manager, make sure one exists in the scene.

Couldn't find a Game Manager, make sure one exists in the scene.

Couldn't find a Game Manager, make sure one exists in the scene.

Couldn't find a Game Manager, make sure one exists in the scene.

Couldn't find a Game Manager, make sure one exists in the scene.

Couldn't find a Game Manager, make sure one exists in the scene.

Couldn't find a Game Manager, make sure one exists in the scene.

Couldn't find a Game Manager, make sure one exists in the scene.

Couldn't find a Game Manager, make sure one exists in the scene.

Couldn't find a Game Manager, make sure one exists in the scene.

Couldn't find a Game Manager, make sure one exists in the scene.

Couldn't find a Game Manager, make sure one exists in the scene.

Couldn't find a Game Manager, make sure one exists in the scene.

Couldn't find a Game Manager, make sure one exists in the scene.

Couldn't find a Game Manager, make sure one exists in the scene.

Couldn't find a Game Manager, make sure one exists in the scene.

Couldn't find a Game Manager, make sure one exists in the scene.

Couldn't find a Game Manager, make sure one exists in the scene.

Couldn't find a Game Manager, make sure one exists in the scene.

Couldn't find a Game Manager, make sure one exists in the scene.

Couldn't find a Game Manager, make sure one exists in the scene.

Couldn't find a Game Manager, make sure one exists in the scene.

Couldn't find a Game Manager, make sure one exists in the scene.

Couldn't find a Game Manager, make sure one exists in the scene.

Couldn't find a Game Manager, make sure one exists in the scene.

Couldn't find a Game Manager, make sure one exists in the scene.

Couldn't find a Game Manager, make sure one exists in the scene.

Couldn't find a Game Manager, make sure one exists in the scene.

Couldn't find a Game Manager, make sure one exists in the scene.

Couldn't find a Game Manager, make sure one exists in the scene.

Couldn't find a Game Manager, make sure one exists in the scene.

Couldn't find a Game Manager, make sure one exists in the scene.

Couldn't find a Game Manager, make sure one exists in the scene.

Couldn't find a Game Manager, make sure one exists in the scene.

Couldn't find a Game Manager, make sure one exists in the scene.

Couldn't find a Game Manager, make sure one exists in the scene.

Couldn't find a Game Manager, make sure one exists in the scene.

Couldn't find a Game Manager, make sure one exists in the scene.

Couldn't find a Game Manager, make sure one exists in the scene.

Couldn't find a Game Manager, make sure one exists in the scene.

Couldn't find a Game Manager, make sure one exists in the scene.

Couldn't find a Game Manager, make sure one exists in the scene.

Couldn't find a Game Manager, make sure one exists in the scene.

Couldn't find a Game Manager, make sure one exists in the scene.

Couldn't find a Game Manager, make sure one exists in the scene.

Couldn't find a Game Manager, make sure one exists in the scene.

Couldn't find a Game Manager, make sure one exists in the scene.

Couldn't find a Game Manager, make sure one exists in the scene.

Couldn't find a Game Manager, make sure one exists in the scene.

Couldn't find a Game Manager, make sure one exists in the scene.

Couldn't find a Game Manager, make sure one exists in the scene.

Couldn't find a Game Manager, make sure one exists in the scene.

Couldn't find a Game Manager, make sure one exists in the scene.

Couldn't find a Game Manager, make sure one exists in the scene.

Couldn't find a Game Manager, make sure one exists in the scene.

Couldn't find a Game Manager, make sure one exists in the scene.

Couldn't find a Game Manager, make sure one exists in the scene.

Couldn't find a Game Manager, make sure one exists in the scene.

Couldn't find a Game Manager, make sure one exists in the scene.

Couldn't find a Game Manager, make sure one exists in the scene.

Couldn't find a Game Manager, make sure one exists in the scene.

Couldn't find a Game Manager, make sure one exists in the scene.

Couldn't find a Game Manager, make sure one exists in the scene.

Couldn't find a Game Manager, make sure one exists in the scene.

Couldn't find a Game Manager, make sure one exists in the scene.

Couldn't find a Game Manager, make sure one exists in the scene.

Couldn't find a Game Manager, make sure one exists in the scene.

Couldn't find a Game Manager, make sure one exists in the scene.

Couldn't find a Game Manager, make sure one exists in the scene.

Couldn't find a Game Manager, make sure one exists in the scene.

Couldn't find a Game Manager, make sure one exists in the scene.

Couldn't find a Game Manager, make sure one exists in the scene.

Couldn't find a Game Manager, make sure one exists in the scene.

Couldn't find a Game Manager, make sure one exists in the scene.

Couldn't find a Game Manager, make sure one exists in the scene.

Couldn't find a Game Manager, make sure one exists in the scene.

Couldn't find a Game Manager, make sure one exists in the scene.

Couldn't find a Game Manager, make sure one exists in the scene.

Couldn't find a Game Manager, make sure one exists in the scene.

Couldn't find a Game Manager, make sure one exists in the scene.

Couldn't find a Game Manager, make sure one exists in the scene.

Couldn't find a Game Manager, make sure one exists in the scene.

Couldn't find a Game Manager, make sure one exists in the scene.

Couldn't find a Game Manager, make sure one exists in the scene.

Couldn't find a Game Manager, make sure one exists in the scene.

Couldn't find a Game Manager, make sure one exists in the scene.

Couldn't find a Game Manager, make sure one exists in the scene.

Couldn't find a Game Manager, make sure one exists in the scene.

Couldn't find a Game Manager, make sure one exists in the scene.

Couldn't find a Game Manager, make sure one exists in the scene.

Couldn't find a Game Manager, make sure one exists in the scene.

Couldn't find a Game Manager, make sure one exists in the scene.

Couldn't find a Game Manager, make sure one exists in the scene.

Couldn't find a Game Manager, make sure one exists in the scene.

Couldn't find a Game Manager, make sure one exists in the scene.

Couldn't find a Game Manager, make sure one exists in the scene.

Couldn't find a Game Manager, make sure one exists in the scene.

Couldn't find a Game Manager, make sure one exists in the scene.

Couldn't find a Game Manager, make sure one exists in the scene.

Couldn't find a Game Manager, make sure one exists in the scene.

Couldn't find a Game Manager, make sure one exists in the scene.

Couldn't find a Game Manager, make sure one exists in the scene.

Couldn't find a Game Manager, make sure one exists in the scene.

Couldn't find a Game Manager, make sure one exists in the scene.

Couldn't find a Game Manager, make sure one exists in the scene.

Couldn't find a Game Manager, make sure one exists in the scene.

Couldn't find a Game Manager, make sure one exists in the scene.

Couldn't find a Game Manager, make sure one exists in the scene.

Couldn't find a Game Manager, make sure one exists in the scene.

Couldn't find a Game Manager, make sure one exists in the scene.

Couldn't find a Game Manager, make sure one exists in the scene.

Couldn't find a Game Manager, make sure one exists in the scene.

Couldn't find a Game Manager, make sure one exists in the scene.

Couldn't find a Game Manager, make sure one exists in the scene.

Couldn't find a Game Manager, make sure one exists in the scene.

Couldn't find a Game Manager, make sure one exists in the scene.

Couldn't find a Game Manager, make sure one exists in the scene.

Couldn't find a Game Manager, make sure one exists in the scene.

Couldn't find a Game Manager, make sure one exists in the scene.

Couldn't find a Game Manager, make sure one exists in the scene.

Couldn't find a Game Manager, make sure one exists in the scene.

Couldn't find a Game Manager, make sure one exists in the scene.

Couldn't find a Game Manager, make sure one exists in the scene.

Couldn't find a Game Manager, make sure one exists in the scene.

Couldn't find a Game Manager, make sure one exists in the scene.

Couldn't find a Game Manager, make sure one exists in the scene.

Couldn't find a Game Manager, make sure one exists in the scene.

Couldn't find a Game Manager, make sure one exists in the scene.

Couldn't find a Game Manager, make sure one exists in the scene.

Couldn't find a Game Manager, make sure one exists in the scene.

Couldn't find a Game Manager, make sure one exists in the scene.

Couldn't find a Game Manager, make sure one exists in the scene.

Couldn't find a Game Manager, make sure one exists in the scene.

Couldn't find a Game Manager, make sure one exists in the scene.

Couldn't find a Game Manager, make sure one exists in the scene.

Couldn't find a Game Manager, make sure one exists in the scene.

Couldn't find a Game Manager, make sure one exists in the scene.

Couldn't find a Game Manager, make sure one exists in the scene.

Couldn't find a Game Manager, make sure one exists in the scene.

Couldn't find a Game Manager, make sure one exists in the scene.

Couldn't find a Game Manager, make sure one exists in the scene.

Couldn't find a Game Manager, make sure one exists in the scene.

Couldn't find a Game Manager, make sure one exists in the scene.

Couldn't find a Game Manager, make sure one exists in the scene.

Couldn't find a Game Manager, make sure one exists in the scene.

Couldn't find a Game Manager, make sure one exists in the scene.

Couldn't find a Game Manager, make sure one exists in the scene.

Couldn't find a Game Manager, make sure one exists in the scene.

Couldn't find a Game Manager, make sure one exists in the scene.

Couldn't find a Game Manager, make sure one exists in the scene.

Couldn't find a Game Manager, make sure one exists in the scene.

Couldn't find a Game Manager, make sure one exists in the scene.

Couldn't find a Game Manager, make sure one exists in the scene.

Couldn't find a Game Manager, make sure one exists in the scene.

Couldn't find a Game Manager, make sure one exists in the scene.

Couldn't find a Game Manager, make sure one exists in the scene.

Couldn't find a Game Manager, make sure one exists in the scene.

Couldn't find a Game Manager, make sure one exists in the scene.

Couldn't find a Game Manager, make sure one exists in the scene.

Couldn't find a Game Manager, make sure one exists in the scene.

Couldn't find a Game Manager, make sure one exists in the scene.

Couldn't find a Game Manager, make sure one exists in the scene.

Couldn't find a Game Manager, make sure one exists in the scene.

Couldn't find a Game Manager, make sure one exists in the scene.

Couldn't find a Game Manager, make sure one exists in the scene.

Couldn't find a Game Manager, make sure one exists in the scene.

Couldn't find a Game Manager, make sure one exists in the scene.

Couldn't find a Game Manager, make sure one exists in the scene.

Couldn't find a Game Manager, make sure one exists in the scene.

Couldn't find a Game Manager, make sure one exists in the scene.

Couldn't find a Game Manager, make sure one exists in the scene.

Couldn't find a Game Manager, make sure one exists in the scene.

Couldn't find a Game Manager, make sure one exists in the scene.

Couldn't find a Game Manager, make sure one exists in the scene.

Couldn't find a Game Manager, make sure one exists in the scene.

Couldn't find a Game Manager, make sure one exists in the scene.

Couldn't find a Game Manager, make sure one exists in the scene.

Couldn't find a Game Manager, make sure one exists in the scene.

Couldn't find a Game Manager, make sure one exists in the scene.

Couldn't find a Game Manager, make sure one exists in the scene.

Couldn't find a Game Manager, make sure one exists in the scene.

Couldn't find a Game Manager, make sure one exists in the scene.

Couldn't find a Game Manager, make sure one exists in the scene.

Couldn't find a Game Manager, make sure one exists in the scene.

Couldn't find a Game Manager, make sure one exists in the scene.

Couldn't find a Game Manager, make sure one exists in the scene.

Couldn't find a Game Manager, make sure one exists in the scene.

Couldn't find a Game Manager, make sure one exists in the scene.

Couldn't find a Game Manager, make sure one exists in the scene.

Couldn't find a Game Manager, make sure one exists in the scene.

Couldn't find a Game Manager, make sure one exists in the scene.

Couldn't find a Game Manager, make sure one exists in the scene.

Couldn't find a Game Manager, make sure one exists in the scene.

Couldn't find a Game Manager, make sure one exists in the scene.

Couldn't find a Game Manager, make sure one exists in the scene.

Couldn't find a Game Manager, make sure one exists in the scene.

Couldn't find a Game Manager, make sure one exists in the scene.

Couldn't find a Game Manager, make sure one exists in the scene.

Couldn't find a Game Manager, make sure one exists in the scene.

Couldn't find a Game Manager, make sure one exists in the scene.

Couldn't find a Game Manager, make sure one exists in the scene.

Couldn't find a Game Manager, make sure one exists in the scene.

Couldn't find a Game Manager, make sure one exists in the scene.

Couldn't find a Game Manager, make sure one exists in the scene.

Couldn't find a Game Manager, make sure one exists in the scene.

Couldn't find a Game Manager, make sure one exists in the scene.

Couldn't find a Game Manager, make sure one exists in the scene.

Couldn't find a Game Manager, make sure one exists in the scene.

Couldn't find a Game Manager, make sure one exists in the scene.

Couldn't find a Game Manager, make sure one exists in the scene.

Couldn't find a Game Manager, make sure one exists in the scene.

Couldn't find a Game Manager, make sure one exists in the scene.

Couldn't find a Game Manager, make sure one exists in the scene.

Couldn't find a Game Manager, make sure one exists in the scene.

Couldn't find a Game Manager, make sure one exists in the scene.

Couldn't find a Game Manager, make sure one exists in the scene.

Couldn't find a Game Manager, make sure one exists in the scene.

Couldn't find a Game Manager, make sure one exists in the scene.

Couldn't find a Game Manager, make sure one exists in the scene.

Couldn't find a Game Manager, make sure one exists in the scene.

Couldn't find a Game Manager, make sure one exists in the scene.

Couldn't find a Game Manager, make sure one exists in the scene.

Couldn't find a Game Manager, make sure one exists in the scene.

Couldn't find a Game Manager, make sure one exists in the scene.

Couldn't find a Game Manager, make sure one exists in the scene.

Couldn't find a Game Manager, make sure one exists in the scene.

Couldn't find a Game Manager, make sure one exists in the scene.

Couldn't find a Game Manager, make sure one exists in the scene.

Couldn't find a Game Manager, make sure one exists in the scene.

Couldn't find a Game Manager, make sure one exists in the scene.

Couldn't find a Game Manager, make sure one exists in the scene.

Couldn't find a Game Manager, make sure one exists in the scene.

Couldn't find a Game Manager, make sure one exists in the scene.

Couldn't find a Game Manager, make sure one exists in the scene.

Couldn't find a Game Manager, make sure one exists in the scene.

Couldn't find a Game Manager, make sure one exists in the scene.

Couldn't find a Game Manager, make sure one exists in the scene.

Couldn't find a Game Manager, make sure one exists in the scene.

Couldn't find a Game Manager, make sure one exists in the scene.

Couldn't find a Game Manager, make sure one exists in the scene.

Couldn't find a Game Manager, make sure one exists in the scene.

Couldn't find a Game Manager, make sure one exists in the scene.

Couldn't find a Game Manager, make sure one exists in the scene.

Couldn't find a Game Manager, make sure one exists in the scene.

Couldn't find a Game Manager, make sure one exists in the scene.

Couldn't find a Game Manager, make sure one exists in the scene.

Couldn't find a Game Manager, make sure one exists in the scene.

Couldn't find a Game Manager, make sure one exists in the scene.

Couldn't find a Game Manager, make sure one exists in the scene.

Couldn't find a Game Manager, make sure one exists in the scene.

Couldn't find a Game Manager, make sure one exists in the scene.

Couldn't find a Game Manager, make sure one exists in the scene.

Couldn't find a Game Manager, make sure one exists in the scene.

Couldn't find a Game Manager, make sure one exists in the scene.

Couldn't find a Game Manager, make sure one exists in the scene.

Couldn't find a Game Manager, make sure one exists in the scene.

Couldn't find a Game Manager, make sure one exists in the scene.

Couldn't find a Game Manager, make sure one exists in the scene.

Couldn't find a Game Manager, make sure one exists in the scene.

Couldn't find a Game Manager, make sure one exists in the scene.

Couldn't find a Game Manager, make sure one exists in the scene.

Couldn't find a Game Manager, make sure one exists in the scene.

Couldn't find a Game Manager, make sure one exists in the scene.

Couldn't find a Game Manager, make sure one exists in the scene.

Couldn't find a Game Manager, make sure one exists in the scene.

Couldn't find a Game Manager, make sure one exists in the scene.

Couldn't find a Game Manager, make sure one exists in the scene.

Couldn't find a Game Manager, make sure one exists in the scene.

Couldn't find a Game Manager, make sure one exists in the scene.

Couldn't find a Game Manager, make sure one exists in the scene.

Couldn't find a Game Manager, make sure one exists in the scene.

Couldn't find a Game Manager, make sure one exists in the scene.

Couldn't find a Game Manager, make sure one exists in the scene.

Couldn't find a Game Manager, make sure one exists in the scene.

Couldn't find a Game Manager, make sure one exists in the scene.

Couldn't find a Game Manager, make sure one exists in the scene.

Couldn't find a Game Manager, make sure one exists in the scene.

Couldn't find a Game Manager, make sure one exists in the scene.

Couldn't find a Game Manager, make sure one exists in the scene.

Couldn't find a Game Manager, make sure one exists in the scene.

Couldn't find a Game Manager, make sure one exists in the scene.

Couldn't find a Game Manager, make sure one exists in the scene.

Couldn't find a Game Manager, make sure one exists in the scene.

Couldn't find a Game Manager, make sure one exists in the scene.

Couldn't find a Game Manager, make sure one exists in the scene.

Couldn't find a Game Manager, make sure one exists in the scene.

Couldn't find a Game Manager, make sure one exists in the scene.

Couldn't find a Game Manager, make sure one exists in the scene.

Couldn't find a Game Manager, make sure one exists in the scene.

Couldn't find a Game Manager, make sure one exists in the scene.

Couldn't find a Game Manager, make sure one exists in the scene.

Couldn't find a Game Manager, make sure one exists in the scene.

Couldn't find a Game Manager, make sure one exists in the scene.

Couldn't find a Game Manager, make sure one exists in the scene.

Couldn't find a Game Manager, make sure one exists in the scene.

Couldn't find a Game Manager, make sure one exists in the scene.

Couldn't find a Game Manager, make sure one exists in the scene.

Couldn't find a Game Manager, make sure one exists in the scene.

Couldn't find a Game Manager, make sure one exists in the scene.

Couldn't find a Game Manager, make sure one exists in the scene.

Couldn't find a Game Manager, make sure one exists in the scene.

Couldn't find a Game Manager, make sure one exists in the scene.

Couldn't find a Game Manager, make sure one exists in the scene.

Couldn't find a Game Manager, make sure one exists in the scene.

Couldn't find a Game Manager, make sure one exists in the scene.

Couldn't find a Game Manager, make sure one exists in the scene.

Couldn't find a Game Manager, make sure one exists in the scene.

Couldn't find a Game Manager, make sure one exists in the scene.

Couldn't find a Game Manager, make sure one exists in the scene.

Couldn't find a Game Manager, make sure one exists in the scene.

Couldn't find a Game Manager, make sure one exists in the scene.

Couldn't find a Game Manager, make sure one exists in the scene.

Couldn't find a Game Manager, make sure one exists in the scene.

Couldn't find a Game Manager, make sure one exists in the scene.

Couldn't find a Game Manager, make sure one exists in the scene.

Couldn't find a Game Manager, make sure one exists in the scene.

Couldn't find a Game Manager, make sure one exists in the scene.

Couldn't find a Game Manager, make sure one exists in the scene.

Couldn't find a Game Manager, make sure one exists in the scene.

Couldn't find a Game Manager, make sure one exists in the scene.

Couldn't find a Game Manager, make sure one exists in the scene.

Couldn't find a Game Manager, make sure one exists in the scene.

Couldn't find a Game Manager, make sure one exists in the scene.

Couldn't find a Game Manager, make sure one exists in the scene.

Couldn't find a Game Manager, make sure one exists in the scene.

Couldn't find a Game Manager, make sure one exists in the scene.

Couldn't find a Game Manager, make sure one exists in the scene.

Couldn't find a Game Manager, make sure one exists in the scene.

Couldn't find a Game Manager, make sure one exists in the scene.

Couldn't find a Game Manager, make sure one exists in the scene.

Couldn't find a Game Manager, make sure one exists in the scene.

Couldn't find a Game Manager, make sure one exists in the scene.

Couldn't find a Game Manager, make sure one exists in the scene.

Couldn't find a Game Manager, make sure one exists in the scene.

Unloading 5 Unused Serialized files (Serialized files now loaded: 0)
Couldn't find a Game Manager, make sure one exists in the scene.

Couldn't find a Game Manager, make sure one exists in the scene.

Couldn't find a Game Manager, make sure one exists in the scene.

Couldn't find a Game Manager, make sure one exists in the scene.

UnloadTime: 0.331300 ms
Parent of RectTransform is being set with parent property. Consider using the SetParent method instead, with the worldPositionStays argument set to false. This will retain local orientation and scale rather than world orientation and scale, which can prevent common UI scaling issues.

Parent of RectTransform is being set with parent property. Consider using the SetParent method instead, with the worldPositionStays argument set to false. This will retain local orientation and scale rather than world orientation and scale, which can prevent common UI scaling issues.

Parent of RectTransform is being set with parent property. Consider using the SetParent method instead, with the worldPositionStays argument set to false. This will retain local orientation and scale rather than world orientation and scale, which can prevent common UI scaling issues.

Parent of RectTransform is being set with parent property. Consider using the SetParent method instead, with the worldPositionStays argument set to false. This will retain local orientation and scale rather than world orientation and scale, which can prevent common UI scaling issues.

Parent of RectTransform is being set with parent property. Consider using the SetParent method instead, with the worldPositionStays argument set to false. This will retain local orientation and scale rather than world orientation and scale, which can prevent common UI scaling issues.

DontDestroyOnLoad only works for root GameObjects or components on root GameObjects.

DontDestroyOnLoad only works for root GameObjects or components on root GameObjects.

DontDestroyOnLoad only works for root GameObjects or components on root GameObjects.

Coroutine couldn't be started because the the game object 'OptionsMenuScreen' is inactive!

DontDestroyOnLoad only works for root GameObjects or components on root GameObjects.

Couldn't find a Hero, make sure one exists in the scene.

Performing automatic level start.

Game controller set to None.

Couldn't find a Hero, make sure one exists in the scene.

Couldn't find a Hero, make sure one exists in the scene.

Couldn't find a Hero, make sure one exists in the scene.

Couldn't find a Hero, make sure one exists in the scene.

Couldn't find a Hero, make sure one exists in the scene.

Couldn't find a Hero, make sure one exists in the scene.

Couldn't find a Hero, make sure one exists in the scene.

Couldn't find a Hero, make sure one exists in the scene.

Couldn't find a Hero, make sure one exists in the scene.

Couldn't find a Hero, make sure one exists in the scene.

Couldn't find a Hero, make sure one exists in the scene.

Couldn't find a Hero, make sure one exists in the scene.

Couldn't find a Hero, make sure one exists in the scene.

Couldn't find a Hero, make sure one exists in the scene.

Couldn't find a Hero, make sure one exists in the scene.

Couldn't find a Hero, make sure one exists in the scene.

Couldn't find a Hero, make sure one exists in the scene.

Couldn't find a Hero, make sure one exists in the scene.

Couldn't find a Hero, make sure one exists in the scene.

Couldn't find a Hero, make sure one exists in the scene.

Couldn't find a Hero, make sure one exists in the scene.

Couldn't find a Hero, make sure one exists in the scene.

Couldn't find a Hero, make sure one exists in the scene.

Couldn't find a Hero, make sure one exists in the scene.

Couldn't find a Hero, make sure one exists in the scene.

Couldn't find a Hero, make sure one exists in the scene.

Couldn't find a Hero, make sure one exists in the scene.

Couldn't find a Hero, make sure one exists in the scene.

Couldn't find a Hero, make sure one exists in the scene.

Couldn't find a Hero, make sure one exists in the scene.

Couldn't find a Hero, make sure one exists in the scene.

Couldn't find a Hero, make sure one exists in the scene.

Couldn't find a Hero, make sure one exists in the scene.

Couldn't find a Hero, make sure one exists in the scene.

Couldn't find a Hero, make sure one exists in the scene.

Couldn't find a Hero, make sure one exists in the scene.

Couldn't find a Hero, make sure one exists in the scene.

Couldn't find a Hero, make sure one exists in the scene.

Couldn't find a Hero, make sure one exists in the scene.

Couldn't find a Hero, make sure one exists in the scene.

Couldn't find a Hero, make sure one exists in the scene.

Couldn't find a Hero, make sure one exists in the scene.

Couldn't find a Hero, make sure one exists in the scene.

Couldn't find a Hero, make sure one exists in the scene.

Couldn't find a Hero, make sure one exists in the scene.

Couldn't find a Hero, make sure one exists in the scene.

Couldn't find a Hero, make sure one exists in the scene.

Couldn't find a Hero, make sure one exists in the scene.

Couldn't find a Hero, make sure one exists in the scene.

Couldn't find a Hero, make sure one exists in the scene.

Couldn't find a Hero, make sure one exists in the scene.

Couldn't find a Hero, make sure one exists in the scene.

Couldn't find a Hero, make sure one exists in the scene.

Couldn't find a Hero, make sure one exists in the scene.

Couldn't find a Hero, make sure one exists in the scene.

Couldn't find a Hero, make sure one exists in the scene.


Unloading 605 unused Assets to reduce memory usage. Loaded Objects now: 62250.
Total: 187.741200 ms (FindLiveObjects: 2.222800 ms CreateObjectMapping: 0.920900 ms MarkObjects: 183.304100 ms  DeleteObjects: 1.292700 ms)

Couldn't find a Hero, make sure one exists in the scene.

Couldn't find a Hero, make sure one exists in the scene.

Couldn't find a Hero, make sure one exists in the scene.

Couldn't find a Hero, make sure one exists in the scene.

Couldn't find a Hero, make sure one exists in the scene.

Couldn't find a Hero, make sure one exists in the scene.

Couldn't find a Hero, make sure one exists in the scene.

Couldn't find a Hero, make sure one exists in the scene.

Couldn't find a Hero, make sure one exists in the scene.

Couldn't find a Hero, make sure one exists in the scene.

Couldn't find a Hero, make sure one exists in the scene.

Couldn't find a Hero, make sure one exists in the scene.

Couldn't find a Hero, make sure one exists in the scene.

Couldn't find a Hero, make sure one exists in the scene.

Couldn't find a Hero, make sure one exists in the scene.

Couldn't find a Hero, make sure one exists in the scene.

Couldn't find a Hero, make sure one exists in the scene.

Couldn't find a Hero, make sure one exists in the scene.

Couldn't find a Hero, make sure one exists in the scene.

Couldn't find a Hero, make sure one exists in the scene.

Couldn't find a Hero, make sure one exists in the scene.

Couldn't find a Hero, make sure one exists in the scene.

Couldn't find a Hero, make sure one exists in the scene.

Couldn't find a Hero, make sure one exists in the scene.

Couldn't find a Hero, make sure one exists in the scene.

Couldn't find a Hero, make sure one exists in the scene.

Couldn't find a Hero, make sure one exists in the scene.

Couldn't find a Hero, make sure one exists in the scene.

Couldn't find a Hero, make sure one exists in the scene.

Couldn't find a Hero, make sure one exists in the scene.

Couldn't find a Hero, make sure one exists in the scene.

Couldn't find a Hero, make sure one exists in the scene.

Couldn't find a Hero, make sure one exists in the scene.

Couldn't find a Hero, make sure one exists in the scene.

Couldn't find a Hero, make sure one exists in the scene.

Couldn't find a Hero, make sure one exists in the scene.

Couldn't find a Hero, make sure one exists in the scene.

Couldn't find a Hero, make sure one exists in the scene.

Couldn't find a Hero, make sure one exists in the scene.

Couldn't find a Hero, make sure one exists in the scene.

Couldn't find a Hero, make sure one exists in the scene.

Couldn't find a Hero, make sure one exists in the scene.

Couldn't find a Hero, make sure one exists in the scene.

Couldn't find a Hero, make sure one exists in the scene.

Couldn't find a Hero, make sure one exists in the scene.

Couldn't find a Hero, make sure one exists in the scene.

Couldn't find a Hero, make sure one exists in the scene.

Couldn't find a Hero, make sure one exists in the scene.

Couldn't find a Hero, make sure one exists in the scene.

Couldn't find a Hero, make sure one exists in the scene.

Couldn't find a Hero, make sure one exists in the scene.

Couldn't find a Hero, make sure one exists in the scene.

Couldn't find a Hero, make sure one exists in the scene.

Couldn't find a Hero, make sure one exists in the scene.

Couldn't find a Hero, make sure one exists in the scene.

Couldn't find a Hero, make sure one exists in the scene.

Couldn't find a Hero, make sure one exists in the scene.

Couldn't find a Hero, make sure one exists in the scene.

Couldn't find a Hero, make sure one exists in the scene.

Couldn't find a Hero, make sure one exists in the scene.

Couldn't find a Hero, make sure one exists in the scene.

Couldn't find a Hero, make sure one exists in the scene.

Couldn't find a Hero, make sure one exists in the scene.

Couldn't find a Hero, make sure one exists in the scene.

Couldn't find a Hero, make sure one exists in the scene.

Couldn't find a Hero, make sure one exists in the scene.

Couldn't find a Hero, make sure one exists in the scene.

Couldn't find a Hero, make sure one exists in the scene.

Couldn't find a Hero, make sure one exists in the scene.

Couldn't find a Hero, make sure one exists in the scene.

Couldn't find a Hero, make sure one exists in the scene.

Couldn't find a Hero, make sure one exists in the scene.

Couldn't find a Hero, make sure one exists in the scene.

Couldn't find a Hero, make sure one exists in the scene.

Couldn't find a Hero, make sure one exists in the scene.

Couldn't find a Hero, make sure one exists in the scene.

Couldn't find a Hero, make sure one exists in the scene.

Couldn't find a Hero, make sure one exists in the scene.

Couldn't find a Hero, make sure one exists in the scene.

Couldn't find a Hero, make sure one exists in the scene.

Couldn't find a Hero, make sure one exists in the scene.

Couldn't find a Hero, make sure one exists in the scene.

Couldn't find a Hero, make sure one exists in the scene.

Couldn't find a Hero, make sure one exists in the scene.

Couldn't find a Hero, make sure one exists in the scene.

Couldn't find a Hero, make sure one exists in the scene.

Couldn't find a Hero, make sure one exists in the scene.

Couldn't find a Hero, make sure one exists in the scene.

Couldn't find a Hero, make sure one exists in the scene.

Couldn't find a Hero, make sure one exists in the scene.

Couldn't find a Hero, make sure one exists in the scene.

Couldn't find a Hero, make sure one exists in the scene.

Couldn't find a Hero, make sure one exists in the scene.

Couldn't find a Hero, make sure one exists in the scene.

Couldn't find a Hero, make sure one exists in the scene.

Couldn't find a Hero, make sure one exists in the scene.

Couldn't find a Hero, make sure one exists in the scene.

Couldn't find a Hero, make sure one exists in the scene.

Couldn't find a Hero, make sure one exists in the scene.

Couldn't find a Hero, make sure one exists in the scene.

Couldn't find a Hero, make sure one exists in the scene.

Couldn't find a Hero, make sure one exists in the scene.

Couldn't find a Hero, make sure one exists in the scene.

Couldn't find a Hero, make sure one exists in the scene.

Couldn't find a Hero, make sure one exists in the scene.

Couldn't find a Hero, make sure one exists in the scene.

Couldn't find a Hero, make sure one exists in the scene.

Couldn't find a Hero, make sure one exists in the scene.

Couldn't find a Hero, make sure one exists in the scene.

Couldn't find a Hero, make sure one exists in the scene.

Couldn't find a Hero, make sure one exists in the scene.

Couldn't find a Hero, make sure one exists in the scene.

Couldn't find a Hero, make sure one exists in the scene.

Couldn't find a Hero, make sure one exists in the scene.

Couldn't find a Hero, make sure one exists in the scene.

Couldn't find a Hero, make sure one exists in the scene.

Couldn't find a Hero, make sure one exists in the scene.

Couldn't find a Hero, make sure one exists in the scene.

Couldn't find a Hero, make sure one exists in the scene.

Couldn't find a Hero, make sure one exists in the scene.

Couldn't find a Hero, make sure one exists in the scene.

Couldn't find a Hero, make sure one exists in the scene.

Couldn't find a Hero, make sure one exists in the scene.

Couldn't find a Hero, make sure one exists in the scene.

Couldn't find a Hero, make sure one exists in the scene.

Couldn't find a Hero, make sure one exists in the scene.

Couldn't find a Hero, make sure one exists in the scene.

Couldn't find a Hero, make sure one exists in the scene.

Couldn't find a Hero, make sure one exists in the scene.

Couldn't find a Hero, make sure one exists in the scene.

Couldn't find a Hero, make sure one exists in the scene.

Couldn't find a Hero, make sure one exists in the scene.

Couldn't find a Hero, make sure one exists in the scene.

Couldn't find a Hero, make sure one exists in the scene.

Couldn't find a Hero, make sure one exists in the scene.

Couldn't find a Hero, make sure one exists in the scene.

Couldn't find a Hero, make sure one exists in the scene.

Couldn't find a Hero, make sure one exists in the scene.

Couldn't find a Hero, make sure one exists in the scene.

Couldn't find a Hero, make sure one exists in the scene.

Couldn't find a Hero, make sure one exists in the scene.

Couldn't find a Hero, make sure one exists in the scene.

Couldn't find a Hero, make sure one exists in the scene.

Couldn't find a Hero, make sure one exists in the scene.

Couldn't find a Hero, make sure one exists in the scene.

Couldn't find a Hero, make sure one exists in the scene.

Couldn't find a Hero, make sure one exists in the scene.

Couldn't find a Hero, make sure one exists in the scene.

Couldn't find a Hero, make sure one exists in the scene.

Couldn't find a Hero, make sure one exists in the scene.

Couldn't find a Hero, make sure one exists in the scene.

Couldn't find a Hero, make sure one exists in the scene.

Couldn't find a Hero, make sure one exists in the scene.

Couldn't find a Hero, make sure one exists in the scene.

Couldn't find a Hero, make sure one exists in the scene.

Couldn't find a Hero, make sure one exists in the scene.

Couldn't find a Hero, make sure one exists in the scene.

Couldn't find a Hero, make sure one exists in the scene.

Couldn't find a Hero, make sure one exists in the scene.

Couldn't find a Hero, make sure one exists in the scene.

Couldn't find a Hero, make sure one exists in the scene.

Couldn't find a Hero, make sure one exists in the scene.

Couldn't find a Hero, make sure one exists in the scene.

Couldn't find a Hero, make sure one exists in the scene.

Couldn't find a Hero, make sure one exists in the scene.

Couldn't find a Hero, make sure one exists in the scene.

Couldn't find a Hero, make sure one exists in the scene.

Couldn't find a Hero, make sure one exists in the scene.

Couldn't find a Hero, make sure one exists in the scene.

Couldn't find a Hero, make sure one exists in the scene.

Couldn't find a Hero, make sure one exists in the scene.

Couldn't find a Hero, make sure one exists in the scene.

Couldn't find a Hero, make sure one exists in the scene.

Couldn't find a Hero, make sure one exists in the scene.

Couldn't find a Hero, make sure one exists in the scene.

Couldn't find a Hero, make sure one exists in the scene.

Couldn't find a Hero, make sure one exists in the scene.

Couldn't find a Hero, make sure one exists in the scene.

Couldn't find a Hero, make sure one exists in the scene.

Couldn't find a Hero, make sure one exists in the scene.

Couldn't find a Hero, make sure one exists in the scene.

Couldn't find a Hero, make sure one exists in the scene.

Couldn't find a Hero, make sure one exists in the scene.

Couldn't find a Hero, make sure one exists in the scene.

Couldn't find a Hero, make sure one exists in the scene.

Couldn't find a Hero, make sure one exists in the scene.

Couldn't find a Hero, make sure one exists in the scene.

Couldn't find a Hero, make sure one exists in the scene.

Couldn't find a Hero, make sure one exists in the scene.

Couldn't find a Hero, make sure one exists in the scene.

Couldn't find a Hero, make sure one exists in the scene.

Couldn't find a Hero, make sure one exists in the scene.

Setting up 6 worker threads for Enlighten.
  Thread -> id: 57c8 -> priority: 1 
  Thread -> id: 4f6c -> priority: 1 
  Thread -> id: 336c -> priority: 1 
  Thread -> id: 4488 -> priority: 1 
  Thread -> id: 5f40 -> priority: 1 
  Thread -> id: 2a78 -> priority: 1 
Shutting down Steam API.

