Mono path[0] = 'C:/Apps/Steam/steamapps/common/Hollow Knight/hollow_knight_Data/Managed'
Mono config path = 'C:/Apps/Steam/steamapps/common/Hollow Knight/MonoBleedingEdge/etc'
Initialize engine version: 2020.2.2f1 (068178b99f32)
[Subsystems] Discovering subsystems at path C:/Apps/Steam/steamapps/common/Hollow Knight/hollow_knight_Data/UnitySubsystems
GfxDevice: creating device client; threaded=1
Direct3D:
    Version:  Direct3D 11.0 [level 11.1]
    Renderer: AMD Radeon RX 6750 GRE 12GB (ID=0x73df)
    Vendor:   
    VRAM:     12242 MB
    Driver:   32.0.21025.10016
Begin MonoManager ReloadAssembly
- Completed reload, in  0.105 seconds
OnLevelWasLoaded was found on GameMap
This message has been deprecated and will be removed in a later version of Unity.
Add a delegate to SceneManager.sceneLoaded instead to get notifications after scene loading has completed

OnLevelWasLoaded was found on PlayMakerUnity2d
This message has been deprecated and will be removed in a later version of Unity.
Add a delegate to SceneManager.sceneLoaded instead to get notifications after scene loading has completed

D3D11 device created for Microsoft Media Foundation video decoding.
<RI> Initializing input.
<RI> Input initialized.
<RI> Initialized touch support.
The class named 'ConfigManager' is abstract. The script class can't be abstract!

UnloadTime: 5.131700 ms
Graphics tier changed to High

Steam initializing

Steam logged in as chenxi_Euemnides

Selected online subsystem SteamOnlineSubsystem

Discovered supported languages: DE, EN, ES, FR, IT, JA, KO, PT, RU, ZH

Unloading 5 Unused Serialized files (Serialized files now loaded: 0)
Loaded saved language code 'ZH'

Restored language code 'ZH'

GameVersionData must be instantiated using the ScriptableObject.CreateInstance method instead of new GameVersionData.


Unloading 362 unused Assets to reduce memory usage. Loaded Objects now: 3825.
Total: 3.117500 ms (FindLiveObjects: 0.131000 ms CreateObjectMapping: 0.052700 ms MarkObjects: 2.850000 ms  DeleteObjects: 0.083600 ms)

Steam stats received.

Unloading 5 Unused Serialized files (Serialized files now loaded: 0)
UnloadTime: 3.030400 ms
DontDestroyOnLoad only works for root GameObjects or components on root GameObjects.

Creating Mod Logger

Fallback handler could not load library C:/Apps/Steam/steamapps/common/Hollow Knight/hollow_knight_Data/Mono/data-0000014995C108E0.dll
Performing automatic level start.

Game controller set to None.


Unloading 30 unused Assets to reduce memory usage. Loaded Objects now: 46278.
Total: 128.940400 ms (FindLiveObjects: 2.195400 ms CreateObjectMapping: 0.915000 ms MarkObjects: 125.697800 ms  DeleteObjects: 0.131700 ms)

AddEventHandlerComponent: PlayMakerFixedUpdate

AddEventHandlerComponent: PlayMakerFixedUpdate

AddEventHandlerComponent: PlayMakerFixedUpdate

AddEventHandlerComponent: PlayMakerFixedUpdate

AddEventHandlerComponent: PlayMakerFixedUpdate

AddEventHandlerComponent: PlayMakerFixedUpdate

AddEventHandlerComponent: PlayMakerFixedUpdate

AddEventHandlerComponent: PlayMakerFixedUpdate

AddEventHandlerComponent: PlayMakerFixedUpdate

AddEventHandlerComponent: PlayMakerFixedUpdate

AddEventHandlerComponent: PlayMakerFixedUpdate

AddEventHandlerComponent: PlayMakerFixedUpdate

AddEventHandlerComponent: PlayMakerFixedUpdate

AddEventHandlerComponent: PlayMakerFixedUpdate

AddEventHandlerComponent: PlayMakerFixedUpdate

AddEventHandlerComponent: PlayMakerFixedUpdate

AddEventHandlerComponent: PlayMakerFixedUpdate

AddEventHandlerComponent: PlayMakerFixedUpdate

AddEventHandlerComponent: PlayMakerFixedUpdate

AddEventHandlerComponent: PlayMakerFixedUpdate

AddEventHandlerComponent: PlayMakerFixedUpdate

Couldn't find a Hero, make sure one exists in the scene.

Couldn't find a Hero, make sure one exists in the scene.

AddEventHandlerComponent: PlayMakerFixedUpdate

AddEventHandlerComponent: PlayMakerFixedUpdate

AddEventHandlerComponent: PlayMakerFixedUpdate

AddEventHandlerComponent: PlayMakerFixedUpdate

AddEventHandlerComponent: PlayMakerFixedUpdate

AddEventHandlerComponent: PlayMakerFixedUpdate

AddEventHandlerComponent: PlayMakerFixedUpdate

AddEventHandlerComponent: PlayMakerFixedUpdate

AddEventHandlerComponent: PlayMakerFixedUpdate

AddEventHandlerComponent: PlayMakerFixedUpdate

AddEventHandlerComponent: PlayMakerFixedUpdate

AddEventHandlerComponent: PlayMakerFixedUpdate

AddEventHandlerComponent: PlayMakerFixedUpdate

AddEventHandlerComponent: PlayMakerFixedUpdate

AddEventHandlerComponent: PlayMakerFixedUpdate

AddEventHandlerComponent: PlayMakerFixedUpdate

AddEventHandlerComponent: PlayMakerFixedUpdate

AddEventHandlerComponent: PlayMakerFixedUpdate

AddEventHandlerComponent: PlayMakerFixedUpdate

AddEventHandlerComponent: PlayMakerFixedUpdate

AddEventHandlerComponent: PlayMakerFixedUpdate

AddEventHandlerComponent: PlayMakerFixedUpdate

AddEventHandlerComponent: PlayMakerFixedUpdate

AddEventHandlerComponent: PlayMakerFixedUpdate

AddEventHandlerComponent: PlayMakerFixedUpdate

AddEventHandlerComponent: PlayMakerFixedUpdate

Couldn't find a Hero, make sure one exists in the scene.

Couldn't find a Hero, make sure one exists in the scene.

Couldn't find a Hero, make sure one exists in the scene.

AddEventHandlerComponent: PlayMakerFixedUpdate

AddEventHandlerComponent: PlayMakerFixedUpdate

AddEventHandlerComponent: PlayMakerFixedUpdate

AddEventHandlerComponent: PlayMakerFixedUpdate

AddEventHandlerComponent: PlayMakerFixedUpdate

AddEventHandlerComponent: PlayMakerLateUpdate

AddEventHandlerComponent: PlayMakerFixedUpdate

AddEventHandlerComponent: PlayMakerFixedUpdate

AddEventHandlerComponent: PlayMakerLateUpdate

AddEventHandlerComponent: PlayMakerFixedUpdate

AddEventHandlerComponent: PlayMakerLateUpdate

AddEventHandlerComponent: PlayMakerFixedUpdate

AddEventHandlerComponent: PlayMakerLateUpdate

AddEventHandlerComponent: PlayMakerFixedUpdate

AddEventHandlerComponent: PlayMakerLateUpdate

AddEventHandlerComponent: PlayMakerFixedUpdate

AddEventHandlerComponent: PlayMakerFixedUpdate

AddEventHandlerComponent: PlayMakerFixedUpdate

AddEventHandlerComponent: PlayMakerFixedUpdate

AddEventHandlerComponent: PlayMakerFixedUpdate

AddEventHandlerComponent: PlayMakerFixedUpdate

AddEventHandlerComponent: PlayMakerFixedUpdate

AddEventHandlerComponent: PlayMakerFixedUpdate

AddEventHandlerComponent: PlayMakerFixedUpdate

AddEventHandlerComponent: PlayMakerFixedUpdate

AddEventHandlerComponent: PlayMakerFixedUpdate

AddEventHandlerComponent: PlayMakerFixedUpdate

AddEventHandlerComponent: PlayMakerFixedUpdate

AddEventHandlerComponent: PlayMakerFixedUpdate

AddEventHandlerComponent: PlayMakerFixedUpdate

AddEventHandlerComponent: PlayMakerFixedUpdate

AddEventHandlerComponent: PlayMakerFixedUpdate

AddEventHandlerComponent: PlayMakerFixedUpdate

AddEventHandlerComponent: PlayMakerFixedUpdate

AddEventHandlerComponent: PlayMakerFixedUpdate

AddEventHandlerComponent: PlayMakerFixedUpdate

AddEventHandlerComponent: PlayMakerFixedUpdate

Couldn't find a Hero, make sure one exists in the scene.

Couldn't find a Hero, make sure one exists in the scene.

AddEventHandlerComponent: PlayMakerFixedUpdate

AddEventHandlerComponent: PlayMakerFixedUpdate

AddEventHandlerComponent: PlayMakerFixedUpdate

AddEventHandlerComponent: PlayMakerFixedUpdate

Couldn't find a Hero, make sure one exists in the scene.

Couldn't find a Hero, make sure one exists in the scene.

AddEventHandlerComponent: PlayMakerFixedUpdate

AddEventHandlerComponent: PlayMakerFixedUpdate

AddEventHandlerComponent: PlayMakerFixedUpdate

AddEventHandlerComponent: PlayMakerFixedUpdate

AddEventHandlerComponent: PlayMakerFixedUpdate

AddEventHandlerComponent: PlayMakerFixedUpdate

AddEventHandlerComponent: PlayMakerFixedUpdate

AddEventHandlerComponent: PlayMakerFixedUpdate

AddEventHandlerComponent: PlayMakerFixedUpdate

AddEventHandlerComponent: PlayMakerFixedUpdate

AddEventHandlerComponent: PlayMakerFixedUpdate

AddEventHandlerComponent: PlayMakerFixedUpdate

AddEventHandlerComponent: PlayMakerFixedUpdate

AddEventHandlerComponent: PlayMakerFixedUpdate

AddEventHandlerComponent: PlayMakerFixedUpdate

AddEventHandlerComponent: PlayMakerFixedUpdate

AddEventHandlerComponent: PlayMakerFixedUpdate

AddEventHandlerComponent: PlayMakerFixedUpdate

AddEventHandlerComponent: PlayMakerFixedUpdate

AddEventHandlerComponent: PlayMakerFixedUpdate

AddEventHandlerComponent: PlayMakerFixedUpdate

AddEventHandlerComponent: PlayMakerFixedUpdate

AddEventHandlerComponent: PlayMakerFixedUpdate

AddEventHandlerComponent: PlayMakerFixedUpdate

AddEventHandlerComponent: PlayMakerFixedUpdate

AddEventHandlerComponent: PlayMakerFixedUpdate

AddEventHandlerComponent: PlayMakerFixedUpdate

AddEventHandlerComponent: PlayMakerFixedUpdate

AddEventHandlerComponent: PlayMakerFixedUpdate

AddEventHandlerComponent: PlayMakerFixedUpdate

AddEventHandlerComponent: PlayMakerFixedUpdate

AddEventHandlerComponent: PlayMakerFixedUpdate

AddEventHandlerComponent: PlayMakerCollisionEnter2D

AddEventHandlerComponent: PlayMakerFixedUpdate

AddEventHandlerComponent: PlayMakerFixedUpdate

AddEventHandlerComponent: PlayMakerFixedUpdate

AddEventHandlerComponent: PlayMakerFixedUpdate

AddEventHandlerComponent: PlayMakerFixedUpdate

AddEventHandlerComponent: PlayMakerFixedUpdate

AddEventHandlerComponent: PlayMakerFixedUpdate

AddEventHandlerComponent: PlayMakerFixedUpdate

AddEventHandlerComponent: PlayMakerFixedUpdate

AddEventHandlerComponent: PlayMakerFixedUpdate

AddEventHandlerComponent: PlayMakerFixedUpdate

AddEventHandlerComponent: PlayMakerFixedUpdate

AddEventHandlerComponent: PlayMakerFixedUpdate

AddEventHandlerComponent: PlayMakerFixedUpdate

AddEventHandlerComponent: PlayMakerFixedUpdate

AddEventHandlerComponent: PlayMakerFixedUpdate

AddEventHandlerComponent: PlayMakerFixedUpdate

AddEventHandlerComponent: PlayMakerFixedUpdate

AddEventHandlerComponent: PlayMakerFixedUpdate

AddEventHandlerComponent: PlayMakerFixedUpdate

AddEventHandlerComponent: PlayMakerFixedUpdate

AddEventHandlerComponent: PlayMakerFixedUpdate

AddEventHandlerComponent: PlayMakerFixedUpdate

AddEventHandlerComponent: PlayMakerFixedUpdate

AddEventHandlerComponent: PlayMakerFixedUpdate

AddEventHandlerComponent: PlayMakerFixedUpdate

AddEventHandlerComponent: PlayMakerFixedUpdate

AddEventHandlerComponent: PlayMakerFixedUpdate

AddEventHandlerComponent: PlayMakerFixedUpdate

AddEventHandlerComponent: PlayMakerFixedUpdate

AddEventHandlerComponent: PlayMakerFixedUpdate

Couldn't find a Hero, make sure one exists in the scene.

Couldn't find a Hero, make sure one exists in the scene.

Couldn't find a Hero, make sure one exists in the scene.

Couldn't find a Hero, make sure one exists in the scene.

AddEventHandlerComponent: PlayMakerFixedUpdate

AddEventHandlerComponent: PlayMakerFixedUpdate

AddEventHandlerComponent: PlayMakerFixedUpdate

AddEventHandlerComponent: PlayMakerFixedUpdate

AddEventHandlerComponent: PlayMakerFixedUpdate

AddEventHandlerComponent: PlayMakerFixedUpdate

AddEventHandlerComponent: PlayMakerFixedUpdate

AddEventHandlerComponent: PlayMakerFixedUpdate

AddEventHandlerComponent: PlayMakerFixedUpdate

AddEventHandlerComponent: PlayMakerFixedUpdate

AddEventHandlerComponent: PlayMakerFixedUpdate

AddEventHandlerComponent: PlayMakerFixedUpdate

AddEventHandlerComponent: PlayMakerFixedUpdate

AddEventHandlerComponent: PlayMakerFixedUpdate

AddEventHandlerComponent: PlayMakerFixedUpdate

AddEventHandlerComponent: PlayMakerFixedUpdate

AddEventHandlerComponent: PlayMakerFixedUpdate

AddEventHandlerComponent: PlayMakerFixedUpdate

AddEventHandlerComponent: PlayMakerFixedUpdate

AddEventHandlerComponent: PlayMakerFixedUpdate

AddEventHandlerComponent: PlayMakerFixedUpdate

AddEventHandlerComponent: PlayMakerFixedUpdate

AddEventHandlerComponent: PlayMakerFixedUpdate

AddEventHandlerComponent: PlayMakerFixedUpdate

AddEventHandlerComponent: PlayMakerFixedUpdate

AddEventHandlerComponent: PlayMakerFixedUpdate

AddEventHandlerComponent: PlayMakerFixedUpdate

AddEventHandlerComponent: PlayMakerFixedUpdate

Couldn't find a Hero, make sure one exists in the scene.

AddEventHandlerComponent: PlayMakerFixedUpdate

AddEventHandlerComponent: PlayMakerFixedUpdate

AddEventHandlerComponent: PlayMakerFixedUpdate

AddEventHandlerComponent: PlayMakerFixedUpdate

AddEventHandlerComponent: PlayMakerFixedUpdate

AddEventHandlerComponent: PlayMakerFixedUpdate

AddEventHandlerComponent: PlayMakerFixedUpdate

AddEventHandlerComponent: PlayMakerFixedUpdate

AddEventHandlerComponent: PlayMakerFixedUpdate

AddEventHandlerComponent: PlayMakerFixedUpdate

AddEventHandlerComponent: PlayMakerFixedUpdate

AddEventHandlerComponent: PlayMakerFixedUpdate

AddEventHandlerComponent: PlayMakerFixedUpdate

AddEventHandlerComponent: PlayMakerFixedUpdate

AddEventHandlerComponent: PlayMakerFixedUpdate

AddEventHandlerComponent: PlayMakerFixedUpdate

AddEventHandlerComponent: PlayMakerFixedUpdate

AddEventHandlerComponent: PlayMakerFixedUpdate

AddEventHandlerComponent: PlayMakerFixedUpdate

AddEventHandlerComponent: PlayMakerFixedUpdate

AddEventHandlerComponent: PlayMakerFixedUpdate

AddEventHandlerComponent: PlayMakerFixedUpdate

AddEventHandlerComponent: PlayMakerFixedUpdate

AddEventHandlerComponent: PlayMakerFixedUpdate

AddEventHandlerComponent: PlayMakerFixedUpdate

AddEventHandlerComponent: PlayMakerFixedUpdate

AddEventHandlerComponent: PlayMakerFixedUpdate

AddEventHandlerComponent: PlayMakerFixedUpdate

AddEventHandlerComponent: PlayMakerFixedUpdate

AddEventHandlerComponent: PlayMakerFixedUpdate

AddEventHandlerComponent: PlayMakerFixedUpdate

AddEventHandlerComponent: PlayMakerFixedUpdate

AddEventHandlerComponent: PlayMakerFixedUpdate

AddEventHandlerComponent: PlayMakerFixedUpdate

AddEventHandlerComponent: PlayMakerFixedUpdate

AddEventHandlerComponent: PlayMakerFixedUpdate

AddEventHandlerComponent: PlayMakerFixedUpdate

AddEventHandlerComponent: PlayMakerFixedUpdate

AddEventHandlerComponent: PlayMakerFixedUpdate

AddEventHandlerComponent: PlayMakerFixedUpdate

AddEventHandlerComponent: PlayMakerFixedUpdate

AddEventHandlerComponent: PlayMakerFixedUpdate

AddEventHandlerComponent: PlayMakerFixedUpdate

AddEventHandlerComponent: PlayMakerFixedUpdate

AddEventHandlerComponent: PlayMakerFixedUpdate

AddEventHandlerComponent: PlayMakerFixedUpdate

AddEventHandlerComponent: PlayMakerFixedUpdate

AddEventHandlerComponent: PlayMakerFixedUpdate

AddEventHandlerComponent: PlayMakerFixedUpdate

AddEventHandlerComponent: PlayMakerFixedUpdate

AddEventHandlerComponent: PlayMakerFixedUpdate

AddEventHandlerComponent: PlayMakerFixedUpdate

AddEventHandlerComponent: PlayMakerFixedUpdate

AddEventHandlerComponent: PlayMakerFixedUpdate

AddEventHandlerComponent: PlayMakerFixedUpdate

AddEventHandlerComponent: PlayMakerFixedUpdate

AddEventHandlerComponent: PlayMakerFixedUpdate

Cannot load existing boss sequence if there is none!

AddEventHandlerComponent: PlayMakerFixedUpdate

AddEventHandlerComponent: PlayMakerFixedUpdate

AddEventHandlerComponent: PlayMakerFixedUpdate

AddEventHandlerComponent: PlayMakerFixedUpdate

AddEventHandlerComponent: PlayMakerFixedUpdate

AddEventHandlerComponent: PlayMakerFixedUpdate

AddEventHandlerComponent: PlayMakerFixedUpdate

Couldn't find a Hero, make sure one exists in the scene.

Unloading 124 Unused Serialized files (Serialized files now loaded: 0)
UnloadTime: 1.262900 ms
Performing automatic level start.

Couldn't find a Hero, make sure one exists in the scene.

NullReferenceException: Object reference not set to an instance of an object
  at GameManager.SetupHeroRefs () [0x00016] in <2b54cdaf7a934f0eb297d50c4090ea9f>:0 
  at GameManager.orig_SetupSceneRefs (System.Boolean refreshTilemapInfo) [0x0006c] in <2b54cdaf7a934f0eb297d50c4090ea9f>:0 
  at GameManager.SetupSceneRefs (System.Boolean refreshTilemapInfo) [0x00000] in <2b54cdaf7a934f0eb297d50c4090ea9f>:0 
  at GameManager.LevelActivated (UnityEngine.SceneManagement.Scene sceneFrom, UnityEngine.SceneManagement.Scene sceneTo) [0x0003c] in <2b54cdaf7a934f0eb297d50c4090ea9f>:0 
  at (wrapper delegate-invoke) UnityEngine.Events.UnityAction`2[UnityEngine.SceneManagement.Scene,UnityEngine.SceneManagement.Scene].invoke_void_T0_T1(UnityEngine.SceneManagement.Scene,UnityEngine.SceneManagement.Scene)
  at UnityEngine.SceneManagement.SceneManager.Internal_ActiveSceneChanged (UnityEngine.SceneManagement.Scene previousActiveScene, UnityEngine.SceneManagement.Scene newActiveScene) [0x0000e] in <047294ce45cf4b9a9441e48d2b8435e4>:0 

Couldn't find a Hero, make sure one exists in the scene.


Unloading 7413 unused Assets to reduce memory usage. Loaded Objects now: 48124.
Total: 142.665000 ms (FindLiveObjects: 3.285100 ms CreateObjectMapping: 2.013000 ms MarkObjects: 126.390000 ms  DeleteObjects: 10.976200 ms)

Couldn't find a Hero, make sure one exists in the scene.

Unloading 5 Unused Serialized files (Serialized files now loaded: 0)
UnloadTime: 0.192500 ms
DontDestroyOnLoad only works for root GameObjects or components on root GameObjects.

Performing automatic level start.

Game controller set to None.

Fallback handler could not load library C:/Apps/Steam/steamapps/common/Hollow Knight/hollow_knight_Data/Mono/data-00000149B0029500.dll
DontDestroyOnLoad only works for root GameObjects or components on root GameObjects.

DontDestroyOnLoad only works for root GameObjects or components on root GameObjects.

DontDestroyOnLoad only works for root GameObjects or components on root GameObjects.

DontDestroyOnLoad only works for root GameObjects or components on root GameObjects.

DontDestroyOnLoad only works for root GameObjects or components on root GameObjects.

DontDestroyOnLoad only works for root GameObjects or components on root GameObjects.

DontDestroyOnLoad only works for root GameObjects or components on root GameObjects.

DontDestroyOnLoad only works for root GameObjects or components on root GameObjects.

DontDestroyOnLoad only works for root GameObjects or components on root GameObjects.

DontDestroyOnLoad only works for root GameObjects or components on root GameObjects.

DontDestroyOnLoad only works for root GameObjects or components on root GameObjects.

DontDestroyOnLoad only works for root GameObjects or components on root GameObjects.

DontDestroyOnLoad only works for root GameObjects or components on root GameObjects.

DontDestroyOnLoad only works for root GameObjects or components on root GameObjects.

Couldn't find a Hero, make sure one exists in the scene.

Couldn't find a Hero, make sure one exists in the scene.

Parent of RectTransform is being set with parent property. Consider using the SetParent method instead, with the worldPositionStays argument set to false. This will retain local orientation and scale rather than world orientation and scale, which can prevent common UI scaling issues.

Parent of RectTransform is being set with parent property. Consider using the SetParent method instead, with the worldPositionStays argument set to false. This will retain local orientation and scale rather than world orientation and scale, which can prevent common UI scaling issues.

Parent of RectTransform is being set with parent property. Consider using the SetParent method instead, with the worldPositionStays argument set to false. This will retain local orientation and scale rather than world orientation and scale, which can prevent common UI scaling issues.

Parent of RectTransform is being set with parent property. Consider using the SetParent method instead, with the worldPositionStays argument set to false. This will retain local orientation and scale rather than world orientation and scale, which can prevent common UI scaling issues.

Parent of RectTransform is being set with parent property. Consider using the SetParent method instead, with the worldPositionStays argument set to false. This will retain local orientation and scale rather than world orientation and scale, which can prevent common UI scaling issues.

Parent of RectTransform is being set with parent property. Consider using the SetParent method instead, with the worldPositionStays argument set to false. This will retain local orientation and scale rather than world orientation and scale, which can prevent common UI scaling issues.

Parent of RectTransform is being set with parent property. Consider using the SetParent method instead, with the worldPositionStays argument set to false. This will retain local orientation and scale rather than world orientation and scale, which can prevent common UI scaling issues.

Parent of RectTransform is being set with parent property. Consider using the SetParent method instead, with the worldPositionStays argument set to false. This will retain local orientation and scale rather than world orientation and scale, which can prevent common UI scaling issues.

Parent of RectTransform is being set with parent property. Consider using the SetParent method instead, with the worldPositionStays argument set to false. This will retain local orientation and scale rather than world orientation and scale, which can prevent common UI scaling issues.

Parent of RectTransform is being set with parent property. Consider using the SetParent method instead, with the worldPositionStays argument set to false. This will retain local orientation and scale rather than world orientation and scale, which can prevent common UI scaling issues.

Parent of RectTransform is being set with parent property. Consider using the SetParent method instead, with the worldPositionStays argument set to false. This will retain local orientation and scale rather than world orientation and scale, which can prevent common UI scaling issues.

Parent of RectTransform is being set with parent property. Consider using the SetParent method instead, with the worldPositionStays argument set to false. This will retain local orientation and scale rather than world orientation and scale, which can prevent common UI scaling issues.

Parent of RectTransform is being set with parent property. Consider using the SetParent method instead, with the worldPositionStays argument set to false. This will retain local orientation and scale rather than world orientation and scale, which can prevent common UI scaling issues.

Parent of RectTransform is being set with parent property. Consider using the SetParent method instead, with the worldPositionStays argument set to false. This will retain local orientation and scale rather than world orientation and scale, which can prevent common UI scaling issues.

Parent of RectTransform is being set with parent property. Consider using the SetParent method instead, with the worldPositionStays argument set to false. This will retain local orientation and scale rather than world orientation and scale, which can prevent common UI scaling issues.

Parent of RectTransform is being set with parent property. Consider using the SetParent method instead, with the worldPositionStays argument set to false. This will retain local orientation and scale rather than world orientation and scale, which can prevent common UI scaling issues.

Parent of RectTransform is being set with parent property. Consider using the SetParent method instead, with the worldPositionStays argument set to false. This will retain local orientation and scale rather than world orientation and scale, which can prevent common UI scaling issues.

Parent of RectTransform is being set with parent property. Consider using the SetParent method instead, with the worldPositionStays argument set to false. This will retain local orientation and scale rather than world orientation and scale, which can prevent common UI scaling issues.

Parent of RectTransform is being set with parent property. Consider using the SetParent method instead, with the worldPositionStays argument set to false. This will retain local orientation and scale rather than world orientation and scale, which can prevent common UI scaling issues.

Parent of RectTransform is being set with parent property. Consider using the SetParent method instead, with the worldPositionStays argument set to false. This will retain local orientation and scale rather than world orientation and scale, which can prevent common UI scaling issues.

Parent of RectTransform is being set with parent property. Consider using the SetParent method instead, with the worldPositionStays argument set to false. This will retain local orientation and scale rather than world orientation and scale, which can prevent common UI scaling issues.

Parent of RectTransform is being set with parent property. Consider using the SetParent method instead, with the worldPositionStays argument set to false. This will retain local orientation and scale rather than world orientation and scale, which can prevent common UI scaling issues.

Parent of RectTransform is being set with parent property. Consider using the SetParent method instead, with the worldPositionStays argument set to false. This will retain local orientation and scale rather than world orientation and scale, which can prevent common UI scaling issues.

Parent of RectTransform is being set with parent property. Consider using the SetParent method instead, with the worldPositionStays argument set to false. This will retain local orientation and scale rather than world orientation and scale, which can prevent common UI scaling issues.

Parent of RectTransform is being set with parent property. Consider using the SetParent method instead, with the worldPositionStays argument set to false. This will retain local orientation and scale rather than world orientation and scale, which can prevent common UI scaling issues.

Parent of RectTransform is being set with parent property. Consider using the SetParent method instead, with the worldPositionStays argument set to false. This will retain local orientation and scale rather than world orientation and scale, which can prevent common UI scaling issues.

Parent of RectTransform is being set with parent property. Consider using the SetParent method instead, with the worldPositionStays argument set to false. This will retain local orientation and scale rather than world orientation and scale, which can prevent common UI scaling issues.

Parent of RectTransform is being set with parent property. Consider using the SetParent method instead, with the worldPositionStays argument set to false. This will retain local orientation and scale rather than world orientation and scale, which can prevent common UI scaling issues.

Parent of RectTransform is being set with parent property. Consider using the SetParent method instead, with the worldPositionStays argument set to false. This will retain local orientation and scale rather than world orientation and scale, which can prevent common UI scaling issues.

Parent of RectTransform is being set with parent property. Consider using the SetParent method instead, with the worldPositionStays argument set to false. This will retain local orientation and scale rather than world orientation and scale, which can prevent common UI scaling issues.

Parent of RectTransform is being set with parent property. Consider using the SetParent method instead, with the worldPositionStays argument set to false. This will retain local orientation and scale rather than world orientation and scale, which can prevent common UI scaling issues.

Parent of RectTransform is being set with parent property. Consider using the SetParent method instead, with the worldPositionStays argument set to false. This will retain local orientation and scale rather than world orientation and scale, which can prevent common UI scaling issues.

Parent of RectTransform is being set with parent property. Consider using the SetParent method instead, with the worldPositionStays argument set to false. This will retain local orientation and scale rather than world orientation and scale, which can prevent common UI scaling issues.

Parent of RectTransform is being set with parent property. Consider using the SetParent method instead, with the worldPositionStays argument set to false. This will retain local orientation and scale rather than world orientation and scale, which can prevent common UI scaling issues.

Parent of RectTransform is being set with parent property. Consider using the SetParent method instead, with the worldPositionStays argument set to false. This will retain local orientation and scale rather than world orientation and scale, which can prevent common UI scaling issues.

Parent of RectTransform is being set with parent property. Consider using the SetParent method instead, with the worldPositionStays argument set to false. This will retain local orientation and scale rather than world orientation and scale, which can prevent common UI scaling issues.

Parent of RectTransform is being set with parent property. Consider using the SetParent method instead, with the worldPositionStays argument set to false. This will retain local orientation and scale rather than world orientation and scale, which can prevent common UI scaling issues.

Parent of RectTransform is being set with parent property. Consider using the SetParent method instead, with the worldPositionStays argument set to false. This will retain local orientation and scale rather than world orientation and scale, which can prevent common UI scaling issues.

Parent of RectTransform is being set with parent property. Consider using the SetParent method instead, with the worldPositionStays argument set to false. This will retain local orientation and scale rather than world orientation and scale, which can prevent common UI scaling issues.

Parent of RectTransform is being set with parent property. Consider using the SetParent method instead, with the worldPositionStays argument set to false. This will retain local orientation and scale rather than world orientation and scale, which can prevent common UI scaling issues.

Parent of RectTransform is being set with parent property. Consider using the SetParent method instead, with the worldPositionStays argument set to false. This will retain local orientation and scale rather than world orientation and scale, which can prevent common UI scaling issues.

Parent of RectTransform is being set with parent property. Consider using the SetParent method instead, with the worldPositionStays argument set to false. This will retain local orientation and scale rather than world orientation and scale, which can prevent common UI scaling issues.

Parent of RectTransform is being set with parent property. Consider using the SetParent method instead, with the worldPositionStays argument set to false. This will retain local orientation and scale rather than world orientation and scale, which can prevent common UI scaling issues.

Parent of RectTransform is being set with parent property. Consider using the SetParent method instead, with the worldPositionStays argument set to false. This will retain local orientation and scale rather than world orientation and scale, which can prevent common UI scaling issues.

Parent of RectTransform is being set with parent property. Consider using the SetParent method instead, with the worldPositionStays argument set to false. This will retain local orientation and scale rather than world orientation and scale, which can prevent common UI scaling issues.

Parent of RectTransform is being set with parent property. Consider using the SetParent method instead, with the worldPositionStays argument set to false. This will retain local orientation and scale rather than world orientation and scale, which can prevent common UI scaling issues.

Parent of RectTransform is being set with parent property. Consider using the SetParent method instead, with the worldPositionStays argument set to false. This will retain local orientation and scale rather than world orientation and scale, which can prevent common UI scaling issues.

Parent of RectTransform is being set with parent property. Consider using the SetParent method instead, with the worldPositionStays argument set to false. This will retain local orientation and scale rather than world orientation and scale, which can prevent common UI scaling issues.

Parent of RectTransform is being set with parent property. Consider using the SetParent method instead, with the worldPositionStays argument set to false. This will retain local orientation and scale rather than world orientation and scale, which can prevent common UI scaling issues.

Parent of RectTransform is being set with parent property. Consider using the SetParent method instead, with the worldPositionStays argument set to false. This will retain local orientation and scale rather than world orientation and scale, which can prevent common UI scaling issues.

Parent of RectTransform is being set with parent property. Consider using the SetParent method instead, with the worldPositionStays argument set to false. This will retain local orientation and scale rather than world orientation and scale, which can prevent common UI scaling issues.

Parent of RectTransform is being set with parent property. Consider using the SetParent method instead, with the worldPositionStays argument set to false. This will retain local orientation and scale rather than world orientation and scale, which can prevent common UI scaling issues.

Parent of RectTransform is being set with parent property. Consider using the SetParent method instead, with the worldPositionStays argument set to false. This will retain local orientation and scale rather than world orientation and scale, which can prevent common UI scaling issues.

Parent of RectTransform is being set with parent property. Consider using the SetParent method instead, with the worldPositionStays argument set to false. This will retain local orientation and scale rather than world orientation and scale, which can prevent common UI scaling issues.

Parent of RectTransform is being set with parent property. Consider using the SetParent method instead, with the worldPositionStays argument set to false. This will retain local orientation and scale rather than world orientation and scale, which can prevent common UI scaling issues.

Parent of RectTransform is being set with parent property. Consider using the SetParent method instead, with the worldPositionStays argument set to false. This will retain local orientation and scale rather than world orientation and scale, which can prevent common UI scaling issues.

Parent of RectTransform is being set with parent property. Consider using the SetParent method instead, with the worldPositionStays argument set to false. This will retain local orientation and scale rather than world orientation and scale, which can prevent common UI scaling issues.

Parent of RectTransform is being set with parent property. Consider using the SetParent method instead, with the worldPositionStays argument set to false. This will retain local orientation and scale rather than world orientation and scale, which can prevent common UI scaling issues.

Parent of RectTransform is being set with parent property. Consider using the SetParent method instead, with the worldPositionStays argument set to false. This will retain local orientation and scale rather than world orientation and scale, which can prevent common UI scaling issues.

Parent of RectTransform is being set with parent property. Consider using the SetParent method instead, with the worldPositionStays argument set to false. This will retain local orientation and scale rather than world orientation and scale, which can prevent common UI scaling issues.

Parent of RectTransform is being set with parent property. Consider using the SetParent method instead, with the worldPositionStays argument set to false. This will retain local orientation and scale rather than world orientation and scale, which can prevent common UI scaling issues.

Parent of RectTransform is being set with parent property. Consider using the SetParent method instead, with the worldPositionStays argument set to false. This will retain local orientation and scale rather than world orientation and scale, which can prevent common UI scaling issues.

Parent of RectTransform is being set with parent property. Consider using the SetParent method instead, with the worldPositionStays argument set to false. This will retain local orientation and scale rather than world orientation and scale, which can prevent common UI scaling issues.

Parent of RectTransform is being set with parent property. Consider using the SetParent method instead, with the worldPositionStays argument set to false. This will retain local orientation and scale rather than world orientation and scale, which can prevent common UI scaling issues.

Parent of RectTransform is being set with parent property. Consider using the SetParent method instead, with the worldPositionStays argument set to false. This will retain local orientation and scale rather than world orientation and scale, which can prevent common UI scaling issues.

Parent of RectTransform is being set with parent property. Consider using the SetParent method instead, with the worldPositionStays argument set to false. This will retain local orientation and scale rather than world orientation and scale, which can prevent common UI scaling issues.

Parent of RectTransform is being set with parent property. Consider using the SetParent method instead, with the worldPositionStays argument set to false. This will retain local orientation and scale rather than world orientation and scale, which can prevent common UI scaling issues.

Parent of RectTransform is being set with parent property. Consider using the SetParent method instead, with the worldPositionStays argument set to false. This will retain local orientation and scale rather than world orientation and scale, which can prevent common UI scaling issues.

Parent of RectTransform is being set with parent property. Consider using the SetParent method instead, with the worldPositionStays argument set to false. This will retain local orientation and scale rather than world orientation and scale, which can prevent common UI scaling issues.

Parent of RectTransform is being set with parent property. Consider using the SetParent method instead, with the worldPositionStays argument set to false. This will retain local orientation and scale rather than world orientation and scale, which can prevent common UI scaling issues.

Parent of RectTransform is being set with parent property. Consider using the SetParent method instead, with the worldPositionStays argument set to false. This will retain local orientation and scale rather than world orientation and scale, which can prevent common UI scaling issues.

Parent of RectTransform is being set with parent property. Consider using the SetParent method instead, with the worldPositionStays argument set to false. This will retain local orientation and scale rather than world orientation and scale, which can prevent common UI scaling issues.

Parent of RectTransform is being set with parent property. Consider using the SetParent method instead, with the worldPositionStays argument set to false. This will retain local orientation and scale rather than world orientation and scale, which can prevent common UI scaling issues.

Parent of RectTransform is being set with parent property. Consider using the SetParent method instead, with the worldPositionStays argument set to false. This will retain local orientation and scale rather than world orientation and scale, which can prevent common UI scaling issues.

Parent of RectTransform is being set with parent property. Consider using the SetParent method instead, with the worldPositionStays argument set to false. This will retain local orientation and scale rather than world orientation and scale, which can prevent common UI scaling issues.

Parent of RectTransform is being set with parent property. Consider using the SetParent method instead, with the worldPositionStays argument set to false. This will retain local orientation and scale rather than world orientation and scale, which can prevent common UI scaling issues.

Parent of RectTransform is being set with parent property. Consider using the SetParent method instead, with the worldPositionStays argument set to false. This will retain local orientation and scale rather than world orientation and scale, which can prevent common UI scaling issues.

Parent of RectTransform is being set with parent property. Consider using the SetParent method instead, with the worldPositionStays argument set to false. This will retain local orientation and scale rather than world orientation and scale, which can prevent common UI scaling issues.

Parent of RectTransform is being set with parent property. Consider using the SetParent method instead, with the worldPositionStays argument set to false. This will retain local orientation and scale rather than world orientation and scale, which can prevent common UI scaling issues.

Parent of RectTransform is being set with parent property. Consider using the SetParent method instead, with the worldPositionStays argument set to false. This will retain local orientation and scale rather than world orientation and scale, which can prevent common UI scaling issues.

Parent of RectTransform is being set with parent property. Consider using the SetParent method instead, with the worldPositionStays argument set to false. This will retain local orientation and scale rather than world orientation and scale, which can prevent common UI scaling issues.

Parent of RectTransform is being set with parent property. Consider using the SetParent method instead, with the worldPositionStays argument set to false. This will retain local orientation and scale rather than world orientation and scale, which can prevent common UI scaling issues.

Parent of RectTransform is being set with parent property. Consider using the SetParent method instead, with the worldPositionStays argument set to false. This will retain local orientation and scale rather than world orientation and scale, which can prevent common UI scaling issues.

Parent of RectTransform is being set with parent property. Consider using the SetParent method instead, with the worldPositionStays argument set to false. This will retain local orientation and scale rather than world orientation and scale, which can prevent common UI scaling issues.

Parent of RectTransform is being set with parent property. Consider using the SetParent method instead, with the worldPositionStays argument set to false. This will retain local orientation and scale rather than world orientation and scale, which can prevent common UI scaling issues.

Parent of RectTransform is being set with parent property. Consider using the SetParent method instead, with the worldPositionStays argument set to false. This will retain local orientation and scale rather than world orientation and scale, which can prevent common UI scaling issues.

Parent of RectTransform is being set with parent property. Consider using the SetParent method instead, with the worldPositionStays argument set to false. This will retain local orientation and scale rather than world orientation and scale, which can prevent common UI scaling issues.

Parent of RectTransform is being set with parent property. Consider using the SetParent method instead, with the worldPositionStays argument set to false. This will retain local orientation and scale rather than world orientation and scale, which can prevent common UI scaling issues.

Parent of RectTransform is being set with parent property. Consider using the SetParent method instead, with the worldPositionStays argument set to false. This will retain local orientation and scale rather than world orientation and scale, which can prevent common UI scaling issues.

Parent of RectTransform is being set with parent property. Consider using the SetParent method instead, with the worldPositionStays argument set to false. This will retain local orientation and scale rather than world orientation and scale, which can prevent common UI scaling issues.

Parent of RectTransform is being set with parent property. Consider using the SetParent method instead, with the worldPositionStays argument set to false. This will retain local orientation and scale rather than world orientation and scale, which can prevent common UI scaling issues.

Parent of RectTransform is being set with parent property. Consider using the SetParent method instead, with the worldPositionStays argument set to false. This will retain local orientation and scale rather than world orientation and scale, which can prevent common UI scaling issues.

Parent of RectTransform is being set with parent property. Consider using the SetParent method instead, with the worldPositionStays argument set to false. This will retain local orientation and scale rather than world orientation and scale, which can prevent common UI scaling issues.

Parent of RectTransform is being set with parent property. Consider using the SetParent method instead, with the worldPositionStays argument set to false. This will retain local orientation and scale rather than world orientation and scale, which can prevent common UI scaling issues.

Parent of RectTransform is being set with parent property. Consider using the SetParent method instead, with the worldPositionStays argument set to false. This will retain local orientation and scale rather than world orientation and scale, which can prevent common UI scaling issues.

Parent of RectTransform is being set with parent property. Consider using the SetParent method instead, with the worldPositionStays argument set to false. This will retain local orientation and scale rather than world orientation and scale, which can prevent common UI scaling issues.

Parent of RectTransform is being set with parent property. Consider using the SetParent method instead, with the worldPositionStays argument set to false. This will retain local orientation and scale rather than world orientation and scale, which can prevent common UI scaling issues.

Parent of RectTransform is being set with parent property. Consider using the SetParent method instead, with the worldPositionStays argument set to false. This will retain local orientation and scale rather than world orientation and scale, which can prevent common UI scaling issues.

Parent of RectTransform is being set with parent property. Consider using the SetParent method instead, with the worldPositionStays argument set to false. This will retain local orientation and scale rather than world orientation and scale, which can prevent common UI scaling issues.

Parent of RectTransform is being set with parent property. Consider using the SetParent method instead, with the worldPositionStays argument set to false. This will retain local orientation and scale rather than world orientation and scale, which can prevent common UI scaling issues.

Parent of RectTransform is being set with parent property. Consider using the SetParent method instead, with the worldPositionStays argument set to false. This will retain local orientation and scale rather than world orientation and scale, which can prevent common UI scaling issues.

Parent of RectTransform is being set with parent property. Consider using the SetParent method instead, with the worldPositionStays argument set to false. This will retain local orientation and scale rather than world orientation and scale, which can prevent common UI scaling issues.

Parent of RectTransform is being set with parent property. Consider using the SetParent method instead, with the worldPositionStays argument set to false. This will retain local orientation and scale rather than world orientation and scale, which can prevent common UI scaling issues.

Parent of RectTransform is being set with parent property. Consider using the SetParent method instead, with the worldPositionStays argument set to false. This will retain local orientation and scale rather than world orientation and scale, which can prevent common UI scaling issues.

Parent of RectTransform is being set with parent property. Consider using the SetParent method instead, with the worldPositionStays argument set to false. This will retain local orientation and scale rather than world orientation and scale, which can prevent common UI scaling issues.

Parent of RectTransform is being set with parent property. Consider using the SetParent method instead, with the worldPositionStays argument set to false. This will retain local orientation and scale rather than world orientation and scale, which can prevent common UI scaling issues.

Parent of RectTransform is being set with parent property. Consider using the SetParent method instead, with the worldPositionStays argument set to false. This will retain local orientation and scale rather than world orientation and scale, which can prevent common UI scaling issues.

Parent of RectTransform is being set with parent property. Consider using the SetParent method instead, with the worldPositionStays argument set to false. This will retain local orientation and scale rather than world orientation and scale, which can prevent common UI scaling issues.

Parent of RectTransform is being set with parent property. Consider using the SetParent method instead, with the worldPositionStays argument set to false. This will retain local orientation and scale rather than world orientation and scale, which can prevent common UI scaling issues.

Parent of RectTransform is being set with parent property. Consider using the SetParent method instead, with the worldPositionStays argument set to false. This will retain local orientation and scale rather than world orientation and scale, which can prevent common UI scaling issues.

Parent of RectTransform is being set with parent property. Consider using the SetParent method instead, with the worldPositionStays argument set to false. This will retain local orientation and scale rather than world orientation and scale, which can prevent common UI scaling issues.

Parent of RectTransform is being set with parent property. Consider using the SetParent method instead, with the worldPositionStays argument set to false. This will retain local orientation and scale rather than world orientation and scale, which can prevent common UI scaling issues.

Parent of RectTransform is being set with parent property. Consider using the SetParent method instead, with the worldPositionStays argument set to false. This will retain local orientation and scale rather than world orientation and scale, which can prevent common UI scaling issues.

Parent of RectTransform is being set with parent property. Consider using the SetParent method instead, with the worldPositionStays argument set to false. This will retain local orientation and scale rather than world orientation and scale, which can prevent common UI scaling issues.

Parent of RectTransform is being set with parent property. Consider using the SetParent method instead, with the worldPositionStays argument set to false. This will retain local orientation and scale rather than world orientation and scale, which can prevent common UI scaling issues.

Parent of RectTransform is being set with parent property. Consider using the SetParent method instead, with the worldPositionStays argument set to false. This will retain local orientation and scale rather than world orientation and scale, which can prevent common UI scaling issues.

Parent of RectTransform is being set with parent property. Consider using the SetParent method instead, with the worldPositionStays argument set to false. This will retain local orientation and scale rather than world orientation and scale, which can prevent common UI scaling issues.

Parent of RectTransform is being set with parent property. Consider using the SetParent method instead, with the worldPositionStays argument set to false. This will retain local orientation and scale rather than world orientation and scale, which can prevent common UI scaling issues.

Parent of RectTransform is being set with parent property. Consider using the SetParent method instead, with the worldPositionStays argument set to false. This will retain local orientation and scale rather than world orientation and scale, which can prevent common UI scaling issues.

Parent of RectTransform is being set with parent property. Consider using the SetParent method instead, with the worldPositionStays argument set to false. This will retain local orientation and scale rather than world orientation and scale, which can prevent common UI scaling issues.

Parent of RectTransform is being set with parent property. Consider using the SetParent method instead, with the worldPositionStays argument set to false. This will retain local orientation and scale rather than world orientation and scale, which can prevent common UI scaling issues.

Parent of RectTransform is being set with parent property. Consider using the SetParent method instead, with the worldPositionStays argument set to false. This will retain local orientation and scale rather than world orientation and scale, which can prevent common UI scaling issues.

Parent of RectTransform is being set with parent property. Consider using the SetParent method instead, with the worldPositionStays argument set to false. This will retain local orientation and scale rather than world orientation and scale, which can prevent common UI scaling issues.

Parent of RectTransform is being set with parent property. Consider using the SetParent method instead, with the worldPositionStays argument set to false. This will retain local orientation and scale rather than world orientation and scale, which can prevent common UI scaling issues.

Parent of RectTransform is being set with parent property. Consider using the SetParent method instead, with the worldPositionStays argument set to false. This will retain local orientation and scale rather than world orientation and scale, which can prevent common UI scaling issues.

Parent of RectTransform is being set with parent property. Consider using the SetParent method instead, with the worldPositionStays argument set to false. This will retain local orientation and scale rather than world orientation and scale, which can prevent common UI scaling issues.

Parent of RectTransform is being set with parent property. Consider using the SetParent method instead, with the worldPositionStays argument set to false. This will retain local orientation and scale rather than world orientation and scale, which can prevent common UI scaling issues.

Parent of RectTransform is being set with parent property. Consider using the SetParent method instead, with the worldPositionStays argument set to false. This will retain local orientation and scale rather than world orientation and scale, which can prevent common UI scaling issues.

Parent of RectTransform is being set with parent property. Consider using the SetParent method instead, with the worldPositionStays argument set to false. This will retain local orientation and scale rather than world orientation and scale, which can prevent common UI scaling issues.

Parent of RectTransform is being set with parent property. Consider using the SetParent method instead, with the worldPositionStays argument set to false. This will retain local orientation and scale rather than world orientation and scale, which can prevent common UI scaling issues.

Parent of RectTransform is being set with parent property. Consider using the SetParent method instead, with the worldPositionStays argument set to false. This will retain local orientation and scale rather than world orientation and scale, which can prevent common UI scaling issues.

Parent of RectTransform is being set with parent property. Consider using the SetParent method instead, with the worldPositionStays argument set to false. This will retain local orientation and scale rather than world orientation and scale, which can prevent common UI scaling issues.

Parent of RectTransform is being set with parent property. Consider using the SetParent method instead, with the worldPositionStays argument set to false. This will retain local orientation and scale rather than world orientation and scale, which can prevent common UI scaling issues.

Parent of RectTransform is being set with parent property. Consider using the SetParent method instead, with the worldPositionStays argument set to false. This will retain local orientation and scale rather than world orientation and scale, which can prevent common UI scaling issues.

Parent of RectTransform is being set with parent property. Consider using the SetParent method instead, with the worldPositionStays argument set to false. This will retain local orientation and scale rather than world orientation and scale, which can prevent common UI scaling issues.

Parent of RectTransform is being set with parent property. Consider using the SetParent method instead, with the worldPositionStays argument set to false. This will retain local orientation and scale rather than world orientation and scale, which can prevent common UI scaling issues.

Parent of RectTransform is being set with parent property. Consider using the SetParent method instead, with the worldPositionStays argument set to false. This will retain local orientation and scale rather than world orientation and scale, which can prevent common UI scaling issues.

Parent of RectTransform is being set with parent property. Consider using the SetParent method instead, with the worldPositionStays argument set to false. This will retain local orientation and scale rather than world orientation and scale, which can prevent common UI scaling issues.

Parent of RectTransform is being set with parent property. Consider using the SetParent method instead, with the worldPositionStays argument set to false. This will retain local orientation and scale rather than world orientation and scale, which can prevent common UI scaling issues.

Parent of RectTransform is being set with parent property. Consider using the SetParent method instead, with the worldPositionStays argument set to false. This will retain local orientation and scale rather than world orientation and scale, which can prevent common UI scaling issues.

Parent of RectTransform is being set with parent property. Consider using the SetParent method instead, with the worldPositionStays argument set to false. This will retain local orientation and scale rather than world orientation and scale, which can prevent common UI scaling issues.

Parent of RectTransform is being set with parent property. Consider using the SetParent method instead, with the worldPositionStays argument set to false. This will retain local orientation and scale rather than world orientation and scale, which can prevent common UI scaling issues.

Parent of RectTransform is being set with parent property. Consider using the SetParent method instead, with the worldPositionStays argument set to false. This will retain local orientation and scale rather than world orientation and scale, which can prevent common UI scaling issues.

Parent of RectTransform is being set with parent property. Consider using the SetParent method instead, with the worldPositionStays argument set to false. This will retain local orientation and scale rather than world orientation and scale, which can prevent common UI scaling issues.

Parent of RectTransform is being set with parent property. Consider using the SetParent method instead, with the worldPositionStays argument set to false. This will retain local orientation and scale rather than world orientation and scale, which can prevent common UI scaling issues.

Parent of RectTransform is being set with parent property. Consider using the SetParent method instead, with the worldPositionStays argument set to false. This will retain local orientation and scale rather than world orientation and scale, which can prevent common UI scaling issues.

Parent of RectTransform is being set with parent property. Consider using the SetParent method instead, with the worldPositionStays argument set to false. This will retain local orientation and scale rather than world orientation and scale, which can prevent common UI scaling issues.

Parent of RectTransform is being set with parent property. Consider using the SetParent method instead, with the worldPositionStays argument set to false. This will retain local orientation and scale rather than world orientation and scale, which can prevent common UI scaling issues.

Parent of RectTransform is being set with parent property. Consider using the SetParent method instead, with the worldPositionStays argument set to false. This will retain local orientation and scale rather than world orientation and scale, which can prevent common UI scaling issues.

Parent of RectTransform is being set with parent property. Consider using the SetParent method instead, with the worldPositionStays argument set to false. This will retain local orientation and scale rather than world orientation and scale, which can prevent common UI scaling issues.

Parent of RectTransform is being set with parent property. Consider using the SetParent method instead, with the worldPositionStays argument set to false. This will retain local orientation and scale rather than world orientation and scale, which can prevent common UI scaling issues.

Parent of RectTransform is being set with parent property. Consider using the SetParent method instead, with the worldPositionStays argument set to false. This will retain local orientation and scale rather than world orientation and scale, which can prevent common UI scaling issues.

Parent of RectTransform is being set with parent property. Consider using the SetParent method instead, with the worldPositionStays argument set to false. This will retain local orientation and scale rather than world orientation and scale, which can prevent common UI scaling issues.

Parent of RectTransform is being set with parent property. Consider using the SetParent method instead, with the worldPositionStays argument set to false. This will retain local orientation and scale rather than world orientation and scale, which can prevent common UI scaling issues.

Parent of RectTransform is being set with parent property. Consider using the SetParent method instead, with the worldPositionStays argument set to false. This will retain local orientation and scale rather than world orientation and scale, which can prevent common UI scaling issues.

Parent of RectTransform is being set with parent property. Consider using the SetParent method instead, with the worldPositionStays argument set to false. This will retain local orientation and scale rather than world orientation and scale, which can prevent common UI scaling issues.

Parent of RectTransform is being set with parent property. Consider using the SetParent method instead, with the worldPositionStays argument set to false. This will retain local orientation and scale rather than world orientation and scale, which can prevent common UI scaling issues.

Parent of RectTransform is being set with parent property. Consider using the SetParent method instead, with the worldPositionStays argument set to false. This will retain local orientation and scale rather than world orientation and scale, which can prevent common UI scaling issues.

Parent of RectTransform is being set with parent property. Consider using the SetParent method instead, with the worldPositionStays argument set to false. This will retain local orientation and scale rather than world orientation and scale, which can prevent common UI scaling issues.

Parent of RectTransform is being set with parent property. Consider using the SetParent method instead, with the worldPositionStays argument set to false. This will retain local orientation and scale rather than world orientation and scale, which can prevent common UI scaling issues.

Parent of RectTransform is being set with parent property. Consider using the SetParent method instead, with the worldPositionStays argument set to false. This will retain local orientation and scale rather than world orientation and scale, which can prevent common UI scaling issues.

Parent of RectTransform is being set with parent property. Consider using the SetParent method instead, with the worldPositionStays argument set to false. This will retain local orientation and scale rather than world orientation and scale, which can prevent common UI scaling issues.

Parent of RectTransform is being set with parent property. Consider using the SetParent method instead, with the worldPositionStays argument set to false. This will retain local orientation and scale rather than world orientation and scale, which can prevent common UI scaling issues.

Parent of RectTransform is being set with parent property. Consider using the SetParent method instead, with the worldPositionStays argument set to false. This will retain local orientation and scale rather than world orientation and scale, which can prevent common UI scaling issues.

Parent of RectTransform is being set with parent property. Consider using the SetParent method instead, with the worldPositionStays argument set to false. This will retain local orientation and scale rather than world orientation and scale, which can prevent common UI scaling issues.

Parent of RectTransform is being set with parent property. Consider using the SetParent method instead, with the worldPositionStays argument set to false. This will retain local orientation and scale rather than world orientation and scale, which can prevent common UI scaling issues.

Parent of RectTransform is being set with parent property. Consider using the SetParent method instead, with the worldPositionStays argument set to false. This will retain local orientation and scale rather than world orientation and scale, which can prevent common UI scaling issues.

Parent of RectTransform is being set with parent property. Consider using the SetParent method instead, with the worldPositionStays argument set to false. This will retain local orientation and scale rather than world orientation and scale, which can prevent common UI scaling issues.

Parent of RectTransform is being set with parent property. Consider using the SetParent method instead, with the worldPositionStays argument set to false. This will retain local orientation and scale rather than world orientation and scale, which can prevent common UI scaling issues.

Parent of RectTransform is being set with parent property. Consider using the SetParent method instead, with the worldPositionStays argument set to false. This will retain local orientation and scale rather than world orientation and scale, which can prevent common UI scaling issues.

Parent of RectTransform is being set with parent property. Consider using the SetParent method instead, with the worldPositionStays argument set to false. This will retain local orientation and scale rather than world orientation and scale, which can prevent common UI scaling issues.

Parent of RectTransform is being set with parent property. Consider using the SetParent method instead, with the worldPositionStays argument set to false. This will retain local orientation and scale rather than world orientation and scale, which can prevent common UI scaling issues.

Parent of RectTransform is being set with parent property. Consider using the SetParent method instead, with the worldPositionStays argument set to false. This will retain local orientation and scale rather than world orientation and scale, which can prevent common UI scaling issues.

Parent of RectTransform is being set with parent property. Consider using the SetParent method instead, with the worldPositionStays argument set to false. This will retain local orientation and scale rather than world orientation and scale, which can prevent common UI scaling issues.

Parent of RectTransform is being set with parent property. Consider using the SetParent method instead, with the worldPositionStays argument set to false. This will retain local orientation and scale rather than world orientation and scale, which can prevent common UI scaling issues.

Parent of RectTransform is being set with parent property. Consider using the SetParent method instead, with the worldPositionStays argument set to false. This will retain local orientation and scale rather than world orientation and scale, which can prevent common UI scaling issues.

Parent of RectTransform is being set with parent property. Consider using the SetParent method instead, with the worldPositionStays argument set to false. This will retain local orientation and scale rather than world orientation and scale, which can prevent common UI scaling issues.

Parent of RectTransform is being set with parent property. Consider using the SetParent method instead, with the worldPositionStays argument set to false. This will retain local orientation and scale rather than world orientation and scale, which can prevent common UI scaling issues.

Parent of RectTransform is being set with parent property. Consider using the SetParent method instead, with the worldPositionStays argument set to false. This will retain local orientation and scale rather than world orientation and scale, which can prevent common UI scaling issues.

Parent of RectTransform is being set with parent property. Consider using the SetParent method instead, with the worldPositionStays argument set to false. This will retain local orientation and scale rather than world orientation and scale, which can prevent common UI scaling issues.

Parent of RectTransform is being set with parent property. Consider using the SetParent method instead, with the worldPositionStays argument set to false. This will retain local orientation and scale rather than world orientation and scale, which can prevent common UI scaling issues.

Parent of RectTransform is being set with parent property. Consider using the SetParent method instead, with the worldPositionStays argument set to false. This will retain local orientation and scale rather than world orientation and scale, which can prevent common UI scaling issues.

Parent of RectTransform is being set with parent property. Consider using the SetParent method instead, with the worldPositionStays argument set to false. This will retain local orientation and scale rather than world orientation and scale, which can prevent common UI scaling issues.

Parent of RectTransform is being set with parent property. Consider using the SetParent method instead, with the worldPositionStays argument set to false. This will retain local orientation and scale rather than world orientation and scale, which can prevent common UI scaling issues.

DontDestroyOnLoad only works for root GameObjects or components on root GameObjects.

DontDestroyOnLoad only works for root GameObjects or components on root GameObjects.

DontDestroyOnLoad only works for root GameObjects or components on root GameObjects.

Coroutine couldn't be started because the the game object 'OptionsMenuScreen' is inactive!


Unloading 7 unused Assets to reduce memory usage. Loaded Objects now: 70509.
Total: 152.750100 ms (FindLiveObjects: 3.684700 ms CreateObjectMapping: 1.242100 ms MarkObjects: 147.727200 ms  DeleteObjects: 0.095600 ms)

Couldn't find a Hero, make sure one exists in the scene.

Couldn't find a Hero, make sure one exists in the scene.

Couldn't find a Hero, make sure one exists in the scene.

Couldn't find a Hero, make sure one exists in the scene.

Couldn't find a Hero, make sure one exists in the scene.

Couldn't find a Hero, make sure one exists in the scene.

Couldn't find a Hero, make sure one exists in the scene.

Couldn't find a Hero, make sure one exists in the scene.

Couldn't find a Hero, make sure one exists in the scene.

Couldn't find a Hero, make sure one exists in the scene.

Couldn't find a Hero, make sure one exists in the scene.

Couldn't find a Hero, make sure one exists in the scene.

Couldn't find a Hero, make sure one exists in the scene.

Couldn't find a Hero, make sure one exists in the scene.

Couldn't find a Hero, make sure one exists in the scene.

Couldn't find a Hero, make sure one exists in the scene.

Couldn't find a Hero, make sure one exists in the scene.

Couldn't find a Hero, make sure one exists in the scene.

Couldn't find a Hero, make sure one exists in the scene.

Couldn't find a Hero, make sure one exists in the scene.

Couldn't find a Hero, make sure one exists in the scene.

Couldn't find a Hero, make sure one exists in the scene.

Couldn't find a Hero, make sure one exists in the scene.

Couldn't find a Hero, make sure one exists in the scene.

Couldn't find a Hero, make sure one exists in the scene.

Couldn't find a Hero, make sure one exists in the scene.

Couldn't find a Hero, make sure one exists in the scene.

Couldn't find a Hero, make sure one exists in the scene.

Couldn't find a Hero, make sure one exists in the scene.

Couldn't find a Hero, make sure one exists in the scene.

Couldn't find a Hero, make sure one exists in the scene.

Couldn't find a Hero, make sure one exists in the scene.

Couldn't find a Hero, make sure one exists in the scene.

Couldn't find a Hero, make sure one exists in the scene.

Couldn't find a Hero, make sure one exists in the scene.

Couldn't find a Hero, make sure one exists in the scene.

Couldn't find a Hero, make sure one exists in the scene.

Couldn't find a Hero, make sure one exists in the scene.

Couldn't find a Hero, make sure one exists in the scene.

Couldn't find a Hero, make sure one exists in the scene.

Couldn't find a Hero, make sure one exists in the scene.

Couldn't find a Hero, make sure one exists in the scene.

Couldn't find a Hero, make sure one exists in the scene.

Couldn't find a Hero, make sure one exists in the scene.

Couldn't find a Hero, make sure one exists in the scene.

Couldn't find a Hero, make sure one exists in the scene.

Couldn't find a Hero, make sure one exists in the scene.

Couldn't find a Hero, make sure one exists in the scene.

Couldn't find a Hero, make sure one exists in the scene.

Couldn't find a Hero, make sure one exists in the scene.

Couldn't find a Hero, make sure one exists in the scene.

Couldn't find a Hero, make sure one exists in the scene.

Couldn't find a Hero, make sure one exists in the scene.

Couldn't find a Hero, make sure one exists in the scene.

Couldn't find a Hero, make sure one exists in the scene.

Couldn't find a Hero, make sure one exists in the scene.

Couldn't find a Hero, make sure one exists in the scene.

Couldn't find a Hero, make sure one exists in the scene.

Couldn't find a Hero, make sure one exists in the scene.

Couldn't find a Hero, make sure one exists in the scene.

Couldn't find a Hero, make sure one exists in the scene.

Couldn't find a Hero, make sure one exists in the scene.

Couldn't find a Hero, make sure one exists in the scene.

Couldn't find a Hero, make sure one exists in the scene.

Couldn't find a Hero, make sure one exists in the scene.

Couldn't find a Hero, make sure one exists in the scene.

Couldn't find a Hero, make sure one exists in the scene.

Couldn't find a Hero, make sure one exists in the scene.

Couldn't find a Hero, make sure one exists in the scene.

Couldn't find a Hero, make sure one exists in the scene.

Couldn't find a Hero, make sure one exists in the scene.

Couldn't find a Hero, make sure one exists in the scene.

Couldn't find a Hero, make sure one exists in the scene.

Couldn't find a Hero, make sure one exists in the scene.

Couldn't find a Hero, make sure one exists in the scene.

Couldn't find a Hero, make sure one exists in the scene.

Couldn't find a Hero, make sure one exists in the scene.

Couldn't find a Hero, make sure one exists in the scene.

Couldn't find a Hero, make sure one exists in the scene.

Couldn't find a Hero, make sure one exists in the scene.

Couldn't find a Hero, make sure one exists in the scene.

Couldn't find a Hero, make sure one exists in the scene.

Couldn't find a Hero, make sure one exists in the scene.

Couldn't find a Hero, make sure one exists in the scene.

Couldn't find a Hero, make sure one exists in the scene.

Couldn't find a Hero, make sure one exists in the scene.

Couldn't find a Hero, make sure one exists in the scene.

Couldn't find a Hero, make sure one exists in the scene.

Couldn't find a Hero, make sure one exists in the scene.

Couldn't find a Hero, make sure one exists in the scene.

Couldn't find a Hero, make sure one exists in the scene.

Couldn't find a Hero, make sure one exists in the scene.

Couldn't find a Hero, make sure one exists in the scene.

Couldn't find a Hero, make sure one exists in the scene.

Couldn't find a Hero, make sure one exists in the scene.

Couldn't find a Hero, make sure one exists in the scene.

Couldn't find a Hero, make sure one exists in the scene.

Couldn't find a Hero, make sure one exists in the scene.

Couldn't find a Hero, make sure one exists in the scene.

Couldn't find a Hero, make sure one exists in the scene.

Couldn't find a Hero, make sure one exists in the scene.

Couldn't find a Hero, make sure one exists in the scene.

Couldn't find a Hero, make sure one exists in the scene.

Couldn't find a Hero, make sure one exists in the scene.

Couldn't find a Hero, make sure one exists in the scene.

Couldn't find a Hero, make sure one exists in the scene.

Couldn't find a Hero, make sure one exists in the scene.

Couldn't find a Hero, make sure one exists in the scene.

Couldn't find a Hero, make sure one exists in the scene.

Couldn't find a Hero, make sure one exists in the scene.

Couldn't find a Hero, make sure one exists in the scene.

Couldn't find a Hero, make sure one exists in the scene.

Couldn't find a Hero, make sure one exists in the scene.

Couldn't find a Hero, make sure one exists in the scene.

Couldn't find a Hero, make sure one exists in the scene.

Couldn't find a Hero, make sure one exists in the scene.

Couldn't find a Hero, make sure one exists in the scene.

Couldn't find a Hero, make sure one exists in the scene.

Couldn't find a Hero, make sure one exists in the scene.

Couldn't find a Hero, make sure one exists in the scene.

Couldn't find a Hero, make sure one exists in the scene.

Couldn't find a Hero, make sure one exists in the scene.

Couldn't find a Hero, make sure one exists in the scene.

Couldn't find a Hero, make sure one exists in the scene.

Couldn't find a Hero, make sure one exists in the scene.

Couldn't find a Hero, make sure one exists in the scene.

Couldn't find a Hero, make sure one exists in the scene.

Couldn't find a Hero, make sure one exists in the scene.

Couldn't find a Hero, make sure one exists in the scene.

Couldn't find a Hero, make sure one exists in the scene.

Couldn't find a Hero, make sure one exists in the scene.

Couldn't find a Hero, make sure one exists in the scene.

Couldn't find a Hero, make sure one exists in the scene.

Couldn't find a Hero, make sure one exists in the scene.

Couldn't find a Hero, make sure one exists in the scene.

Couldn't find a Hero, make sure one exists in the scene.

Couldn't find a Hero, make sure one exists in the scene.

Couldn't find a Hero, make sure one exists in the scene.

Couldn't find a Hero, make sure one exists in the scene.

Couldn't find a Hero, make sure one exists in the scene.

Couldn't find a Hero, make sure one exists in the scene.

Couldn't find a Hero, make sure one exists in the scene.

Couldn't find a Hero, make sure one exists in the scene.

Couldn't find a Hero, make sure one exists in the scene.

Couldn't find a Hero, make sure one exists in the scene.

Couldn't find a Hero, make sure one exists in the scene.

Couldn't find a Hero, make sure one exists in the scene.

Couldn't find a Hero, make sure one exists in the scene.

Couldn't find a Hero, make sure one exists in the scene.

Couldn't find a Hero, make sure one exists in the scene.

Couldn't find a Hero, make sure one exists in the scene.

Couldn't find a Hero, make sure one exists in the scene.

Couldn't find a Hero, make sure one exists in the scene.

Couldn't find a Hero, make sure one exists in the scene.

Couldn't find a Hero, make sure one exists in the scene.

Couldn't find a Hero, make sure one exists in the scene.

Couldn't find a Hero, make sure one exists in the scene.

Couldn't find a Hero, make sure one exists in the scene.

Couldn't find a Hero, make sure one exists in the scene.

Couldn't find a Hero, make sure one exists in the scene.

Making UI menu lean.

NullReferenceException
  at (wrapper managed-to-native) UnityEngine.MonoBehaviour.IsObjectMonoBehaviour(UnityEngine.Object)
  at UnityEngine.MonoBehaviour.StartCoroutine (System.Collections.IEnumerator routine) [0x00014] in <047294ce45cf4b9a9441e48d2b8435e4>:0 
  at (wrapper dynamic-method) UnityEngine.UI.SaveSlotButton+<AnimateToSlotState>d__68.DMD<UnityEngine.UI.SaveSlotButton+<AnimateToSlotState>d__68::MoveNext>(UnityEngine.UI.SaveSlotButton/<AnimateToSlotState>d__68)
  at UnityEngine.SetupCoroutine.InvokeMoveNext (System.Collections.IEnumerator enumerator, System.IntPtr returnValueAddress) [0x00026] in <047294ce45cf4b9a9441e48d2b8435e4>:0 

NullReferenceException
  at (wrapper managed-to-native) UnityEngine.Animator.ResetTriggerString(UnityEngine.Animator,string)
  at UnityEngine.Animator.ResetTrigger (System.String name) [0x00001] in <d9588575c4ff4e818531b9dd12300bcd>:0 
  at (wrapper dynamic-method) UnityEngine.UI.SaveSlotButton+<AnimateToSlotState>d__68.DMD<UnityEngine.UI.SaveSlotButton+<AnimateToSlotState>d__68::MoveNext>(UnityEngine.UI.SaveSlotButton/<AnimateToSlotState>d__68)
  at UnityEngine.SetupCoroutine.InvokeMoveNext (System.Collections.IEnumerator enumerator, System.IntPtr returnValueAddress) [0x00026] in <047294ce45cf4b9a9441e48d2b8435e4>:0 
UnityEngine.MonoBehaviour:StartCoroutineManaged2(IEnumerator)
UnityEngine.MonoBehaviour:StartCoroutine(IEnumerator)
CoroutineQueue:Enqueue(IEnumerator)
UnityEngine.UI.SaveSlotButton:HideSaveSlot()
<HideSaveProfileMenu>d__216:DMD<UIManager+<HideSaveProfileMenu>d__216::MoveNext>(<HideSaveProfileMenu>d__216)
UnityEngine.SetupCoroutine:InvokeMoveNext(IEnumerator, IntPtr)

NullReferenceException
  at (wrapper managed-to-native) UnityEngine.Animator.ResetTriggerString(UnityEngine.Animator,string)
  at UnityEngine.Animator.ResetTrigger (System.String name) [0x00001] in <d9588575c4ff4e818531b9dd12300bcd>:0 
  at (wrapper dynamic-method) UnityEngine.UI.SaveSlotButton+<AnimateToSlotState>d__68.DMD<UnityEngine.UI.SaveSlotButton+<AnimateToSlotState>d__68::MoveNext>(UnityEngine.UI.SaveSlotButton/<AnimateToSlotState>d__68)
  at UnityEngine.SetupCoroutine.InvokeMoveNext (System.Collections.IEnumerator enumerator, System.IntPtr returnValueAddress) [0x00026] in <047294ce45cf4b9a9441e48d2b8435e4>:0 
UnityEngine.MonoBehaviour:StartCoroutineManaged2(IEnumerator)
UnityEngine.MonoBehaviour:StartCoroutine(IEnumerator)
CoroutineQueue:Enqueue(IEnumerator)
UnityEngine.UI.SaveSlotButton:HideSaveSlot()
<HideSaveProfileMenu>d__216:DMD<UIManager+<HideSaveProfileMenu>d__216::MoveNext>(<HideSaveProfileMenu>d__216)
UnityEngine.SetupCoroutine:InvokeMoveNext(IEnumerator, IntPtr)

AddEventHandlerComponent: PlayMakerFixedUpdate

AddEventHandlerComponent: PlayMakerFixedUpdate

AddEventHandlerComponent: PlayMakerFixedUpdate

AddEventHandlerComponent: PlayMakerFixedUpdate

AddEventHandlerComponent: PlayMakerFixedUpdate

AddEventHandlerComponent: PlayMakerFixedUpdate

AddEventHandlerComponent: PlayMakerFixedUpdate

AddEventHandlerComponent: PlayMakerFixedUpdate

AddEventHandlerComponent: PlayMakerFixedUpdate

get_actions: Fsm not initialized: Cast Right

get_fsm: Fsm not initialized: Cast Right

get_fsm: Fsm not initialized: Cast Right

state.Fsm == null

Error Loading Action: Cast Right : HutongGames.PlayMaker.Actions.SetScale : vector
System.NullReferenceException: Object reference not set to an instance of an object
  at HutongGames.PlayMaker.ActionData.GetFsmVector3 (HutongGames.PlayMaker.Fsm fsm, System.Int32 paramIndex) [0x0000d] in <29eb59fa5c9943cd8f336db074533d31>:0 
  at HutongGames.PlayMaker.ActionData.LoadActionField (HutongGames.PlayMaker.Fsm fsm, System.Object obj, System.Reflection.FieldInfo field, System.Int32 paramIndex) [0x00129] in <29eb59fa5c9943cd8f336db074533d31>:0 
  at HutongGames.PlayMaker.ActionData.CreateAction (HutongGames.PlayMaker.ActionData+Context context, System.Int32 actionIndex) [0x0024f] in <29eb59fa5c9943cd8f336db074533d31>:0 

fsm == null!

fsm == null!

fsm == null!

get_fsm: Fsm not initialized: Cast Right

state.Fsm == null

Error Loading Action: Cast Right : HutongGames.PlayMaker.Actions.SendEventByName : eventTarget
System.NullReferenceException: Object reference not set to an instance of an object
  at HutongGames.PlayMaker.ActionData.GetFsmEventTarget (HutongGames.PlayMaker.Fsm fsm, System.Int32 paramIndex) [0x00063] in <29eb59fa5c9943cd8f336db074533d31>:0 
  at HutongGames.PlayMaker.ActionData.LoadActionField (HutongGames.PlayMaker.Fsm fsm, System.Object obj, System.Reflection.FieldInfo field, System.Int32 paramIndex) [0x00295] in <29eb59fa5c9943cd8f336db074533d31>:0 
  at HutongGames.PlayMaker.ActionData.CreateAction (HutongGames.PlayMaker.ActionData+Context context, System.Int32 actionIndex) [0x0024f] in <29eb59fa5c9943cd8f336db074533d31>:0 

fsm == null!

get_fsm: Fsm not initialized: Cast Right

state.Fsm == null

Error Loading Action: Cast Right : HutongGames.PlayMaker.Actions.SetRotation : gameObject
System.NullReferenceException: Object reference not set to an instance of an object
  at HutongGames.PlayMaker.ActionData.GetFsmOwnerDefault (HutongGames.PlayMaker.Fsm fsm, System.Int32 paramIndex) [0x0003d] in <29eb59fa5c9943cd8f336db074533d31>:0 
  at HutongGames.PlayMaker.ActionData.LoadActionField (HutongGames.PlayMaker.Fsm fsm, System.Object obj, System.Reflection.FieldInfo field, System.Int32 paramIndex) [0x002cd] in <29eb59fa5c9943cd8f336db074533d31>:0 
  at HutongGames.PlayMaker.ActionData.CreateAction (HutongGames.PlayMaker.ActionData+Context context, System.Int32 actionIndex) [0x0024f] in <29eb59fa5c9943cd8f336db074533d31>:0 

Error Loading Action: Cast Right : HutongGames.PlayMaker.Actions.SetRotation : quaternion
System.NullReferenceException: Object reference not set to an instance of an object
  at HutongGames.PlayMaker.ActionData.GetFsmQuaternion (HutongGames.PlayMaker.Fsm fsm, System.Int32 paramIndex) [0x0000d] in <29eb59fa5c9943cd8f336db074533d31>:0 
  at HutongGames.PlayMaker.ActionData.LoadActionField (HutongGames.PlayMaker.Fsm fsm, System.Object obj, System.Reflection.FieldInfo field, System.Int32 paramIndex) [0x00161] in <29eb59fa5c9943cd8f336db074533d31>:0 
  at HutongGames.PlayMaker.ActionData.CreateAction (HutongGames.PlayMaker.ActionData+Context context, System.Int32 actionIndex) [0x0024f] in <29eb59fa5c9943cd8f336db074533d31>:0 

Error Loading Action: Cast Right : HutongGames.PlayMaker.Actions.SetRotation : vector
System.NullReferenceException: Object reference not set to an instance of an object
  at HutongGames.PlayMaker.ActionData.GetFsmVector3 (HutongGames.PlayMaker.Fsm fsm, System.Int32 paramIndex) [0x0000d] in <29eb59fa5c9943cd8f336db074533d31>:0 
  at HutongGames.PlayMaker.ActionData.LoadActionField (HutongGames.PlayMaker.Fsm fsm, System.Object obj, System.Reflection.FieldInfo field, System.Int32 paramIndex) [0x00129] in <29eb59fa5c9943cd8f336db074533d31>:0 
  at HutongGames.PlayMaker.ActionData.CreateAction (HutongGames.PlayMaker.ActionData+Context context, System.Int32 actionIndex) [0x0024f] in <29eb59fa5c9943cd8f336db074533d31>:0 

fsm == null!

fsm == null!

fsm == null!

get_fsm: Fsm not initialized: Cast Right

state.Fsm == null

Error Loading Action: Cast Right : HutongGames.PlayMaker.Actions.CreateObject : spawnPoint
System.NullReferenceException: Object reference not set to an instance of an object
  at HutongGames.PlayMaker.ActionData.GetFsmGameObject (HutongGames.PlayMaker.Fsm fsm, System.Int32 paramIndex) [0x00037] in <29eb59fa5c9943cd8f336db074533d31>:0 
  at HutongGames.PlayMaker.ActionData.LoadActionField (HutongGames.PlayMaker.Fsm fsm, System.Object obj, System.Reflection.FieldInfo field, System.Int32 paramIndex) [0x00016] in <29eb59fa5c9943cd8f336db074533d31>:0 
  at HutongGames.PlayMaker.ActionData.CreateAction (HutongGames.PlayMaker.ActionData+Context context, System.Int32 actionIndex) [0x0024f] in <29eb59fa5c9943cd8f336db074533d31>:0 

Error Loading Action: Cast Right : HutongGames.PlayMaker.Actions.CreateObject : position
System.NullReferenceException: Object reference not set to an instance of an object
  at HutongGames.PlayMaker.ActionData.GetFsmVector3 (HutongGames.PlayMaker.Fsm fsm, System.Int32 paramIndex) [0x0000d] in <29eb59fa5c9943cd8f336db074533d31>:0 
  at HutongGames.PlayMaker.ActionData.LoadActionField (HutongGames.PlayMaker.Fsm fsm, System.Object obj, System.Reflection.FieldInfo field, System.Int32 paramIndex) [0x00129] in <29eb59fa5c9943cd8f336db074533d31>:0 
  at HutongGames.PlayMaker.ActionData.CreateAction (HutongGames.PlayMaker.ActionData+Context context, System.Int32 actionIndex) [0x0024f] in <29eb59fa5c9943cd8f336db074533d31>:0 

Error Loading Action: Cast Right : HutongGames.PlayMaker.Actions.CreateObject : rotation
System.NullReferenceException: Object reference not set to an instance of an object
  at HutongGames.PlayMaker.ActionData.GetFsmVector3 (HutongGames.PlayMaker.Fsm fsm, System.Int32 paramIndex) [0x0000d] in <29eb59fa5c9943cd8f336db074533d31>:0 
  at HutongGames.PlayMaker.ActionData.LoadActionField (HutongGames.PlayMaker.Fsm fsm, System.Object obj, System.Reflection.FieldInfo field, System.Int32 paramIndex) [0x00129] in <29eb59fa5c9943cd8f336db074533d31>:0 
  at HutongGames.PlayMaker.ActionData.CreateAction (HutongGames.PlayMaker.ActionData+Context context, System.Int32 actionIndex) [0x0024f] in <29eb59fa5c9943cd8f336db074533d31>:0 

Error Loading Action: Cast Right : HutongGames.PlayMaker.Actions.CreateObject : storeObject
System.NullReferenceException: Object reference not set to an instance of an object
  at HutongGames.PlayMaker.ActionData.GetFsmGameObject (HutongGames.PlayMaker.Fsm fsm, System.Int32 paramIndex) [0x00037] in <29eb59fa5c9943cd8f336db074533d31>:0 
  at HutongGames.PlayMaker.ActionData.LoadActionField (HutongGames.PlayMaker.Fsm fsm, System.Object obj, System.Reflection.FieldInfo field, System.Int32 paramIndex) [0x00016] in <29eb59fa5c9943cd8f336db074533d31>:0 
  at HutongGames.PlayMaker.ActionData.CreateAction (HutongGames.PlayMaker.ActionData+Context context, System.Int32 actionIndex) [0x0024f] in <29eb59fa5c9943cd8f336db074533d31>:0 

Error Loading Action: Cast Right : HutongGames.PlayMaker.Actions.CreateObject : networkInstantiate
System.NullReferenceException: Object reference not set to an instance of an object
  at HutongGames.PlayMaker.ActionData.GetFsmBool (HutongGames.PlayMaker.Fsm fsm, System.Int32 paramIndex) [0x0000d] in <29eb59fa5c9943cd8f336db074533d31>:0 
  at HutongGames.PlayMaker.ActionData.LoadActionField (HutongGames.PlayMaker.Fsm fsm, System.Object obj, System.Reflection.FieldInfo field, System.Int32 paramIndex) [0x000f1] in <29eb59fa5c9943cd8f336db074533d31>:0 
  at HutongGames.PlayMaker.ActionData.CreateAction (HutongGames.PlayMaker.ActionData+Context context, System.Int32 actionIndex) [0x0024f] in <29eb59fa5c9943cd8f336db074533d31>:0 

Error Loading Action: Cast Right : HutongGames.PlayMaker.Actions.CreateObject : networkGroup
System.NullReferenceException: Object reference not set to an instance of an object
  at HutongGames.PlayMaker.ActionData.GetFsmInt (HutongGames.PlayMaker.Fsm fsm, System.Int32 paramIndex) [0x0000d] in <29eb59fa5c9943cd8f336db074533d31>:0 
  at HutongGames.PlayMaker.ActionData.LoadActionField (HutongGames.PlayMaker.Fsm fsm, System.Object obj, System.Reflection.FieldInfo field, System.Int32 paramIndex) [0x000d5] in <29eb59fa5c9943cd8f336db074533d31>:0 
  at HutongGames.PlayMaker.ActionData.CreateAction (HutongGames.PlayMaker.ActionData+Context context, System.Int32 actionIndex) [0x0024f] in <29eb59fa5c9943cd8f336db074533d31>:0 

get_fsm: Fsm not initialized: Cast Right

state.Fsm == null

Error Loading Action: Cast Right : HutongGames.PlayMaker.Actions.SetScale : gameObject
System.NullReferenceException: Object reference not set to an instance of an object
  at HutongGames.PlayMaker.ActionData.GetFsmOwnerDefault (HutongGames.PlayMaker.Fsm fsm, System.Int32 paramIndex) [0x0003d] in <29eb59fa5c9943cd8f336db074533d31>:0 
  at HutongGames.PlayMaker.ActionData.LoadActionField (HutongGames.PlayMaker.Fsm fsm, System.Object obj, System.Reflection.FieldInfo field, System.Int32 paramIndex) [0x002cd] in <29eb59fa5c9943cd8f336db074533d31>:0 
  at HutongGames.PlayMaker.ActionData.CreateAction (HutongGames.PlayMaker.ActionData+Context context, System.Int32 actionIndex) [0x0024f] in <29eb59fa5c9943cd8f336db074533d31>:0 

Error Loading Action: Cast Right : HutongGames.PlayMaker.Actions.SetScale : vector
System.NullReferenceException: Object reference not set to an instance of an object
  at HutongGames.PlayMaker.ActionData.GetFsmVector3 (HutongGames.PlayMaker.Fsm fsm, System.Int32 paramIndex) [0x0000d] in <29eb59fa5c9943cd8f336db074533d31>:0 
  at HutongGames.PlayMaker.ActionData.LoadActionField (HutongGames.PlayMaker.Fsm fsm, System.Object obj, System.Reflection.FieldInfo field, System.Int32 paramIndex) [0x00129] in <29eb59fa5c9943cd8f336db074533d31>:0 
  at HutongGames.PlayMaker.ActionData.CreateAction (HutongGames.PlayMaker.ActionData+Context context, System.Int32 actionIndex) [0x0024f] in <29eb59fa5c9943cd8f336db074533d31>:0 

fsm == null!

fsm == null!

fsm == null!

get_fsm: Fsm not initialized: Cast Right

state.Fsm == null

Error Loading Action: Cast Right : HutongGames.PlayMaker.Actions.PlayerDataBoolTest : gameObject
System.NullReferenceException: Object reference not set to an instance of an object
  at HutongGames.PlayMaker.ActionData.GetFsmOwnerDefault (HutongGames.PlayMaker.Fsm fsm, System.Int32 paramIndex) [0x0003d] in <29eb59fa5c9943cd8f336db074533d31>:0 
  at HutongGames.PlayMaker.ActionData.LoadActionField (HutongGames.PlayMaker.Fsm fsm, System.Object obj, System.Reflection.FieldInfo field, System.Int32 paramIndex) [0x002cd] in <29eb59fa5c9943cd8f336db074533d31>:0 
  at HutongGames.PlayMaker.ActionData.CreateAction (HutongGames.PlayMaker.ActionData+Context context, System.Int32 actionIndex) [0x0024f] in <29eb59fa5c9943cd8f336db074533d31>:0 

Error Loading Action: Cast Right : HutongGames.PlayMaker.Actions.PlayerDataBoolTest : isTrue
System.NullReferenceException: Object reference not set to an instance of an object
  at HutongGames.PlayMaker.ActionData.LoadActionField (HutongGames.PlayMaker.Fsm fsm, System.Object obj, System.Reflection.FieldInfo field, System.Int32 paramIndex) [0x00032] in <29eb59fa5c9943cd8f336db074533d31>:0 
  at HutongGames.PlayMaker.ActionData.CreateAction (HutongGames.PlayMaker.ActionData+Context context, System.Int32 actionIndex) [0x0024f] in <29eb59fa5c9943cd8f336db074533d31>:0 

Error Loading Action: Cast Right : HutongGames.PlayMaker.Actions.PlayerDataBoolTest : isFalse
System.NullReferenceException: Object reference not set to an instance of an object
  at HutongGames.PlayMaker.ActionData.LoadActionField (HutongGames.PlayMaker.Fsm fsm, System.Object obj, System.Reflection.FieldInfo field, System.Int32 paramIndex) [0x00032] in <29eb59fa5c9943cd8f336db074533d31>:0 
  at HutongGames.PlayMaker.ActionData.CreateAction (HutongGames.PlayMaker.ActionData+Context context, System.Int32 actionIndex) [0x0024f] in <29eb59fa5c9943cd8f336db074533d31>:0 

get_fsm: Fsm not initialized: Cast Right

state.Fsm == null

Error Loading Action: Cast Right : HutongGames.PlayMaker.Actions.AudioPlayerOneShotSingle : spawnPoint
System.NullReferenceException: Object reference not set to an instance of an object
  at HutongGames.PlayMaker.ActionData.GetFsmGameObject (HutongGames.PlayMaker.Fsm fsm, System.Int32 paramIndex) [0x00037] in <29eb59fa5c9943cd8f336db074533d31>:0 
  at HutongGames.PlayMaker.ActionData.LoadActionField (HutongGames.PlayMaker.Fsm fsm, System.Object obj, System.Reflection.FieldInfo field, System.Int32 paramIndex) [0x00016] in <29eb59fa5c9943cd8f336db074533d31>:0 
  at HutongGames.PlayMaker.ActionData.CreateAction (HutongGames.PlayMaker.ActionData+Context context, System.Int32 actionIndex) [0x0024f] in <29eb59fa5c9943cd8f336db074533d31>:0 

fsm == null!

fsm == null!

fsm == null!

fsm == null!

get_fsm: Fsm not initialized: Cast Right

state.Fsm == null

Error Loading Action: Cast Right : HutongGames.PlayMaker.Actions.SpawnObjectFromGlobalPool : spawnPoint
System.NullReferenceException: Object reference not set to an instance of an object
  at HutongGames.PlayMaker.ActionData.GetFsmGameObject (HutongGames.PlayMaker.Fsm fsm, System.Int32 paramIndex) [0x00037] in <29eb59fa5c9943cd8f336db074533d31>:0 
  at HutongGames.PlayMaker.ActionData.LoadActionField (HutongGames.PlayMaker.Fsm fsm, System.Object obj, System.Reflection.FieldInfo field, System.Int32 paramIndex) [0x00016] in <29eb59fa5c9943cd8f336db074533d31>:0 
  at HutongGames.PlayMaker.ActionData.CreateAction (HutongGames.PlayMaker.ActionData+Context context, System.Int32 actionIndex) [0x0024f] in <29eb59fa5c9943cd8f336db074533d31>:0 

Error Loading Action: Cast Right : HutongGames.PlayMaker.Actions.SpawnObjectFromGlobalPool : position
System.NullReferenceException: Object reference not set to an instance of an object
  at HutongGames.PlayMaker.ActionData.GetFsmVector3 (HutongGames.PlayMaker.Fsm fsm, System.Int32 paramIndex) [0x0000d] in <29eb59fa5c9943cd8f336db074533d31>:0 
  at HutongGames.PlayMaker.ActionData.LoadActionField (HutongGames.PlayMaker.Fsm fsm, System.Object obj, System.Reflection.FieldInfo field, System.Int32 paramIndex) [0x00129] in <29eb59fa5c9943cd8f336db074533d31>:0 
  at HutongGames.PlayMaker.ActionData.CreateAction (HutongGames.PlayMaker.ActionData+Context context, System.Int32 actionIndex) [0x0024f] in <29eb59fa5c9943cd8f336db074533d31>:0 

Error Loading Action: Cast Right : HutongGames.PlayMaker.Actions.SpawnObjectFromGlobalPool : rotation
System.NullReferenceException: Object reference not set to an instance of an object
  at HutongGames.PlayMaker.ActionData.GetFsmVector3 (HutongGames.PlayMaker.Fsm fsm, System.Int32 paramIndex) [0x0000d] in <29eb59fa5c9943cd8f336db074533d31>:0 
  at HutongGames.PlayMaker.ActionData.LoadActionField (HutongGames.PlayMaker.Fsm fsm, System.Object obj, System.Reflection.FieldInfo field, System.Int32 paramIndex) [0x00129] in <29eb59fa5c9943cd8f336db074533d31>:0 
  at HutongGames.PlayMaker.ActionData.CreateAction (HutongGames.PlayMaker.ActionData+Context context, System.Int32 actionIndex) [0x0024f] in <29eb59fa5c9943cd8f336db074533d31>:0 

Error Loading Action: Cast Right : HutongGames.PlayMaker.Actions.SpawnObjectFromGlobalPool : storeObject
System.NullReferenceException: Object reference not set to an instance of an object
  at HutongGames.PlayMaker.ActionData.GetFsmGameObject (HutongGames.PlayMaker.Fsm fsm, System.Int32 paramIndex) [0x00037] in <29eb59fa5c9943cd8f336db074533d31>:0 
  at HutongGames.PlayMaker.ActionData.LoadActionField (HutongGames.PlayMaker.Fsm fsm, System.Object obj, System.Reflection.FieldInfo field, System.Int32 paramIndex) [0x00016] in <29eb59fa5c9943cd8f336db074533d31>:0 
  at HutongGames.PlayMaker.ActionData.CreateAction (HutongGames.PlayMaker.ActionData+Context context, System.Int32 actionIndex) [0x0024f] in <29eb59fa5c9943cd8f336db074533d31>:0 

get_fsm: Fsm not initialized: Cast Right

state.Fsm == null

Error Loading Action: Cast Right : HutongGames.PlayMaker.Actions.SetScale : gameObject
System.NullReferenceException: Object reference not set to an instance of an object
  at HutongGames.PlayMaker.ActionData.GetFsmOwnerDefault (HutongGames.PlayMaker.Fsm fsm, System.Int32 paramIndex) [0x0003d] in <29eb59fa5c9943cd8f336db074533d31>:0 
  at HutongGames.PlayMaker.ActionData.LoadActionField (HutongGames.PlayMaker.Fsm fsm, System.Object obj, System.Reflection.FieldInfo field, System.Int32 paramIndex) [0x002cd] in <29eb59fa5c9943cd8f336db074533d31>:0 
  at HutongGames.PlayMaker.ActionData.CreateAction (HutongGames.PlayMaker.ActionData+Context context, System.Int32 actionIndex) [0x0024f] in <29eb59fa5c9943cd8f336db074533d31>:0 

Error Loading Action: Cast Right : HutongGames.PlayMaker.Actions.SetScale : vector
System.NullReferenceException: Object reference not set to an instance of an object
  at HutongGames.PlayMaker.ActionData.GetFsmVector3 (HutongGames.PlayMaker.Fsm fsm, System.Int32 paramIndex) [0x0000d] in <29eb59fa5c9943cd8f336db074533d31>:0 
  at HutongGames.PlayMaker.ActionData.LoadActionField (HutongGames.PlayMaker.Fsm fsm, System.Object obj, System.Reflection.FieldInfo field, System.Int32 paramIndex) [0x00129] in <29eb59fa5c9943cd8f336db074533d31>:0 
  at HutongGames.PlayMaker.ActionData.CreateAction (HutongGames.PlayMaker.ActionData+Context context, System.Int32 actionIndex) [0x0024f] in <29eb59fa5c9943cd8f336db074533d31>:0 

fsm == null!

fsm == null!

fsm == null!

get_fsm: Fsm not initialized: Cast Right

state.Fsm == null

Error Loading Action: Cast Right : HutongGames.PlayMaker.Actions.SetVelocityAsAngle : gameObject
System.NullReferenceException: Object reference not set to an instance of an object
  at HutongGames.PlayMaker.ActionData.GetFsmOwnerDefault (HutongGames.PlayMaker.Fsm fsm, System.Int32 paramIndex) [0x0003d] in <29eb59fa5c9943cd8f336db074533d31>:0 
  at HutongGames.PlayMaker.ActionData.LoadActionField (HutongGames.PlayMaker.Fsm fsm, System.Object obj, System.Reflection.FieldInfo field, System.Int32 paramIndex) [0x002cd] in <29eb59fa5c9943cd8f336db074533d31>:0 
  at HutongGames.PlayMaker.ActionData.CreateAction (HutongGames.PlayMaker.ActionData+Context context, System.Int32 actionIndex) [0x0024f] in <29eb59fa5c9943cd8f336db074533d31>:0 

fsm == null!

fsm == null!

get_fsm: Fsm not initialized: Cast Right

state.Fsm == null

Error Loading Action: Cast Right : HutongGames.PlayMaker.Actions.SetFsmFloat : gameObject
System.NullReferenceException: Object reference not set to an instance of an object
  at HutongGames.PlayMaker.ActionData.GetFsmOwnerDefault (HutongGames.PlayMaker.Fsm fsm, System.Int32 paramIndex) [0x0003d] in <29eb59fa5c9943cd8f336db074533d31>:0 
  at HutongGames.PlayMaker.ActionData.LoadActionField (HutongGames.PlayMaker.Fsm fsm, System.Object obj, System.Reflection.FieldInfo field, System.Int32 paramIndex) [0x002cd] in <29eb59fa5c9943cd8f336db074533d31>:0 
  at HutongGames.PlayMaker.ActionData.CreateAction (HutongGames.PlayMaker.ActionData+Context context, System.Int32 actionIndex) [0x0024f] in <29eb59fa5c9943cd8f336db074533d31>:0 

fsm == null!

AddEventHandlerComponent: PlayMakerFixedUpdate

AddEventHandlerComponent: PlayMakerFixedUpdate

AddEventHandlerComponent: PlayMakerFixedUpdate

AddEventHandlerComponent: PlayMakerFixedUpdate

AddEventHandlerComponent: PlayMakerFixedUpdate

AddEventHandlerComponent: PlayMakerFixedUpdate

AddEventHandlerComponent: PlayMakerFixedUpdate

AddEventHandlerComponent: PlayMakerCollisionEnter2D

AddEventHandlerComponent: PlayMakerFixedUpdate

AddEventHandlerComponent: PlayMakerFixedUpdate

AddEventHandlerComponent: PlayMakerFixedUpdate

AddEventHandlerComponent: PlayMakerFixedUpdate

AddEventHandlerComponent: PlayMakerFixedUpdate

AddEventHandlerComponent: PlayMakerFixedUpdate

Deferring level start (marked as manual).

Unloading 8 Unused Serialized files (Serialized files now loaded: 0)

Unloading 187 unused Assets to reduce memory usage. Loaded Objects now: 79249.
Total: 222.181800 ms (FindLiveObjects: 3.148400 ms CreateObjectMapping: 0.989800 ms MarkObjects: 217.634300 ms  DeleteObjects: 0.408400 ms)

AddEventHandlerComponent: PlayMakerFixedUpdate

Object Pool attached to GlobalPool has run out of Shadow Burst prefabs, Instantiating an additional one.

Object Pool attached to GlobalPool has run out of Shadow Ring prefabs, Instantiating an additional one.

Object Pool attached to GlobalPool has run out of Shadow Burst prefabs, Instantiating an additional one.

Object Pool attached to GlobalPool has run out of Run Effects prefabs, Instantiating an additional one.

Object Pool attached to GlobalPool has run out of Run Effects prefabs, Instantiating an additional one.

Object Pool attached to GlobalPool has run out of Run Effects prefabs, Instantiating an additional one.

Object Pool attached to GlobalPool has run out of Slash Impact R prefabs, Instantiating an additional one.

PlayOneShot was called with a null AudioClip.

Object Pool attached to GlobalPool has run out of Slash Impact R prefabs, Instantiating an additional one.

Object Pool attached to GlobalPool has run out of Strike Nail R prefabs, Instantiating an additional one.

Object Pool attached to GlobalPool has run out of Slash Impact R prefabs, Instantiating an additional one.

Object Pool attached to GlobalPool has run out of Slash Impact R prefabs, Instantiating an additional one.

Object Pool attached to GlobalPool has run out of Strike Nail R prefabs, Instantiating an additional one.

AddEventHandlerComponent: PlayMakerFixedUpdate

AddEventHandlerComponent: PlayMakerFixedUpdate

Deferring level start (marked as manual).

AddEventHandlerComponent: PlayMakerFixedUpdate

PlayOneShot was called with a null AudioClip.

Object Pool attached to GlobalPool has run out of Hit Flash Black prefabs, Instantiating an additional one.

AddEventHandlerComponent: PlayMakerFixedUpdate

AddEventHandlerComponent: PlayMakerFixedUpdate

PlayOneShot was called with a null AudioClip.

AddEventHandlerComponent: PlayMakerFixedUpdate

AddEventHandlerComponent: PlayMakerFixedUpdate

AddEventHandlerComponent: PlayMakerFixedUpdate

AddEventHandlerComponent: PlayMakerFixedUpdate

AddEventHandlerComponent: PlayMakerFixedUpdate

AddEventHandlerComponent: PlayMakerFixedUpdate

AddEventHandlerComponent: PlayMakerFixedUpdate

AddEventHandlerComponent: PlayMakerFixedUpdate

AddEventHandlerComponent: PlayMakerFixedUpdate

AddEventHandlerComponent: PlayMakerFixedUpdate

AddEventHandlerComponent: PlayMakerFixedUpdate

AddEventHandlerComponent: PlayMakerFixedUpdate

AddEventHandlerComponent: PlayMakerFixedUpdate

AddEventHandlerComponent: PlayMakerFixedUpdate

AddEventHandlerComponent: PlayMakerFixedUpdate

AddEventHandlerComponent: PlayMakerFixedUpdate

AddEventHandlerComponent: PlayMakerFixedUpdate

AddEventHandlerComponent: PlayMakerFixedUpdate

AddEventHandlerComponent: PlayMakerFixedUpdate

AddEventHandlerComponent: PlayMakerFixedUpdate

AddEventHandlerComponent: PlayMakerFixedUpdate

AddEventHandlerComponent: PlayMakerFixedUpdate

AddEventHandlerComponent: PlayMakerFixedUpdate

AddEventHandlerComponent: PlayMakerFixedUpdate

AddEventHandlerComponent: PlayMakerFixedUpdate

AddEventHandlerComponent: PlayMakerFixedUpdate

AddEventHandlerComponent: PlayMakerFixedUpdate

AddEventHandlerComponent: PlayMakerFixedUpdate

AddEventHandlerComponent: PlayMakerFixedUpdate

AddEventHandlerComponent: PlayMakerFixedUpdate

AddEventHandlerComponent: PlayMakerFixedUpdate

AddEventHandlerComponent: PlayMakerFixedUpdate

AddEventHandlerComponent: PlayMakerCollisionEnter2D

AddEventHandlerComponent: PlayMakerFixedUpdate

AddEventHandlerComponent: PlayMakerFixedUpdate

AddEventHandlerComponent: PlayMakerFixedUpdate

AddEventHandlerComponent: PlayMakerFixedUpdate

AddEventHandlerComponent: PlayMakerFixedUpdate

AddEventHandlerComponent: PlayMakerFixedUpdate

Deferring level start (marked as manual).

PlayOneShot was called with a null AudioClip.

Object Pool attached to GlobalPool has run out of Run Effects prefabs, Instantiating an additional one.

AddEventHandlerComponent: PlayMakerFixedUpdate

AddEventHandlerComponent: PlayMakerFixedUpdate

Deferring level start (marked as manual).

AddEventHandlerComponent: PlayMakerFixedUpdate

AddEventHandlerComponent: PlayMakerFixedUpdate

AddEventHandlerComponent: PlayMakerFixedUpdate

AddEventHandlerComponent: PlayMakerFixedUpdate

AddEventHandlerComponent: PlayMakerFixedUpdate

AddEventHandlerComponent: PlayMakerFixedUpdate

AddEventHandlerComponent: PlayMakerFixedUpdate

AddEventHandlerComponent: PlayMakerCollisionEnter2D

AddEventHandlerComponent: PlayMakerFixedUpdate

AddEventHandlerComponent: PlayMakerFixedUpdate

AddEventHandlerComponent: PlayMakerFixedUpdate

AddEventHandlerComponent: PlayMakerFixedUpdate

AddEventHandlerComponent: PlayMakerFixedUpdate

AddEventHandlerComponent: PlayMakerFixedUpdate

Deferring level start (marked as manual).

AddEventHandlerComponent: PlayMakerFixedUpdate

AddEventHandlerComponent: PlayMakerFixedUpdate

Deferring level start (marked as manual).

AddEventHandlerComponent: PlayMakerFixedUpdate

AddEventHandlerComponent: PlayMakerFixedUpdate

AddEventHandlerComponent: PlayMakerFixedUpdate

AddEventHandlerComponent: PlayMakerFixedUpdate

AddEventHandlerComponent: PlayMakerFixedUpdate

AddEventHandlerComponent: PlayMakerFixedUpdate

AddEventHandlerComponent: PlayMakerFixedUpdate

AddEventHandlerComponent: PlayMakerCollisionEnter2D

AddEventHandlerComponent: PlayMakerFixedUpdate

AddEventHandlerComponent: PlayMakerFixedUpdate

AddEventHandlerComponent: PlayMakerFixedUpdate

AddEventHandlerComponent: PlayMakerFixedUpdate

AddEventHandlerComponent: PlayMakerFixedUpdate

AddEventHandlerComponent: PlayMakerFixedUpdate

Deferring level start (marked as manual).

AddEventHandlerComponent: PlayMakerFixedUpdate

AddEventHandlerComponent: PlayMakerFixedUpdate

AddEventHandlerComponent: PlayMakerFixedUpdate

Deferring level start (marked as manual).

Unloading 15 Unused Serialized files (Serialized files now loaded: 0)

Unloading 1800 unused Assets to reduce memory usage. Loaded Objects now: 91758.
Total: 204.644700 ms (FindLiveObjects: 3.546400 ms CreateObjectMapping: 1.182900 ms MarkObjects: 197.447400 ms  DeleteObjects: 2.467200 ms)

AddEventHandlerComponent: PlayMakerFixedUpdate

AddEventHandlerComponent: PlayMakerFixedUpdate

Deferring level start (marked as manual).

AddEventHandlerComponent: PlayMakerFixedUpdate

AddEventHandlerComponent: PlayMakerFixedUpdate

AddEventHandlerComponent: PlayMakerFixedUpdate

Deferring level start (marked as manual).

PlayOneShot was called with a null AudioClip.

AddEventHandlerComponent: PlayMakerFixedUpdate

AddEventHandlerComponent: PlayMakerFixedUpdate

Deferring level start (marked as manual).

AddEventHandlerComponent: PlayMakerFixedUpdate

Deferring level start (marked as manual).

AddEventHandlerComponent: PlayMakerFixedUpdate

AddEventHandlerComponent: PlayMakerFixedUpdate

AddEventHandlerComponent: PlayMakerFixedUpdate

Deferring level start (marked as manual).

Unloading 20 Unused Serialized files (Serialized files now loaded: 0)

Unloading 701 unused Assets to reduce memory usage. Loaded Objects now: 91765.
Total: 233.772400 ms (FindLiveObjects: 4.061200 ms CreateObjectMapping: 1.576900 ms MarkObjects: 227.122200 ms  DeleteObjects: 1.011400 ms)

PlayOneShot was called with a null AudioClip.

AddEventHandlerComponent: PlayMakerFixedUpdate

AddEventHandlerComponent: PlayMakerFixedUpdate

AddEventHandlerComponent: PlayMakerFixedUpdate

AddEventHandlerComponent: PlayMakerFixedUpdate

AddEventHandlerComponent: PlayMakerFixedUpdate

AddEventHandlerComponent: PlayMakerFixedUpdate

AddEventHandlerComponent: PlayMakerFixedUpdate

Deferring level start (marked as manual).

AddEventHandlerComponent: PlayMakerFixedUpdate

AddEventHandlerComponent: PlayMakerFixedUpdate

AddEventHandlerComponent: PlayMakerFixedUpdate

AddEventHandlerComponent: PlayMakerFixedUpdate

AddEventHandlerComponent: PlayMakerFixedUpdate

AddEventHandlerComponent: PlayMakerFixedUpdate

AddEventHandlerComponent: PlayMakerFixedUpdate

AddEventHandlerComponent: PlayMakerFixedUpdate

AddEventHandlerComponent: PlayMakerFixedUpdate

AddEventHandlerComponent: PlayMakerFixedUpdate

AddEventHandlerComponent: PlayMakerFixedUpdate

AddEventHandlerComponent: PlayMakerFixedUpdate

AddEventHandlerComponent: PlayMakerFixedUpdate

AddEventHandlerComponent: PlayMakerFixedUpdate

AddEventHandlerComponent: PlayMakerFixedUpdate

AddEventHandlerComponent: PlayMakerFixedUpdate

AddEventHandlerComponent: PlayMakerFixedUpdate

AddEventHandlerComponent: PlayMakerFixedUpdate

AddEventHandlerComponent: PlayMakerFixedUpdate

AddEventHandlerComponent: PlayMakerCollisionEnter2D

AddEventHandlerComponent: PlayMakerFixedUpdate

AddEventHandlerComponent: PlayMakerFixedUpdate

AddEventHandlerComponent: PlayMakerFixedUpdate

AddEventHandlerComponent: PlayMakerFixedUpdate

AddEventHandlerComponent: PlayMakerFixedUpdate

AddEventHandlerComponent: PlayMakerFixedUpdate

AddEventHandlerComponent: PlayMakerFixedUpdate

AddEventHandlerComponent: PlayMakerFixedUpdate

AddEventHandlerComponent: PlayMakerFixedUpdate

AddEventHandlerComponent: PlayMakerFixedUpdate

AddEventHandlerComponent: PlayMakerFixedUpdate

AddEventHandlerComponent: PlayMakerFixedUpdate

Deferring level start (marked as manual).

Object Pool attached to GlobalPool has run out of Strike Nail R prefabs, Instantiating an additional one.

Object Pool attached to GlobalPool has run out of Strike Nail R prefabs, Instantiating an additional one.

Object Pool attached to GlobalPool has run out of Strike Nail R prefabs, Instantiating an additional one.

AddEventHandlerComponent: PlayMakerFixedUpdate

AddEventHandlerComponent: PlayMakerFixedUpdate

AddEventHandlerComponent: PlayMakerFixedUpdate

AddEventHandlerComponent: PlayMakerFixedUpdate

AddEventHandlerComponent: PlayMakerFixedUpdate

AddEventHandlerComponent: PlayMakerFixedUpdate

AddEventHandlerComponent: PlayMakerFixedUpdate

AddEventHandlerComponent: PlayMakerFixedUpdate

AddEventHandlerComponent: PlayMakerFixedUpdate

AddEventHandlerComponent: PlayMakerFixedUpdate

AddEventHandlerComponent: PlayMakerFixedUpdate

AddEventHandlerComponent: PlayMakerFixedUpdate

AddEventHandlerComponent: PlayMakerFixedUpdate

AddEventHandlerComponent: PlayMakerFixedUpdate

AddEventHandlerComponent: PlayMakerFixedUpdate

AddEventHandlerComponent: PlayMakerFixedUpdate

AddEventHandlerComponent: PlayMakerFixedUpdate

AddEventHandlerComponent: PlayMakerFixedUpdate

AddEventHandlerComponent: PlayMakerFixedUpdate

AddEventHandlerComponent: PlayMakerFixedUpdate

AddEventHandlerComponent: PlayMakerFixedUpdate

AddEventHandlerComponent: PlayMakerFixedUpdate

AddEventHandlerComponent: PlayMakerFixedUpdate

AddEventHandlerComponent: PlayMakerFixedUpdate

AddEventHandlerComponent: PlayMakerFixedUpdate

AddEventHandlerComponent: PlayMakerFixedUpdate

AddEventHandlerComponent: PlayMakerCollisionEnter2D

AddEventHandlerComponent: PlayMakerFixedUpdate

AddEventHandlerComponent: PlayMakerFixedUpdate

AddEventHandlerComponent: PlayMakerFixedUpdate

AddEventHandlerComponent: PlayMakerFixedUpdate

AddEventHandlerComponent: PlayMakerFixedUpdate

AddEventHandlerComponent: PlayMakerFixedUpdate

AddEventHandlerComponent: PlayMakerFixedUpdate

AddEventHandlerComponent: PlayMakerFixedUpdate

AddEventHandlerComponent: PlayMakerFixedUpdate

AddEventHandlerComponent: PlayMakerFixedUpdate

AddEventHandlerComponent: PlayMakerFixedUpdate

AddEventHandlerComponent: PlayMakerFixedUpdate

AddEventHandlerComponent: PlayMakerFixedUpdate

AddEventHandlerComponent: PlayMakerFixedUpdate

AddEventHandlerComponent: PlayMakerFixedUpdate

AddEventHandlerComponent: PlayMakerFixedUpdate

AddEventHandlerComponent: PlayMakerFixedUpdate

AddEventHandlerComponent: PlayMakerFixedUpdate

AddEventHandlerComponent: PlayMakerFixedUpdate

AddEventHandlerComponent: PlayMakerFixedUpdate

AddEventHandlerComponent: PlayMakerFixedUpdate

AddEventHandlerComponent: PlayMakerFixedUpdate

AddEventHandlerComponent: PlayMakerFixedUpdate

AddEventHandlerComponent: PlayMakerFixedUpdate

AddEventHandlerComponent: PlayMakerFixedUpdate

AddEventHandlerComponent: PlayMakerFixedUpdate

AddEventHandlerComponent: PlayMakerFixedUpdate

AddEventHandlerComponent: PlayMakerFixedUpdate

AddEventHandlerComponent: PlayMakerFixedUpdate

AddEventHandlerComponent: PlayMakerFixedUpdate

AddEventHandlerComponent: PlayMakerFixedUpdate

AddEventHandlerComponent: PlayMakerFixedUpdate

AddEventHandlerComponent: PlayMakerFixedUpdate

AddEventHandlerComponent: PlayMakerFixedUpdate

AddEventHandlerComponent: PlayMakerFixedUpdate

AddEventHandlerComponent: PlayMakerCollisionEnter2D

AddEventHandlerComponent: PlayMakerFixedUpdate

AddEventHandlerComponent: PlayMakerFixedUpdate

AddEventHandlerComponent: PlayMakerFixedUpdate

AddEventHandlerComponent: PlayMakerFixedUpdate

AddEventHandlerComponent: PlayMakerFixedUpdate

AddEventHandlerComponent: PlayMakerFixedUpdate

AddEventHandlerComponent: PlayMakerFixedUpdate

AddEventHandlerComponent: PlayMakerFixedUpdate

AddEventHandlerComponent: PlayMakerFixedUpdate

AddEventHandlerComponent: PlayMakerCollisionEnter2D

AddEventHandlerComponent: PlayMakerFixedUpdate

AddEventHandlerComponent: PlayMakerFixedUpdate

AddEventHandlerComponent: PlayMakerFixedUpdate

AddEventHandlerComponent: PlayMakerFixedUpdate

AddEventHandlerComponent: PlayMakerFixedUpdate

Deferring level start (marked as manual).

AddEventHandlerComponent: PlayMakerFixedUpdate

AddEventHandlerComponent: PlayMakerFixedUpdate

AddEventHandlerComponent: PlayMakerFixedUpdate

AddEventHandlerComponent: PlayMakerFixedUpdate

AddEventHandlerComponent: PlayMakerFixedUpdate

AddEventHandlerComponent: PlayMakerFixedUpdate

AddEventHandlerComponent: PlayMakerFixedUpdate

AddEventHandlerComponent: PlayMakerFixedUpdate

AddEventHandlerComponent: PlayMakerFixedUpdate

AddEventHandlerComponent: PlayMakerFixedUpdate

AddEventHandlerComponent: PlayMakerFixedUpdate

AddEventHandlerComponent: PlayMakerFixedUpdate

AddEventHandlerComponent: PlayMakerFixedUpdate

AddEventHandlerComponent: PlayMakerFixedUpdate

AddEventHandlerComponent: PlayMakerFixedUpdate

AddEventHandlerComponent: PlayMakerFixedUpdate

AddEventHandlerComponent: PlayMakerFixedUpdate

AddEventHandlerComponent: PlayMakerFixedUpdate

AddEventHandlerComponent: PlayMakerCollisionEnter2D

AddEventHandlerComponent: PlayMakerFixedUpdate

AddEventHandlerComponent: PlayMakerFixedUpdate

AddEventHandlerComponent: PlayMakerFixedUpdate

AddEventHandlerComponent: PlayMakerFixedUpdate

AddEventHandlerComponent: PlayMakerFixedUpdate

AddEventHandlerComponent: PlayMakerFixedUpdate

AddEventHandlerComponent: PlayMakerFixedUpdate

AddEventHandlerComponent: PlayMakerFixedUpdate

AddEventHandlerComponent: PlayMakerFixedUpdate

AddEventHandlerComponent: PlayMakerFixedUpdate

AddEventHandlerComponent: PlayMakerFixedUpdate

AddEventHandlerComponent: PlayMakerFixedUpdate

Deferring level start (marked as manual).

PlayOneShot was called with a null AudioClip.

PlayOneShot was called with a null AudioClip.

Object Pool attached to GlobalPool has run out of Spatter Honey prefabs, Instantiating an additional one.

Object Pool attached to GlobalPool has run out of Spatter Honey prefabs, Instantiating an additional one.

Object Pool attached to GlobalPool has run out of Spatter Honey prefabs, Instantiating an additional one.

Object Pool attached to GlobalPool has run out of Spatter Honey prefabs, Instantiating an additional one.

Object Pool attached to GlobalPool has run out of Spatter Honey prefabs, Instantiating an additional one.

Object Pool attached to GlobalPool has run out of Spatter Honey prefabs, Instantiating an additional one.

Object Pool attached to GlobalPool has run out of Spatter Honey prefabs, Instantiating an additional one.

Object Pool attached to GlobalPool has run out of Spatter Honey prefabs, Instantiating an additional one.

Object Pool attached to GlobalPool has run out of Spatter Honey prefabs, Instantiating an additional one.

Object Pool attached to GlobalPool has run out of Spatter Honey prefabs, Instantiating an additional one.

Object Pool attached to GlobalPool has run out of Spatter Honey prefabs, Instantiating an additional one.

Object Pool attached to GlobalPool has run out of Spatter Honey prefabs, Instantiating an additional one.

Object Pool attached to GlobalPool has run out of Spatter Honey prefabs, Instantiating an additional one.

Object Pool attached to GlobalPool has run out of Spatter Honey prefabs, Instantiating an additional one.

Object Pool attached to GlobalPool has run out of Spatter Honey prefabs, Instantiating an additional one.

Object Pool attached to GlobalPool has run out of Spatter Honey prefabs, Instantiating an additional one.

Object Pool attached to GlobalPool has run out of Spatter Honey prefabs, Instantiating an additional one.

Object Pool attached to GlobalPool has run out of Spatter Honey prefabs, Instantiating an additional one.

Object Pool attached to GlobalPool has run out of Spatter Honey prefabs, Instantiating an additional one.

Object Pool attached to GlobalPool has run out of Spatter Honey prefabs, Instantiating an additional one.

Object Pool attached to GlobalPool has run out of Spatter Honey prefabs, Instantiating an additional one.

Object Pool attached to GlobalPool has run out of Spatter Honey prefabs, Instantiating an additional one.

Object Pool attached to GlobalPool has run out of Spatter Honey prefabs, Instantiating an additional one.

Object Pool attached to GlobalPool has run out of Spatter Honey prefabs, Instantiating an additional one.

Object Pool attached to GlobalPool has run out of Spatter Honey prefabs, Instantiating an additional one.

Object Pool attached to GlobalPool has run out of Spatter Honey prefabs, Instantiating an additional one.

Object Pool attached to GlobalPool has run out of Spatter Honey prefabs, Instantiating an additional one.

Object Pool attached to GlobalPool has run out of Spatter Honey prefabs, Instantiating an additional one.

Object Pool attached to GlobalPool has run out of Spatter Honey prefabs, Instantiating an additional one.

Object Pool attached to GlobalPool has run out of Spatter Honey prefabs, Instantiating an additional one.

Object Pool attached to GlobalPool has run out of Spatter Honey prefabs, Instantiating an additional one.

Object Pool attached to GlobalPool has run out of Spatter Honey prefabs, Instantiating an additional one.

Object Pool attached to GlobalPool has run out of Spatter Honey prefabs, Instantiating an additional one.

Object Pool attached to GlobalPool has run out of Spatter Honey prefabs, Instantiating an additional one.

Object Pool attached to GlobalPool has run out of Spatter Honey prefabs, Instantiating an additional one.

Object Pool attached to GlobalPool has run out of Spatter Honey prefabs, Instantiating an additional one.

Object Pool attached to GlobalPool has run out of Spatter Honey prefabs, Instantiating an additional one.

Object Pool attached to GlobalPool has run out of Spatter Honey prefabs, Instantiating an additional one.

Object Pool attached to GlobalPool has run out of Spatter Honey prefabs, Instantiating an additional one.

Object Pool attached to GlobalPool has run out of Spatter Honey prefabs, Instantiating an additional one.

Object Pool attached to GlobalPool has run out of Spatter Honey prefabs, Instantiating an additional one.

Object Pool attached to GlobalPool has run out of Spatter Honey prefabs, Instantiating an additional one.

Object Pool attached to GlobalPool has run out of Spatter Honey prefabs, Instantiating an additional one.

Object Pool attached to GlobalPool has run out of Spatter Honey prefabs, Instantiating an additional one.

Object Pool attached to GlobalPool has run out of Spatter Honey prefabs, Instantiating an additional one.

Object Pool attached to GlobalPool has run out of Spatter Honey prefabs, Instantiating an additional one.

Object Pool attached to GlobalPool has run out of Spatter Honey prefabs, Instantiating an additional one.

Object Pool attached to GlobalPool has run out of Spatter Honey prefabs, Instantiating an additional one.

Object Pool attached to GlobalPool has run out of Spatter Honey prefabs, Instantiating an additional one.

Object Pool attached to GlobalPool has run out of Spatter Honey prefabs, Instantiating an additional one.

Object Pool attached to GlobalPool has run out of Spatter Honey prefabs, Instantiating an additional one.

Object Pool attached to GlobalPool has run out of Spatter Honey prefabs, Instantiating an additional one.

Object Pool attached to GlobalPool has run out of Spatter Honey prefabs, Instantiating an additional one.

Object Pool attached to GlobalPool has run out of Spatter Honey prefabs, Instantiating an additional one.

Object Pool attached to GlobalPool has run out of Spatter Honey prefabs, Instantiating an additional one.

Object Pool attached to GlobalPool has run out of Spatter Honey prefabs, Instantiating an additional one.

Object Pool attached to GlobalPool has run out of Spatter Honey prefabs, Instantiating an additional one.

Object Pool attached to GlobalPool has run out of Spatter Honey prefabs, Instantiating an additional one.

Object Pool attached to GlobalPool has run out of Spatter Honey prefabs, Instantiating an additional one.

Object Pool attached to GlobalPool has run out of Spatter Honey prefabs, Instantiating an additional one.

Object Pool attached to GlobalPool has run out of Spatter Honey prefabs, Instantiating an additional one.

Object Pool attached to GlobalPool has run out of Spatter Honey prefabs, Instantiating an additional one.

Object Pool attached to GlobalPool has run out of Spatter Honey prefabs, Instantiating an additional one.

Object Pool attached to GlobalPool has run out of Spatter Honey prefabs, Instantiating an additional one.

Object Pool attached to GlobalPool has run out of Spatter Honey prefabs, Instantiating an additional one.

Object Pool attached to GlobalPool has run out of Spatter Honey prefabs, Instantiating an additional one.

Object Pool attached to GlobalPool has run out of Spatter Honey prefabs, Instantiating an additional one.

Object Pool attached to GlobalPool has run out of Spatter Honey prefabs, Instantiating an additional one.

Object Pool attached to GlobalPool has run out of Spatter Honey prefabs, Instantiating an additional one.

Object Pool attached to GlobalPool has run out of Spatter Honey prefabs, Instantiating an additional one.

PlayOneShot was called with a null AudioClip.

AddEventHandlerComponent: PlayMakerFixedUpdate

AddEventHandlerComponent: PlayMakerFixedUpdate

AddEventHandlerComponent: PlayMakerFixedUpdate

AddEventHandlerComponent: PlayMakerFixedUpdate

AddEventHandlerComponent: PlayMakerFixedUpdate

AddEventHandlerComponent: PlayMakerFixedUpdate

AddEventHandlerComponent: PlayMakerFixedUpdate

AddEventHandlerComponent: PlayMakerFixedUpdate

AddEventHandlerComponent: PlayMakerFixedUpdate

AddEventHandlerComponent: PlayMakerFixedUpdate

AddEventHandlerComponent: PlayMakerFixedUpdate

AddEventHandlerComponent: PlayMakerFixedUpdate

AddEventHandlerComponent: PlayMakerFixedUpdate

AddEventHandlerComponent: PlayMakerFixedUpdate

AddEventHandlerComponent: PlayMakerFixedUpdate

AddEventHandlerComponent: PlayMakerFixedUpdate

AddEventHandlerComponent: PlayMakerFixedUpdate

AddEventHandlerComponent: PlayMakerFixedUpdate

AddEventHandlerComponent: PlayMakerFixedUpdate

AddEventHandlerComponent: PlayMakerFixedUpdate

AddEventHandlerComponent: PlayMakerFixedUpdate

AddEventHandlerComponent: PlayMakerFixedUpdate

AddEventHandlerComponent: PlayMakerFixedUpdate

AddEventHandlerComponent: PlayMakerFixedUpdate

AddEventHandlerComponent: PlayMakerFixedUpdate

AddEventHandlerComponent: PlayMakerFixedUpdate

AddEventHandlerComponent: PlayMakerCollisionEnter2D

AddEventHandlerComponent: PlayMakerFixedUpdate

AddEventHandlerComponent: PlayMakerFixedUpdate

AddEventHandlerComponent: PlayMakerFixedUpdate

AddEventHandlerComponent: PlayMakerFixedUpdate

AddEventHandlerComponent: PlayMakerFixedUpdate

AddEventHandlerComponent: PlayMakerFixedUpdate

AddEventHandlerComponent: PlayMakerFixedUpdate

AddEventHandlerComponent: PlayMakerFixedUpdate

AddEventHandlerComponent: PlayMakerFixedUpdate

AddEventHandlerComponent: PlayMakerFixedUpdate

AddEventHandlerComponent: PlayMakerFixedUpdate

AddEventHandlerComponent: PlayMakerFixedUpdate

AddEventHandlerComponent: PlayMakerFixedUpdate

AddEventHandlerComponent: PlayMakerFixedUpdate

AddEventHandlerComponent: PlayMakerFixedUpdate

AddEventHandlerComponent: PlayMakerFixedUpdate

AddEventHandlerComponent: PlayMakerFixedUpdate

AddEventHandlerComponent: PlayMakerFixedUpdate

AddEventHandlerComponent: PlayMakerFixedUpdate

AddEventHandlerComponent: PlayMakerFixedUpdate

AddEventHandlerComponent: PlayMakerFixedUpdate

AddEventHandlerComponent: PlayMakerFixedUpdate

AddEventHandlerComponent: PlayMakerFixedUpdate

AddEventHandlerComponent: PlayMakerFixedUpdate

AddEventHandlerComponent: PlayMakerFixedUpdate

AddEventHandlerComponent: PlayMakerFixedUpdate

AddEventHandlerComponent: PlayMakerFixedUpdate

AddEventHandlerComponent: PlayMakerFixedUpdate

AddEventHandlerComponent: PlayMakerFixedUpdate

AddEventHandlerComponent: PlayMakerFixedUpdate

AddEventHandlerComponent: PlayMakerFixedUpdate

AddEventHandlerComponent: PlayMakerFixedUpdate

AddEventHandlerComponent: PlayMakerFixedUpdate

AddEventHandlerComponent: PlayMakerFixedUpdate

AddEventHandlerComponent: PlayMakerFixedUpdate

AddEventHandlerComponent: PlayMakerCollisionEnter2D

AddEventHandlerComponent: PlayMakerFixedUpdate

AddEventHandlerComponent: PlayMakerFixedUpdate

AddEventHandlerComponent: PlayMakerFixedUpdate

AddEventHandlerComponent: PlayMakerFixedUpdate

AddEventHandlerComponent: PlayMakerFixedUpdate

AddEventHandlerComponent: PlayMakerFixedUpdate

AddEventHandlerComponent: PlayMakerFixedUpdate

AddEventHandlerComponent: PlayMakerFixedUpdate

AddEventHandlerComponent: PlayMakerFixedUpdate

AddEventHandlerComponent: PlayMakerCollisionEnter2D

AddEventHandlerComponent: PlayMakerFixedUpdate

AddEventHandlerComponent: PlayMakerFixedUpdate

AddEventHandlerComponent: PlayMakerFixedUpdate

AddEventHandlerComponent: PlayMakerFixedUpdate

AddEventHandlerComponent: PlayMakerFixedUpdate

Deferring level start (marked as manual).

PlayOneShot was called with a null AudioClip.

PlayOneShot was called with a null AudioClip.

PlayOneShot was called with a null AudioClip.

Object Pool attached to GlobalPool has run out of Run Effects prefabs, Instantiating an additional one.

AddEventHandlerComponent: PlayMakerFixedUpdate

AddEventHandlerComponent: PlayMakerFixedUpdate

AddEventHandlerComponent: PlayMakerCollisionEnter2D

AddEventHandlerComponent: PlayMakerFixedUpdate

AddEventHandlerComponent: PlayMakerFixedUpdate

AddEventHandlerComponent: PlayMakerFixedUpdate

AddEventHandlerComponent: PlayMakerFixedUpdate

AddEventHandlerComponent: PlayMakerCollisionEnter2D

AddEventHandlerComponent: PlayMakerFixedUpdate

AddEventHandlerComponent: PlayMakerFixedUpdate

AddEventHandlerComponent: PlayMakerFixedUpdate

AddEventHandlerComponent: PlayMakerFixedUpdate

AddEventHandlerComponent: PlayMakerFixedUpdate

AddEventHandlerComponent: PlayMakerFixedUpdate

AddEventHandlerComponent: PlayMakerCollisionEnter2D

AddEventHandlerComponent: PlayMakerFixedUpdate

AddEventHandlerComponent: PlayMakerCollisionEnter2D

AddEventHandlerComponent: PlayMakerFixedUpdate

AddEventHandlerComponent: PlayMakerFixedUpdate

AddEventHandlerComponent: PlayMakerFixedUpdate

AddEventHandlerComponent: PlayMakerFixedUpdate

AddEventHandlerComponent: PlayMakerFixedUpdate

AddEventHandlerComponent: PlayMakerFixedUpdate

AddEventHandlerComponent: PlayMakerCollisionEnter2D

AddEventHandlerComponent: PlayMakerFixedUpdate

AddEventHandlerComponent: PlayMakerFixedUpdate

AddEventHandlerComponent: PlayMakerFixedUpdate

AddEventHandlerComponent: PlayMakerFixedUpdate

AddEventHandlerComponent: PlayMakerFixedUpdate

AddEventHandlerComponent: PlayMakerFixedUpdate

AddEventHandlerComponent: PlayMakerFixedUpdate

Deferring level start (marked as manual).

NullReferenceException
  at (wrapper managed-to-native) UnityEngine.GameObject.GetComponentsInternal(UnityEngine.GameObject,System.Type,bool,bool,bool,bool,object)
  at UnityEngine.GameObject.GetComponentsInChildren[T] (System.Boolean includeInactive) [0x00001] in <047294ce45cf4b9a9441e48d2b8435e4>:0 
  at ObjectPool.orig_CreatePool (UnityEngine.GameObject prefab, System.Int32 initialPoolSize) [0x00179] in <2b54cdaf7a934f0eb297d50c4090ea9f>:0 
  at ObjectPool.CreatePool (UnityEngine.GameObject prefab, System.Int32 initialPoolSize) [0x00000] in <2b54cdaf7a934f0eb297d50c4090ea9f>:0 
  at PersonalObjectPool.CreatePool (UnityEngine.GameObject prefab, System.Int32 initialPoolSize) [0x00000] in <2b54cdaf7a934f0eb297d50c4090ea9f>:0 
  at PersonalObjectPool.CreateStartupPools () [0x00025] in <2b54cdaf7a934f0eb297d50c4090ea9f>:0 
  at PersonalObjectPool.Start () [0x00000] in <2b54cdaf7a934f0eb297d50c4090ea9f>:0 

AddEventHandlerComponent: PlayMakerFixedUpdate

AddEventHandlerComponent: PlayMakerFixedUpdate

PlayOneShot was called with a null AudioClip.

PlayOneShot was called with a null AudioClip.

PlayOneShot was called with a null AudioClip.

PlayOneShot was called with a null AudioClip.

PlayOneShot was called with a null AudioClip.

AddEventHandlerComponent: PlayMakerFixedUpdate

AddEventHandlerComponent: PlayMakerCollisionEnter2D

AddEventHandlerComponent: PlayMakerFixedUpdate

AddEventHandlerComponent: PlayMakerFixedUpdate

AddEventHandlerComponent: PlayMakerFixedUpdate

AddEventHandlerComponent: PlayMakerFixedUpdate

AddEventHandlerComponent: PlayMakerFixedUpdate

AddEventHandlerComponent: PlayMakerFixedUpdate

AddEventHandlerComponent: PlayMakerFixedUpdate

AddEventHandlerComponent: PlayMakerFixedUpdate

AddEventHandlerComponent: PlayMakerFixedUpdate

AddEventHandlerComponent: PlayMakerFixedUpdate

AddEventHandlerComponent: PlayMakerFixedUpdate

AddEventHandlerComponent: PlayMakerFixedUpdate

AddEventHandlerComponent: PlayMakerFixedUpdate

AddEventHandlerComponent: PlayMakerFixedUpdate

AddEventHandlerComponent: PlayMakerFixedUpdate

AddEventHandlerComponent: PlayMakerFixedUpdate

AddEventHandlerComponent: PlayMakerFixedUpdate

AddEventHandlerComponent: PlayMakerCollisionEnter2D

AddEventHandlerComponent: PlayMakerFixedUpdate

AddEventHandlerComponent: PlayMakerFixedUpdate

AddEventHandlerComponent: PlayMakerCollisionEnter2D

AddEventHandlerComponent: PlayMakerFixedUpdate

AddEventHandlerComponent: PlayMakerFixedUpdate

AddEventHandlerComponent: PlayMakerFixedUpdate

AddEventHandlerComponent: PlayMakerFixedUpdate

AddEventHandlerComponent: PlayMakerFixedUpdate

AddEventHandlerComponent: PlayMakerFixedUpdate

AddEventHandlerComponent: PlayMakerFixedUpdate

Deferring level start (marked as manual).

NullReferenceException
  at (wrapper managed-to-native) UnityEngine.GameObject.GetComponentsInternal(UnityEngine.GameObject,System.Type,bool,bool,bool,bool,object)
  at UnityEngine.GameObject.GetComponentsInChildren[T] (System.Boolean includeInactive) [0x00001] in <047294ce45cf4b9a9441e48d2b8435e4>:0 
  at ObjectPool.orig_CreatePool (UnityEngine.GameObject prefab, System.Int32 initialPoolSize) [0x00179] in <2b54cdaf7a934f0eb297d50c4090ea9f>:0 
  at ObjectPool.CreatePool (UnityEngine.GameObject prefab, System.Int32 initialPoolSize) [0x00000] in <2b54cdaf7a934f0eb297d50c4090ea9f>:0 
  at PersonalObjectPool.CreatePool (UnityEngine.GameObject prefab, System.Int32 initialPoolSize) [0x00000] in <2b54cdaf7a934f0eb297d50c4090ea9f>:0 
  at PersonalObjectPool.CreateStartupPools () [0x00025] in <2b54cdaf7a934f0eb297d50c4090ea9f>:0 
  at PersonalObjectPool.Start () [0x00000] in <2b54cdaf7a934f0eb297d50c4090ea9f>:0 

PlayOneShot was called with a null AudioClip.

PlayOneShot was called with a null AudioClip.

AddEventHandlerComponent: PlayMakerFixedUpdate

AddEventHandlerComponent: PlayMakerFixedUpdate

AddEventHandlerComponent: PlayMakerFixedUpdate

AddEventHandlerComponent: PlayMakerFixedUpdate

AddEventHandlerComponent: PlayMakerFixedUpdate

AddEventHandlerComponent: PlayMakerFixedUpdate

AddEventHandlerComponent: PlayMakerFixedUpdate

AddEventHandlerComponent: PlayMakerFixedUpdate

AddEventHandlerComponent: PlayMakerFixedUpdate

AddEventHandlerComponent: PlayMakerCollisionEnter2D

AddEventHandlerComponent: PlayMakerFixedUpdate

AddEventHandlerComponent: PlayMakerFixedUpdate

AddEventHandlerComponent: PlayMakerFixedUpdate

AddEventHandlerComponent: PlayMakerFixedUpdate

AddEventHandlerComponent: PlayMakerFixedUpdate

AddEventHandlerComponent: PlayMakerFixedUpdate

AddEventHandlerComponent: PlayMakerFixedUpdate

AddEventHandlerComponent: PlayMakerFixedUpdate

AddEventHandlerComponent: PlayMakerFixedUpdate

AddEventHandlerComponent: PlayMakerCollisionEnter2D

AddEventHandlerComponent: PlayMakerFixedUpdate

AddEventHandlerComponent: PlayMakerFixedUpdate

AddEventHandlerComponent: PlayMakerFixedUpdate

AddEventHandlerComponent: PlayMakerFixedUpdate

AddEventHandlerComponent: PlayMakerFixedUpdate

AddEventHandlerComponent: PlayMakerFixedUpdate

AddEventHandlerComponent: PlayMakerFixedUpdate

AddEventHandlerComponent: PlayMakerCollisionEnter2D

AddEventHandlerComponent: PlayMakerFixedUpdate

AddEventHandlerComponent: PlayMakerFixedUpdate

AddEventHandlerComponent: PlayMakerFixedUpdate

AddEventHandlerComponent: PlayMakerFixedUpdate

AddEventHandlerComponent: PlayMakerFixedUpdate

AddEventHandlerComponent: PlayMakerFixedUpdate

AddEventHandlerComponent: PlayMakerCollisionEnter2D

AddEventHandlerComponent: PlayMakerFixedUpdate

AddEventHandlerComponent: PlayMakerFixedUpdate

AddEventHandlerComponent: PlayMakerFixedUpdate

AddEventHandlerComponent: PlayMakerFixedUpdate

AddEventHandlerComponent: PlayMakerFixedUpdate

AddEventHandlerComponent: PlayMakerFixedUpdate

AddEventHandlerComponent: PlayMakerFixedUpdate

AddEventHandlerComponent: PlayMakerFixedUpdate

AddEventHandlerComponent: PlayMakerFixedUpdate

AddEventHandlerComponent: PlayMakerFixedUpdate

AddEventHandlerComponent: PlayMakerFixedUpdate

AddEventHandlerComponent: PlayMakerFixedUpdate

AddEventHandlerComponent: PlayMakerFixedUpdate

AddEventHandlerComponent: PlayMakerFixedUpdate

AddEventHandlerComponent: PlayMakerFixedUpdate

AddEventHandlerComponent: PlayMakerFixedUpdate

AddEventHandlerComponent: PlayMakerFixedUpdate

AddEventHandlerComponent: PlayMakerFixedUpdate

AddEventHandlerComponent: PlayMakerFixedUpdate

AddEventHandlerComponent: PlayMakerCollisionEnter2D

AddEventHandlerComponent: PlayMakerFixedUpdate

AddEventHandlerComponent: PlayMakerFixedUpdate

AddEventHandlerComponent: PlayMakerFixedUpdate

AddEventHandlerComponent: PlayMakerFixedUpdate

AddEventHandlerComponent: PlayMakerFixedUpdate

AddEventHandlerComponent: PlayMakerFixedUpdate

AddEventHandlerComponent: PlayMakerFixedUpdate

AddEventHandlerComponent: PlayMakerFixedUpdate

AddEventHandlerComponent: PlayMakerCollisionEnter2D

AddEventHandlerComponent: PlayMakerFixedUpdate

AddEventHandlerComponent: PlayMakerFixedUpdate

AddEventHandlerComponent: PlayMakerFixedUpdate

Deferring level start (marked as manual).

PlayOneShot was called with a null AudioClip.

PlayOneShot was called with a null AudioClip.

PlayOneShot was called with a null AudioClip.

PlayOneShot was called with a null AudioClip.

PlayOneShot was called with a null AudioClip.

Object Pool attached to GlobalPool has run out of Run Effects prefabs, Instantiating an additional one.

Object Pool attached to GlobalPool has run out of Spatter Honey prefabs, Instantiating an additional one.

Object Pool attached to GlobalPool has run out of Spatter Honey prefabs, Instantiating an additional one.

Object Pool attached to GlobalPool has run out of Spatter Honey prefabs, Instantiating an additional one.

Object Pool attached to GlobalPool has run out of Spatter Honey prefabs, Instantiating an additional one.

Object Pool attached to GlobalPool has run out of Spatter Honey prefabs, Instantiating an additional one.

Object Pool attached to GlobalPool has run out of Spatter Honey prefabs, Instantiating an additional one.

Object Pool attached to GlobalPool has run out of Spatter Honey prefabs, Instantiating an additional one.

Object Pool attached to GlobalPool has run out of Spatter Honey prefabs, Instantiating an additional one.

Object Pool attached to GlobalPool has run out of Spatter Honey prefabs, Instantiating an additional one.

Object Pool attached to GlobalPool has run out of Run Effects prefabs, Instantiating an additional one.

Object Pool attached to GlobalPool has run out of Run Effects prefabs, Instantiating an additional one.

AddEventHandlerComponent: PlayMakerFixedUpdate

AddEventHandlerComponent: PlayMakerFixedUpdate

AddEventHandlerComponent: PlayMakerFixedUpdate

AddEventHandlerComponent: PlayMakerFixedUpdate

AddEventHandlerComponent: PlayMakerFixedUpdate

AddEventHandlerComponent: PlayMakerFixedUpdate

AddEventHandlerComponent: PlayMakerFixedUpdate

AddEventHandlerComponent: PlayMakerFixedUpdate

AddEventHandlerComponent: PlayMakerFixedUpdate

AddEventHandlerComponent: PlayMakerFixedUpdate

AddEventHandlerComponent: PlayMakerFixedUpdate

Deferring level start (marked as manual).

AddEventHandlerComponent: PlayMakerFixedUpdate

Object Pool attached to GlobalPool has run out of Spatter Honey prefabs, Instantiating an additional one.

Object Pool attached to GlobalPool has run out of Spatter Honey prefabs, Instantiating an additional one.

Object Pool attached to GlobalPool has run out of Spatter Honey prefabs, Instantiating an additional one.

Object Pool attached to GlobalPool has run out of Spatter Honey prefabs, Instantiating an additional one.

Object Pool attached to GlobalPool has run out of Spatter Honey prefabs, Instantiating an additional one.

Object Pool attached to GlobalPool has run out of Spatter Honey prefabs, Instantiating an additional one.

Object Pool attached to GlobalPool has run out of Spatter Honey prefabs, Instantiating an additional one.

Object Pool attached to GlobalPool has run out of Spatter Honey prefabs, Instantiating an additional one.

Object Pool attached to GlobalPool has run out of Spatter Honey prefabs, Instantiating an additional one.

Object Pool attached to GlobalPool has run out of Spatter Honey prefabs, Instantiating an additional one.

Object Pool attached to GlobalPool has run out of Spatter Honey prefabs, Instantiating an additional one.

Object Pool attached to GlobalPool has run out of Spatter Honey prefabs, Instantiating an additional one.

Object Pool attached to GlobalPool has run out of Spatter Honey prefabs, Instantiating an additional one.

Object Pool attached to GlobalPool has run out of Spatter Honey prefabs, Instantiating an additional one.

Object Pool attached to GlobalPool has run out of Spatter Honey prefabs, Instantiating an additional one.

Object Pool attached to GlobalPool has run out of Spatter Honey prefabs, Instantiating an additional one.

Object Pool attached to GlobalPool has run out of Spatter Honey prefabs, Instantiating an additional one.

Object Pool attached to GlobalPool has run out of Spatter Honey prefabs, Instantiating an additional one.

Object Pool attached to GlobalPool has run out of Spatter Honey prefabs, Instantiating an additional one.

Object Pool attached to GlobalPool has run out of Spatter Honey prefabs, Instantiating an additional one.

Object Pool attached to GlobalPool has run out of Spatter Honey prefabs, Instantiating an additional one.

Object Pool attached to GlobalPool has run out of Spatter Honey prefabs, Instantiating an additional one.

Object Pool attached to GlobalPool has run out of Spatter Honey prefabs, Instantiating an additional one.

Object Pool attached to GlobalPool has run out of Spatter Honey prefabs, Instantiating an additional one.

Object Pool attached to GlobalPool has run out of Spatter Honey prefabs, Instantiating an additional one.

Object Pool attached to GlobalPool has run out of Spatter Honey prefabs, Instantiating an additional one.

Object Pool attached to GlobalPool has run out of Spatter Honey prefabs, Instantiating an additional one.

Object Pool attached to GlobalPool has run out of Spatter Honey prefabs, Instantiating an additional one.

Object Pool attached to GlobalPool has run out of Spatter Honey prefabs, Instantiating an additional one.

Object Pool attached to GlobalPool has run out of Spatter Honey prefabs, Instantiating an additional one.

Object Pool attached to GlobalPool has run out of Spatter Honey prefabs, Instantiating an additional one.

Object Pool attached to GlobalPool has run out of Spatter Honey prefabs, Instantiating an additional one.

Object Pool attached to GlobalPool has run out of Spatter Honey prefabs, Instantiating an additional one.

Object Pool attached to GlobalPool has run out of Spatter Honey prefabs, Instantiating an additional one.

Object Pool attached to GlobalPool has run out of Spatter Honey prefabs, Instantiating an additional one.

Object Pool attached to GlobalPool has run out of Spatter Honey prefabs, Instantiating an additional one.

Object Pool attached to GlobalPool has run out of Spatter Honey prefabs, Instantiating an additional one.

Object Pool attached to GlobalPool has run out of Spatter Honey prefabs, Instantiating an additional one.

Object Pool attached to GlobalPool has run out of Spatter Honey prefabs, Instantiating an additional one.

Object Pool attached to GlobalPool has run out of Spatter Honey prefabs, Instantiating an additional one.

Object Pool attached to GlobalPool has run out of Spatter Honey prefabs, Instantiating an additional one.

Object Pool attached to GlobalPool has run out of Spatter Honey prefabs, Instantiating an additional one.

Object Pool attached to GlobalPool has run out of Spatter Honey prefabs, Instantiating an additional one.

Object Pool attached to GlobalPool has run out of Spatter Honey prefabs, Instantiating an additional one.

Object Pool attached to GlobalPool has run out of Spatter Honey prefabs, Instantiating an additional one.

Object Pool attached to GlobalPool has run out of Spatter Honey prefabs, Instantiating an additional one.

Object Pool attached to GlobalPool has run out of Spatter Honey prefabs, Instantiating an additional one.

Object Pool attached to GlobalPool has run out of Spatter Honey prefabs, Instantiating an additional one.

Object Pool attached to GlobalPool has run out of Spatter Honey prefabs, Instantiating an additional one.

Object Pool attached to GlobalPool has run out of Spatter Honey prefabs, Instantiating an additional one.

Object Pool attached to GlobalPool has run out of Spatter Honey prefabs, Instantiating an additional one.

Object Pool attached to GlobalPool has run out of Spatter Honey prefabs, Instantiating an additional one.

Object Pool attached to GlobalPool has run out of Spatter Honey prefabs, Instantiating an additional one.

Object Pool attached to GlobalPool has run out of Spatter Honey prefabs, Instantiating an additional one.

Object Pool attached to GlobalPool has run out of Spatter Honey prefabs, Instantiating an additional one.

Object Pool attached to GlobalPool has run out of Spatter Honey prefabs, Instantiating an additional one.

Object Pool attached to GlobalPool has run out of Spatter Honey prefabs, Instantiating an additional one.

AddEventHandlerComponent: PlayMakerFixedUpdate

AddEventHandlerComponent: PlayMakerFixedUpdate

AddEventHandlerComponent: PlayMakerFixedUpdate

AddEventHandlerComponent: PlayMakerFixedUpdate

AddEventHandlerComponent: PlayMakerFixedUpdate

AddEventHandlerComponent: PlayMakerFixedUpdate

AddEventHandlerComponent: PlayMakerFixedUpdate

AddEventHandlerComponent: PlayMakerFixedUpdate

AddEventHandlerComponent: PlayMakerFixedUpdate

AddEventHandlerComponent: PlayMakerCollisionEnter2D

AddEventHandlerComponent: PlayMakerFixedUpdate

AddEventHandlerComponent: PlayMakerFixedUpdate

AddEventHandlerComponent: PlayMakerFixedUpdate

AddEventHandlerComponent: PlayMakerFixedUpdate

AddEventHandlerComponent: PlayMakerFixedUpdate

AddEventHandlerComponent: PlayMakerFixedUpdate

AddEventHandlerComponent: PlayMakerFixedUpdate

AddEventHandlerComponent: PlayMakerFixedUpdate

AddEventHandlerComponent: PlayMakerFixedUpdate

AddEventHandlerComponent: PlayMakerCollisionEnter2D

AddEventHandlerComponent: PlayMakerFixedUpdate

AddEventHandlerComponent: PlayMakerFixedUpdate

AddEventHandlerComponent: PlayMakerFixedUpdate

AddEventHandlerComponent: PlayMakerFixedUpdate

AddEventHandlerComponent: PlayMakerFixedUpdate

AddEventHandlerComponent: PlayMakerFixedUpdate

AddEventHandlerComponent: PlayMakerFixedUpdate

AddEventHandlerComponent: PlayMakerCollisionEnter2D

AddEventHandlerComponent: PlayMakerFixedUpdate

AddEventHandlerComponent: PlayMakerFixedUpdate

AddEventHandlerComponent: PlayMakerFixedUpdate

AddEventHandlerComponent: PlayMakerFixedUpdate

AddEventHandlerComponent: PlayMakerFixedUpdate

AddEventHandlerComponent: PlayMakerFixedUpdate

AddEventHandlerComponent: PlayMakerCollisionEnter2D

AddEventHandlerComponent: PlayMakerFixedUpdate

AddEventHandlerComponent: PlayMakerFixedUpdate

AddEventHandlerComponent: PlayMakerFixedUpdate

AddEventHandlerComponent: PlayMakerFixedUpdate

AddEventHandlerComponent: PlayMakerFixedUpdate

AddEventHandlerComponent: PlayMakerFixedUpdate

AddEventHandlerComponent: PlayMakerFixedUpdate

AddEventHandlerComponent: PlayMakerFixedUpdate

AddEventHandlerComponent: PlayMakerFixedUpdate

AddEventHandlerComponent: PlayMakerFixedUpdate

AddEventHandlerComponent: PlayMakerFixedUpdate

AddEventHandlerComponent: PlayMakerFixedUpdate

AddEventHandlerComponent: PlayMakerFixedUpdate

AddEventHandlerComponent: PlayMakerFixedUpdate

AddEventHandlerComponent: PlayMakerFixedUpdate

AddEventHandlerComponent: PlayMakerFixedUpdate

AddEventHandlerComponent: PlayMakerFixedUpdate

AddEventHandlerComponent: PlayMakerFixedUpdate

AddEventHandlerComponent: PlayMakerFixedUpdate

AddEventHandlerComponent: PlayMakerCollisionEnter2D

AddEventHandlerComponent: PlayMakerFixedUpdate

AddEventHandlerComponent: PlayMakerFixedUpdate

AddEventHandlerComponent: PlayMakerFixedUpdate

AddEventHandlerComponent: PlayMakerFixedUpdate

AddEventHandlerComponent: PlayMakerFixedUpdate

AddEventHandlerComponent: PlayMakerFixedUpdate

AddEventHandlerComponent: PlayMakerFixedUpdate

AddEventHandlerComponent: PlayMakerFixedUpdate

AddEventHandlerComponent: PlayMakerCollisionEnter2D

AddEventHandlerComponent: PlayMakerFixedUpdate

AddEventHandlerComponent: PlayMakerFixedUpdate

AddEventHandlerComponent: PlayMakerFixedUpdate

Deferring level start (marked as manual).

AddEventHandlerComponent: PlayMakerFixedUpdate

AddEventHandlerComponent: PlayMakerFixedUpdate

AddEventHandlerComponent: PlayMakerFixedUpdate

AddEventHandlerComponent: PlayMakerFixedUpdate

AddEventHandlerComponent: PlayMakerFixedUpdate

AddEventHandlerComponent: PlayMakerFixedUpdate

AddEventHandlerComponent: PlayMakerFixedUpdate

AddEventHandlerComponent: PlayMakerFixedUpdate

AddEventHandlerComponent: PlayMakerFixedUpdate

AddEventHandlerComponent: PlayMakerFixedUpdate

AddEventHandlerComponent: PlayMakerFixedUpdate

AddEventHandlerComponent: PlayMakerFixedUpdate

AddEventHandlerComponent: PlayMakerFixedUpdate

AddEventHandlerComponent: PlayMakerFixedUpdate

AddEventHandlerComponent: PlayMakerFixedUpdate

Deferring level start (marked as manual).

AddEventHandlerComponent: PlayMakerFixedUpdate

PlayOneShot was called with a null AudioClip.

PlayOneShot was called with a null AudioClip.

PlayOneShot was called with a null AudioClip.

PlayOneShot was called with a null AudioClip.

PlayOneShot was called with a null AudioClip.

AddEventHandlerComponent: PlayMakerFixedUpdate

AddEventHandlerComponent: PlayMakerFixedUpdate

AddEventHandlerComponent: PlayMakerFixedUpdate

AddEventHandlerComponent: PlayMakerFixedUpdate

AddEventHandlerComponent: PlayMakerFixedUpdate

AddEventHandlerComponent: PlayMakerFixedUpdate

AddEventHandlerComponent: PlayMakerFixedUpdate

AddEventHandlerComponent: PlayMakerFixedUpdate

AddEventHandlerComponent: PlayMakerFixedUpdate

AddEventHandlerComponent: PlayMakerCollisionEnter2D

AddEventHandlerComponent: PlayMakerFixedUpdate

AddEventHandlerComponent: PlayMakerFixedUpdate

AddEventHandlerComponent: PlayMakerFixedUpdate

AddEventHandlerComponent: PlayMakerFixedUpdate

AddEventHandlerComponent: PlayMakerFixedUpdate

AddEventHandlerComponent: PlayMakerFixedUpdate

AddEventHandlerComponent: PlayMakerFixedUpdate

AddEventHandlerComponent: PlayMakerFixedUpdate

AddEventHandlerComponent: PlayMakerFixedUpdate

AddEventHandlerComponent: PlayMakerCollisionEnter2D

AddEventHandlerComponent: PlayMakerFixedUpdate

AddEventHandlerComponent: PlayMakerFixedUpdate

AddEventHandlerComponent: PlayMakerFixedUpdate

AddEventHandlerComponent: PlayMakerFixedUpdate

AddEventHandlerComponent: PlayMakerFixedUpdate

AddEventHandlerComponent: PlayMakerFixedUpdate

AddEventHandlerComponent: PlayMakerFixedUpdate

AddEventHandlerComponent: PlayMakerCollisionEnter2D

AddEventHandlerComponent: PlayMakerFixedUpdate

AddEventHandlerComponent: PlayMakerFixedUpdate

AddEventHandlerComponent: PlayMakerFixedUpdate

AddEventHandlerComponent: PlayMakerFixedUpdate

AddEventHandlerComponent: PlayMakerFixedUpdate

AddEventHandlerComponent: PlayMakerFixedUpdate

AddEventHandlerComponent: PlayMakerCollisionEnter2D

AddEventHandlerComponent: PlayMakerFixedUpdate

AddEventHandlerComponent: PlayMakerFixedUpdate

AddEventHandlerComponent: PlayMakerFixedUpdate

AddEventHandlerComponent: PlayMakerFixedUpdate

AddEventHandlerComponent: PlayMakerFixedUpdate

AddEventHandlerComponent: PlayMakerFixedUpdate

AddEventHandlerComponent: PlayMakerFixedUpdate

AddEventHandlerComponent: PlayMakerFixedUpdate

AddEventHandlerComponent: PlayMakerFixedUpdate

AddEventHandlerComponent: PlayMakerFixedUpdate

AddEventHandlerComponent: PlayMakerFixedUpdate

AddEventHandlerComponent: PlayMakerFixedUpdate

AddEventHandlerComponent: PlayMakerFixedUpdate

AddEventHandlerComponent: PlayMakerFixedUpdate

AddEventHandlerComponent: PlayMakerFixedUpdate

AddEventHandlerComponent: PlayMakerFixedUpdate

AddEventHandlerComponent: PlayMakerFixedUpdate

AddEventHandlerComponent: PlayMakerFixedUpdate

AddEventHandlerComponent: PlayMakerFixedUpdate

AddEventHandlerComponent: PlayMakerCollisionEnter2D

AddEventHandlerComponent: PlayMakerFixedUpdate

AddEventHandlerComponent: PlayMakerFixedUpdate

AddEventHandlerComponent: PlayMakerFixedUpdate

AddEventHandlerComponent: PlayMakerFixedUpdate

AddEventHandlerComponent: PlayMakerFixedUpdate

AddEventHandlerComponent: PlayMakerFixedUpdate

AddEventHandlerComponent: PlayMakerFixedUpdate

AddEventHandlerComponent: PlayMakerFixedUpdate

AddEventHandlerComponent: PlayMakerCollisionEnter2D

AddEventHandlerComponent: PlayMakerFixedUpdate

AddEventHandlerComponent: PlayMakerFixedUpdate

AddEventHandlerComponent: PlayMakerFixedUpdate

Deferring level start (marked as manual).

AddEventHandlerComponent: PlayMakerFixedUpdate

AddEventHandlerComponent: PlayMakerCollisionEnter2D

AddEventHandlerComponent: PlayMakerFixedUpdate

AddEventHandlerComponent: PlayMakerFixedUpdate

AddEventHandlerComponent: PlayMakerFixedUpdate

AddEventHandlerComponent: PlayMakerFixedUpdate

AddEventHandlerComponent: PlayMakerFixedUpdate

AddEventHandlerComponent: PlayMakerFixedUpdate

AddEventHandlerComponent: PlayMakerFixedUpdate

AddEventHandlerComponent: PlayMakerFixedUpdate

AddEventHandlerComponent: PlayMakerFixedUpdate

AddEventHandlerComponent: PlayMakerFixedUpdate

AddEventHandlerComponent: PlayMakerFixedUpdate

AddEventHandlerComponent: PlayMakerFixedUpdate

AddEventHandlerComponent: PlayMakerFixedUpdate

AddEventHandlerComponent: PlayMakerFixedUpdate

AddEventHandlerComponent: PlayMakerFixedUpdate

AddEventHandlerComponent: PlayMakerFixedUpdate

AddEventHandlerComponent: PlayMakerFixedUpdate

AddEventHandlerComponent: PlayMakerCollisionEnter2D

AddEventHandlerComponent: PlayMakerFixedUpdate

AddEventHandlerComponent: PlayMakerFixedUpdate

AddEventHandlerComponent: PlayMakerCollisionEnter2D

AddEventHandlerComponent: PlayMakerFixedUpdate

AddEventHandlerComponent: PlayMakerFixedUpdate

AddEventHandlerComponent: PlayMakerFixedUpdate

AddEventHandlerComponent: PlayMakerFixedUpdate

AddEventHandlerComponent: PlayMakerFixedUpdate

AddEventHandlerComponent: PlayMakerFixedUpdate

AddEventHandlerComponent: PlayMakerFixedUpdate

Deferring level start (marked as manual).

Object Pool attached to GlobalPool has run out of Geo Small prefabs, Instantiating an additional one.

Object Pool attached to GlobalPool has run out of Geo Small prefabs, Instantiating an additional one.

Object Pool attached to GlobalPool has run out of Geo Small prefabs, Instantiating an additional one.

Object Pool attached to GlobalPool has run out of Geo Small prefabs, Instantiating an additional one.

Object Pool attached to GlobalPool has run out of Geo Small prefabs, Instantiating an additional one.

Object Pool attached to GlobalPool has run out of Geo Small prefabs, Instantiating an additional one.

Object Pool attached to GlobalPool has run out of Geo Small prefabs, Instantiating an additional one.

Object Pool attached to GlobalPool has run out of Geo Small prefabs, Instantiating an additional one.

Object Pool attached to GlobalPool has run out of Geo Small prefabs, Instantiating an additional one.

Object Pool attached to GlobalPool has run out of Geo Small prefabs, Instantiating an additional one.

Object Pool attached to GlobalPool has run out of Geo Small prefabs, Instantiating an additional one.

Object Pool attached to GlobalPool has run out of Geo Small prefabs, Instantiating an additional one.

Object Pool attached to GlobalPool has run out of Geo Small prefabs, Instantiating an additional one.

Object Pool attached to GlobalPool has run out of Geo Small prefabs, Instantiating an additional one.

Object Pool attached to GlobalPool has run out of Geo Small prefabs, Instantiating an additional one.

Object Pool attached to GlobalPool has run out of Geo Small prefabs, Instantiating an additional one.

AddEventHandlerComponent: PlayMakerFixedUpdate

AddEventHandlerComponent: PlayMakerFixedUpdate

AddEventHandlerComponent: PlayMakerCollisionEnter2D

AddEventHandlerComponent: PlayMakerFixedUpdate

AddEventHandlerComponent: PlayMakerFixedUpdate

AddEventHandlerComponent: PlayMakerFixedUpdate

AddEventHandlerComponent: PlayMakerFixedUpdate

AddEventHandlerComponent: PlayMakerCollisionEnter2D

AddEventHandlerComponent: PlayMakerFixedUpdate

AddEventHandlerComponent: PlayMakerFixedUpdate

AddEventHandlerComponent: PlayMakerFixedUpdate

AddEventHandlerComponent: PlayMakerFixedUpdate

AddEventHandlerComponent: PlayMakerFixedUpdate

AddEventHandlerComponent: PlayMakerFixedUpdate

AddEventHandlerComponent: PlayMakerCollisionEnter2D

AddEventHandlerComponent: PlayMakerFixedUpdate

AddEventHandlerComponent: PlayMakerCollisionEnter2D

AddEventHandlerComponent: PlayMakerFixedUpdate

AddEventHandlerComponent: PlayMakerFixedUpdate

AddEventHandlerComponent: PlayMakerFixedUpdate

AddEventHandlerComponent: PlayMakerFixedUpdate

AddEventHandlerComponent: PlayMakerFixedUpdate

AddEventHandlerComponent: PlayMakerFixedUpdate

AddEventHandlerComponent: PlayMakerCollisionEnter2D

AddEventHandlerComponent: PlayMakerFixedUpdate

AddEventHandlerComponent: PlayMakerFixedUpdate

AddEventHandlerComponent: PlayMakerFixedUpdate

AddEventHandlerComponent: PlayMakerFixedUpdate

AddEventHandlerComponent: PlayMakerFixedUpdate

AddEventHandlerComponent: PlayMakerFixedUpdate

AddEventHandlerComponent: PlayMakerFixedUpdate

Deferring level start (marked as manual).

AddEventHandlerComponent: PlayMakerFixedUpdate

AddEventHandlerComponent: PlayMakerCollisionEnter2D

AddEventHandlerComponent: PlayMakerFixedUpdate

AddEventHandlerComponent: PlayMakerFixedUpdate

AddEventHandlerComponent: PlayMakerFixedUpdate

AddEventHandlerComponent: PlayMakerFixedUpdate

AddEventHandlerComponent: PlayMakerFixedUpdate

AddEventHandlerComponent: PlayMakerFixedUpdate

AddEventHandlerComponent: PlayMakerFixedUpdate

AddEventHandlerComponent: PlayMakerFixedUpdate

AddEventHandlerComponent: PlayMakerFixedUpdate

AddEventHandlerComponent: PlayMakerFixedUpdate

AddEventHandlerComponent: PlayMakerFixedUpdate

AddEventHandlerComponent: PlayMakerFixedUpdate

AddEventHandlerComponent: PlayMakerFixedUpdate

AddEventHandlerComponent: PlayMakerFixedUpdate

AddEventHandlerComponent: PlayMakerFixedUpdate

AddEventHandlerComponent: PlayMakerFixedUpdate

AddEventHandlerComponent: PlayMakerFixedUpdate

AddEventHandlerComponent: PlayMakerCollisionEnter2D

AddEventHandlerComponent: PlayMakerFixedUpdate

AddEventHandlerComponent: PlayMakerFixedUpdate

AddEventHandlerComponent: PlayMakerCollisionEnter2D

AddEventHandlerComponent: PlayMakerFixedUpdate

AddEventHandlerComponent: PlayMakerFixedUpdate

AddEventHandlerComponent: PlayMakerFixedUpdate

AddEventHandlerComponent: PlayMakerFixedUpdate

AddEventHandlerComponent: PlayMakerFixedUpdate

AddEventHandlerComponent: PlayMakerFixedUpdate

AddEventHandlerComponent: PlayMakerFixedUpdate

Deferring level start (marked as manual).

AddEventHandlerComponent: PlayMakerFixedUpdate

AddEventHandlerComponent: PlayMakerFixedUpdate

AddEventHandlerComponent: PlayMakerCollisionEnter2D

AddEventHandlerComponent: PlayMakerFixedUpdate

AddEventHandlerComponent: PlayMakerFixedUpdate

AddEventHandlerComponent: PlayMakerFixedUpdate

AddEventHandlerComponent: PlayMakerFixedUpdate

AddEventHandlerComponent: PlayMakerCollisionEnter2D

AddEventHandlerComponent: PlayMakerFixedUpdate

AddEventHandlerComponent: PlayMakerFixedUpdate

AddEventHandlerComponent: PlayMakerFixedUpdate

AddEventHandlerComponent: PlayMakerFixedUpdate

AddEventHandlerComponent: PlayMakerFixedUpdate

AddEventHandlerComponent: PlayMakerFixedUpdate

AddEventHandlerComponent: PlayMakerCollisionEnter2D

AddEventHandlerComponent: PlayMakerFixedUpdate

AddEventHandlerComponent: PlayMakerCollisionEnter2D

AddEventHandlerComponent: PlayMakerFixedUpdate

AddEventHandlerComponent: PlayMakerFixedUpdate

AddEventHandlerComponent: PlayMakerFixedUpdate

AddEventHandlerComponent: PlayMakerFixedUpdate

AddEventHandlerComponent: PlayMakerFixedUpdate

AddEventHandlerComponent: PlayMakerFixedUpdate

AddEventHandlerComponent: PlayMakerCollisionEnter2D

AddEventHandlerComponent: PlayMakerFixedUpdate

AddEventHandlerComponent: PlayMakerFixedUpdate

AddEventHandlerComponent: PlayMakerFixedUpdate

AddEventHandlerComponent: PlayMakerFixedUpdate

AddEventHandlerComponent: PlayMakerFixedUpdate

AddEventHandlerComponent: PlayMakerFixedUpdate

AddEventHandlerComponent: PlayMakerFixedUpdate

Deferring level start (marked as manual).

PlayOneShot was called with a null AudioClip.

AddEventHandlerComponent: PlayMakerFixedUpdate

AddEventHandlerComponent: PlayMakerFixedUpdate

AddEventHandlerComponent: PlayMakerFixedUpdate

AddEventHandlerComponent: PlayMakerFixedUpdate

AddEventHandlerComponent: PlayMakerFixedUpdate

AddEventHandlerComponent: PlayMakerFixedUpdate

AddEventHandlerComponent: PlayMakerFixedUpdate

AddEventHandlerComponent: PlayMakerFixedUpdate

AddEventHandlerComponent: PlayMakerFixedUpdate

AddEventHandlerComponent: PlayMakerFixedUpdate

AddEventHandlerComponent: PlayMakerFixedUpdate

AddEventHandlerComponent: PlayMakerFixedUpdate

AddEventHandlerComponent: PlayMakerFixedUpdate

AddEventHandlerComponent: PlayMakerFixedUpdate

AddEventHandlerComponent: PlayMakerFixedUpdate

AddEventHandlerComponent: PlayMakerFixedUpdate

AddEventHandlerComponent: PlayMakerFixedUpdate

Deferring level start (marked as manual).

PlayOneShot was called with a null AudioClip.

PlayOneShot was called with a null AudioClip.

PlayOneShot was called with a null AudioClip.

PlayOneShot was called with a null AudioClip.

PlayOneShot was called with a null AudioClip.

PlayOneShot was called with a null AudioClip.

PlayOneShot was called with a null AudioClip.

PlayOneShot was called with a null AudioClip.

PlayOneShot was called with a null AudioClip.

PlayOneShot was called with a null AudioClip.

PlayOneShot was called with a null AudioClip.

PlayOneShot was called with a null AudioClip.

PlayOneShot was called with a null AudioClip.

PlayOneShot was called with a null AudioClip.

PlayOneShot was called with a null AudioClip.

PlayOneShot was called with a null AudioClip.

PlayOneShot was called with a null AudioClip.

PlayOneShot was called with a null AudioClip.

PlayOneShot was called with a null AudioClip.

PlayOneShot was called with a null AudioClip.

PlayOneShot was called with a null AudioClip.

PlayOneShot was called with a null AudioClip.

PlayOneShot was called with a null AudioClip.

PlayOneShot was called with a null AudioClip.

PlayOneShot was called with a null AudioClip.

PlayOneShot was called with a null AudioClip.

PlayOneShot was called with a null AudioClip.

AddEventHandlerComponent: PlayMakerFixedUpdate

AddEventHandlerComponent: PlayMakerFixedUpdate

AddEventHandlerComponent: PlayMakerFixedUpdate

AddEventHandlerComponent: PlayMakerFixedUpdate

AddEventHandlerComponent: PlayMakerFixedUpdate

AddEventHandlerComponent: PlayMakerFixedUpdate

AddEventHandlerComponent: PlayMakerFixedUpdate

AddEventHandlerComponent: PlayMakerFixedUpdate

AddEventHandlerComponent: PlayMakerFixedUpdate

AddEventHandlerComponent: PlayMakerFixedUpdate

AddEventHandlerComponent: PlayMakerFixedUpdate

AddEventHandlerComponent: PlayMakerFixedUpdate

AddEventHandlerComponent: PlayMakerFixedUpdate

AddEventHandlerComponent: PlayMakerFixedUpdate

AddEventHandlerComponent: PlayMakerFixedUpdate

AddEventHandlerComponent: PlayMakerFixedUpdate

AddEventHandlerComponent: PlayMakerFixedUpdate

AddEventHandlerComponent: PlayMakerFixedUpdate

AddEventHandlerComponent: PlayMakerFixedUpdate

AddEventHandlerComponent: PlayMakerFixedUpdate

AddEventHandlerComponent: PlayMakerFixedUpdate

AddEventHandlerComponent: PlayMakerFixedUpdate

AddEventHandlerComponent: PlayMakerFixedUpdate

AddEventHandlerComponent: PlayMakerFixedUpdate

Deferring level start (marked as manual).

Object Pool attached to GlobalPool could not find a copy of Dripper White, Instantiating a new one.

PlayOneShot was called with a null AudioClip.

Bump Height: 0.0008106232

Bump Height: 0.0008106232

AddEventHandlerComponent: PlayMakerFixedUpdate

AddEventHandlerComponent: PlayMakerFixedUpdate

AddEventHandlerComponent: PlayMakerFixedUpdate

AddEventHandlerComponent: PlayMakerFixedUpdate

AddEventHandlerComponent: PlayMakerFixedUpdate

AddEventHandlerComponent: PlayMakerFixedUpdate

AddEventHandlerComponent: PlayMakerFixedUpdate

AddEventHandlerComponent: PlayMakerFixedUpdate

Deferring level start (marked as manual).

PlayOneShot was called with a null AudioClip.

AddEventHandlerComponent: PlayMakerFixedUpdate

AddEventHandlerComponent: PlayMakerFixedUpdate

AddEventHandlerComponent: PlayMakerFixedUpdate

AddEventHandlerComponent: PlayMakerFixedUpdate

AddEventHandlerComponent: PlayMakerFixedUpdate

AddEventHandlerComponent: PlayMakerFixedUpdate

AddEventHandlerComponent: PlayMakerFixedUpdate

AddEventHandlerComponent: PlayMakerFixedUpdate

AddEventHandlerComponent: PlayMakerFixedUpdate

AddEventHandlerComponent: PlayMakerFixedUpdate

AddEventHandlerComponent: PlayMakerFixedUpdate

AddEventHandlerComponent: PlayMakerFixedUpdate

AddEventHandlerComponent: PlayMakerFixedUpdate

AddEventHandlerComponent: PlayMakerFixedUpdate

AddEventHandlerComponent: PlayMakerFixedUpdate

AddEventHandlerComponent: PlayMakerFixedUpdate

AddEventHandlerComponent: PlayMakerFixedUpdate

AddEventHandlerComponent: PlayMakerFixedUpdate

AddEventHandlerComponent: PlayMakerFixedUpdate

AddEventHandlerComponent: PlayMakerFixedUpdate

AddEventHandlerComponent: PlayMakerFixedUpdate

AddEventHandlerComponent: PlayMakerFixedUpdate

AddEventHandlerComponent: PlayMakerFixedUpdate

AddEventHandlerComponent: PlayMakerFixedUpdate

Deferring level start (marked as manual).

PlayOneShot was called with a null AudioClip.

Bump Height: 0.0008106232

Bump Height: 0.0008106232

AddEventHandlerComponent: PlayMakerFixedUpdate

AddEventHandlerComponent: PlayMakerFixedUpdate

AddEventHandlerComponent: PlayMakerFixedUpdate

Deferring level start (marked as manual).

AddEventHandlerComponent: PlayMakerFixedUpdate

AddEventHandlerComponent: PlayMakerFixedUpdate

AddEventHandlerComponent: PlayMakerFixedUpdate

AddEventHandlerComponent: PlayMakerFixedUpdate

AddEventHandlerComponent: PlayMakerFixedUpdate

AddEventHandlerComponent: PlayMakerFixedUpdate

AddEventHandlerComponent: PlayMakerFixedUpdate

AddEventHandlerComponent: PlayMakerFixedUpdate

AddEventHandlerComponent: PlayMakerFixedUpdate

AddEventHandlerComponent: PlayMakerFixedUpdate

AddEventHandlerComponent: PlayMakerFixedUpdate

AddEventHandlerComponent: PlayMakerFixedUpdate

AddEventHandlerComponent: PlayMakerFixedUpdate

AddEventHandlerComponent: PlayMakerFixedUpdate

AddEventHandlerComponent: PlayMakerFixedUpdate

AddEventHandlerComponent: PlayMakerFixedUpdate

AddEventHandlerComponent: PlayMakerFixedUpdate

AddEventHandlerComponent: PlayMakerFixedUpdate

AddEventHandlerComponent: PlayMakerFixedUpdate

AddEventHandlerComponent: PlayMakerFixedUpdate

AddEventHandlerComponent: PlayMakerFixedUpdate

AddEventHandlerComponent: PlayMakerFixedUpdate

AddEventHandlerComponent: PlayMakerFixedUpdate

AddEventHandlerComponent: PlayMakerFixedUpdate

AddEventHandlerComponent: PlayMakerFixedUpdate

AddEventHandlerComponent: PlayMakerFixedUpdate

AddEventHandlerComponent: PlayMakerFixedUpdate

Deferring level start (marked as manual).

PlayOneShot was called with a null AudioClip.

PlayOneShot was called with a null AudioClip.

PlayOneShot was called with a null AudioClip.

PlayOneShot was called with a null AudioClip.

AddEventHandlerComponent: PlayMakerFixedUpdate

AddEventHandlerComponent: PlayMakerCollisionEnter2D

AddEventHandlerComponent: PlayMakerFixedUpdate

AddEventHandlerComponent: PlayMakerFixedUpdate

AddEventHandlerComponent: PlayMakerFixedUpdate

AddEventHandlerComponent: PlayMakerFixedUpdate

AddEventHandlerComponent: PlayMakerFixedUpdate

AddEventHandlerComponent: PlayMakerFixedUpdate

AddEventHandlerComponent: PlayMakerFixedUpdate

AddEventHandlerComponent: PlayMakerFixedUpdate

AddEventHandlerComponent: PlayMakerFixedUpdate

AddEventHandlerComponent: PlayMakerFixedUpdate

AddEventHandlerComponent: PlayMakerFixedUpdate

AddEventHandlerComponent: PlayMakerFixedUpdate

AddEventHandlerComponent: PlayMakerFixedUpdate

AddEventHandlerComponent: PlayMakerFixedUpdate

AddEventHandlerComponent: PlayMakerFixedUpdate

AddEventHandlerComponent: PlayMakerFixedUpdate

AddEventHandlerComponent: PlayMakerFixedUpdate

AddEventHandlerComponent: PlayMakerCollisionEnter2D

AddEventHandlerComponent: PlayMakerFixedUpdate

AddEventHandlerComponent: PlayMakerFixedUpdate

AddEventHandlerComponent: PlayMakerCollisionEnter2D

AddEventHandlerComponent: PlayMakerFixedUpdate

AddEventHandlerComponent: PlayMakerFixedUpdate

AddEventHandlerComponent: PlayMakerFixedUpdate

AddEventHandlerComponent: PlayMakerFixedUpdate

AddEventHandlerComponent: PlayMakerFixedUpdate

AddEventHandlerComponent: PlayMakerFixedUpdate

AddEventHandlerComponent: PlayMakerFixedUpdate

Deferring level start (marked as manual).

NullReferenceException
  at (wrapper managed-to-native) UnityEngine.GameObject.GetComponentsInternal(UnityEngine.GameObject,System.Type,bool,bool,bool,bool,object)
  at UnityEngine.GameObject.GetComponentsInChildren[T] (System.Boolean includeInactive) [0x00001] in <047294ce45cf4b9a9441e48d2b8435e4>:0 
  at ObjectPool.orig_CreatePool (UnityEngine.GameObject prefab, System.Int32 initialPoolSize) [0x00179] in <2b54cdaf7a934f0eb297d50c4090ea9f>:0 
  at ObjectPool.CreatePool (UnityEngine.GameObject prefab, System.Int32 initialPoolSize) [0x00000] in <2b54cdaf7a934f0eb297d50c4090ea9f>:0 
  at PersonalObjectPool.CreatePool (UnityEngine.GameObject prefab, System.Int32 initialPoolSize) [0x00000] in <2b54cdaf7a934f0eb297d50c4090ea9f>:0 
  at PersonalObjectPool.CreateStartupPools () [0x00025] in <2b54cdaf7a934f0eb297d50c4090ea9f>:0 
  at PersonalObjectPool.Start () [0x00000] in <2b54cdaf7a934f0eb297d50c4090ea9f>:0 

AddEventHandlerComponent: PlayMakerFixedUpdate

AddEventHandlerComponent: PlayMakerFixedUpdate

AddEventHandlerComponent: PlayMakerFixedUpdate

AddEventHandlerComponent: PlayMakerFixedUpdate

AddEventHandlerComponent: PlayMakerFixedUpdate

AddEventHandlerComponent: PlayMakerFixedUpdate

AddEventHandlerComponent: PlayMakerFixedUpdate

AddEventHandlerComponent: PlayMakerFixedUpdate

AddEventHandlerComponent: PlayMakerFixedUpdate

AddEventHandlerComponent: PlayMakerFixedUpdate

AddEventHandlerComponent: PlayMakerFixedUpdate

AddEventHandlerComponent: PlayMakerFixedUpdate

AddEventHandlerComponent: PlayMakerFixedUpdate

AddEventHandlerComponent: PlayMakerFixedUpdate

AddEventHandlerComponent: PlayMakerFixedUpdate

AddEventHandlerComponent: PlayMakerFixedUpdate

AddEventHandlerComponent: PlayMakerFixedUpdate

AddEventHandlerComponent: PlayMakerFixedUpdate

AddEventHandlerComponent: PlayMakerFixedUpdate

AddEventHandlerComponent: PlayMakerFixedUpdate

AddEventHandlerComponent: PlayMakerFixedUpdate

AddEventHandlerComponent: PlayMakerFixedUpdate

AddEventHandlerComponent: PlayMakerFixedUpdate

AddEventHandlerComponent: PlayMakerFixedUpdate

Deferring level start (marked as manual).

AddEventHandlerComponent: PlayMakerFixedUpdate

AddEventHandlerComponent: PlayMakerFixedUpdate

AddEventHandlerComponent: PlayMakerFixedUpdate

Deferring level start (marked as manual).

AddEventHandlerComponent: PlayMakerFixedUpdate

AddEventHandlerComponent: PlayMakerFixedUpdate

AddEventHandlerComponent: PlayMakerFixedUpdate

AddEventHandlerComponent: PlayMakerFixedUpdate

AddEventHandlerComponent: PlayMakerFixedUpdate

AddEventHandlerComponent: PlayMakerFixedUpdate

AddEventHandlerComponent: PlayMakerFixedUpdate

AddEventHandlerComponent: PlayMakerFixedUpdate

AddEventHandlerComponent: PlayMakerFixedUpdate

AddEventHandlerComponent: PlayMakerFixedUpdate

AddEventHandlerComponent: PlayMakerFixedUpdate

AddEventHandlerComponent: PlayMakerFixedUpdate

AddEventHandlerComponent: PlayMakerFixedUpdate

AddEventHandlerComponent: PlayMakerFixedUpdate

AddEventHandlerComponent: PlayMakerFixedUpdate

Deferring level start (marked as manual).

Could not find FSM: health_manager_enemy

Could not find FSM: health_manager_enemy

AddEventHandlerComponent: PlayMakerFixedUpdate

AddEventHandlerComponent: PlayMakerFixedUpdate

AddEventHandlerComponent: PlayMakerFixedUpdate

AddEventHandlerComponent: PlayMakerFixedUpdate

AddEventHandlerComponent: PlayMakerCollisionEnter2D

AddEventHandlerComponent: PlayMakerFixedUpdate

AddEventHandlerComponent: PlayMakerCollisionEnter2D

AddEventHandlerComponent: PlayMakerFixedUpdate

AddEventHandlerComponent: PlayMakerFixedUpdate

AddEventHandlerComponent: PlayMakerFixedUpdate

PlayOneShot was called with a null AudioClip.

PlayOneShot was called with a null AudioClip.

PlayOneShot was called with a null AudioClip.

PlayOneShot was called with a null AudioClip.

PlayOneShot was called with a null AudioClip.

PlayOneShot was called with a null AudioClip.

AddEventHandlerComponent: PlayMakerFixedUpdate

AddEventHandlerComponent: PlayMakerFixedUpdate

AddEventHandlerComponent: PlayMakerFixedUpdate

Deferring level start (marked as manual).

AddEventHandlerComponent: PlayMakerFixedUpdate

AddEventHandlerComponent: PlayMakerFixedUpdate

AddEventHandlerComponent: PlayMakerFixedUpdate

PlayOneShot was called with a null AudioClip.

Could not find FSM: damages_enemy

PlayOneShot was called with a null AudioClip.

PlayOneShot was called with a null AudioClip.

Could not find FSM: damages_enemy

Could not find FSM: damages_enemy

AddEventHandlerComponent: PlayMakerFixedUpdate

AddEventHandlerComponent: PlayMakerFixedUpdate

AddEventHandlerComponent: PlayMakerFixedUpdate

AddEventHandlerComponent: PlayMakerFixedUpdate

AddEventHandlerComponent: PlayMakerFixedUpdate

AddEventHandlerComponent: PlayMakerFixedUpdate

AddEventHandlerComponent: PlayMakerFixedUpdate

AddEventHandlerComponent: PlayMakerFixedUpdate

AddEventHandlerComponent: PlayMakerFixedUpdate

AddEventHandlerComponent: PlayMakerFixedUpdate

AddEventHandlerComponent: PlayMakerFixedUpdate

AddEventHandlerComponent: PlayMakerFixedUpdate

Deferring level start (marked as manual).

Could not find FSM: health_manager_enemy

Could not find FSM: health_manager_enemy

AddEventHandlerComponent: PlayMakerFixedUpdate

AddEventHandlerComponent: PlayMakerFixedUpdate

AddEventHandlerComponent: PlayMakerFixedUpdate

AddEventHandlerComponent: PlayMakerFixedUpdate

AddEventHandlerComponent: PlayMakerCollisionEnter2D

AddEventHandlerComponent: PlayMakerFixedUpdate

AddEventHandlerComponent: PlayMakerCollisionEnter2D

AddEventHandlerComponent: PlayMakerFixedUpdate

AddEventHandlerComponent: PlayMakerFixedUpdate

AddEventHandlerComponent: PlayMakerFixedUpdate

AddEventHandlerComponent: PlayMakerFixedUpdate

Deferring level start (marked as manual).

AddEventHandlerComponent: PlayMakerFixedUpdate

AddEventHandlerComponent: PlayMakerFixedUpdate

AddEventHandlerComponent: PlayMakerFixedUpdate

AddEventHandlerComponent: PlayMakerFixedUpdate

AddEventHandlerComponent: PlayMakerFixedUpdate

AddEventHandlerComponent: PlayMakerFixedUpdate

AddEventHandlerComponent: PlayMakerFixedUpdate

AddEventHandlerComponent: PlayMakerFixedUpdate

AddEventHandlerComponent: PlayMakerFixedUpdate

AddEventHandlerComponent: PlayMakerFixedUpdate

AddEventHandlerComponent: PlayMakerFixedUpdate

Deferring level start (marked as manual).

AddEventHandlerComponent: PlayMakerFixedUpdate

AddEventHandlerComponent: PlayMakerFixedUpdate

AddEventHandlerComponent: PlayMakerFixedUpdate

AddEventHandlerComponent: PlayMakerFixedUpdate

AddEventHandlerComponent: PlayMakerFixedUpdate

Deferring level start (marked as manual).

Could not find FSM: health_manager_enemy

AddEventHandlerComponent: PlayMakerCollisionEnter2D

AddEventHandlerComponent: PlayMakerFixedUpdate

AddEventHandlerComponent: PlayMakerFixedUpdate

AddEventHandlerComponent: PlayMakerFixedUpdate

AddEventHandlerComponent: PlayMakerFixedUpdate

AddEventHandlerComponent: PlayMakerFixedUpdate

AddEventHandlerComponent: PlayMakerFixedUpdate

AddEventHandlerComponent: PlayMakerFixedUpdate

Deferring level start (marked as manual).

PlayOneShot was called with a null AudioClip.

AddEventHandlerComponent: PlayMakerFixedUpdate

AddEventHandlerComponent: PlayMakerFixedUpdate

AddEventHandlerComponent: PlayMakerFixedUpdate

AddEventHandlerComponent: PlayMakerFixedUpdate

AddEventHandlerComponent: PlayMakerFixedUpdate

AddEventHandlerComponent: PlayMakerFixedUpdate

AddEventHandlerComponent: PlayMakerFixedUpdate

AddEventHandlerComponent: PlayMakerFixedUpdate

AddEventHandlerComponent: PlayMakerFixedUpdate

AddEventHandlerComponent: PlayMakerFixedUpdate

AddEventHandlerComponent: PlayMakerFixedUpdate

Deferring level start (marked as manual).

Unloading 106 Unused Serialized files (Serialized files now loaded: 0)
PlayOneShot was called with a null AudioClip.

PlayOneShot was called with a null AudioClip.


Unloading 5386 unused Assets to reduce memory usage. Loaded Objects now: 99220.
Total: 253.545300 ms (FindLiveObjects: 4.644100 ms CreateObjectMapping: 1.965800 ms MarkObjects: 237.518400 ms  DeleteObjects: 9.416500 ms)

AddEventHandlerComponent: PlayMakerFixedUpdate

Additively loaded scene: Fungus3_40_boss in sequence

PlayOneShot was called with a null AudioClip.

AddEventHandlerComponent: PlayMakerFixedUpdate

Object Pool attached to GlobalPool has run out of Audio Player Actor 2D prefabs, Instantiating an additional one.

PlayOneShot was called with a null AudioClip.

AddEventHandlerComponent: PlayMakerFixedUpdate

AddEventHandlerComponent: PlayMakerFixedUpdate

AddEventHandlerComponent: PlayMakerFixedUpdate

AddEventHandlerComponent: PlayMakerFixedUpdate

AddEventHandlerComponent: PlayMakerFixedUpdate

AddEventHandlerComponent: PlayMakerFixedUpdate

AddEventHandlerComponent: PlayMakerFixedUpdate

AddEventHandlerComponent: PlayMakerFixedUpdate

AddEventHandlerComponent: PlayMakerFixedUpdate

AddEventHandlerComponent: PlayMakerFixedUpdate

AddEventHandlerComponent: PlayMakerFixedUpdate

Deferring level start (marked as manual).

Deferring level start (marked as manual).

Unloading 38 Unused Serialized files (Serialized files now loaded: 0)
PlayOneShot was called with a null AudioClip.

PlayOneShot was called with a null AudioClip.


Unloading 275 unused Assets to reduce memory usage. Loaded Objects now: 99273.
Total: 236.655700 ms (FindLiveObjects: 4.045500 ms CreateObjectMapping: 1.202500 ms MarkObjects: 230.695500 ms  DeleteObjects: 0.711800 ms)

AddEventHandlerComponent: PlayMakerFixedUpdate

AddEventHandlerComponent: PlayMakerFixedUpdate

AddEventHandlerComponent: PlayMakerFixedUpdate

AddEventHandlerComponent: PlayMakerFixedUpdate

AddEventHandlerComponent: PlayMakerFixedUpdate

AddEventHandlerComponent: PlayMakerFixedUpdate

Deferring level start (marked as manual).

PlayOneShot was called with a null AudioClip.

PlayOneShot was called with a null AudioClip.

PlayOneShot was called with a null AudioClip.

PlayOneShot was called with a null AudioClip.

PlayOneShot was called with a null AudioClip.

PlayOneShot was called with a null AudioClip.

AddEventHandlerComponent: PlayMakerFixedUpdate

AddEventHandlerComponent: PlayMakerFixedUpdate

AddEventHandlerComponent: PlayMakerFixedUpdate

AddEventHandlerComponent: PlayMakerFixedUpdate

AddEventHandlerComponent: PlayMakerFixedUpdate

AddEventHandlerComponent: PlayMakerFixedUpdate

AddEventHandlerComponent: PlayMakerFixedUpdate

AddEventHandlerComponent: PlayMakerFixedUpdate

AddEventHandlerComponent: PlayMakerFixedUpdate

AddEventHandlerComponent: PlayMakerFixedUpdate

AddEventHandlerComponent: PlayMakerFixedUpdate

AddEventHandlerComponent: PlayMakerFixedUpdate

AddEventHandlerComponent: PlayMakerFixedUpdate

AddEventHandlerComponent: PlayMakerFixedUpdate

AddEventHandlerComponent: PlayMakerFixedUpdate

AddEventHandlerComponent: PlayMakerFixedUpdate

Deferring level start (marked as manual).

PlayOneShot was called with a null AudioClip.

PlayOneShot was called with a null AudioClip.

PlayOneShot was called with a null AudioClip.

PlayOneShot was called with a null AudioClip.

AddEventHandlerComponent: PlayMakerFixedUpdate

Object Pool attached to GlobalPool could not find a copy of Plat Grass, Instantiating a new one.

AddEventHandlerComponent: PlayMakerFixedUpdate

AddEventHandlerComponent: PlayMakerFixedUpdate

AddEventHandlerComponent: PlayMakerFixedUpdate

AddEventHandlerComponent: PlayMakerFixedUpdate

AddEventHandlerComponent: PlayMakerFixedUpdate

AddEventHandlerComponent: PlayMakerFixedUpdate

AddEventHandlerComponent: PlayMakerFixedUpdate

AddEventHandlerComponent: PlayMakerFixedUpdate

AddEventHandlerComponent: PlayMakerFixedUpdate

AddEventHandlerComponent: PlayMakerFixedUpdate

AddEventHandlerComponent: PlayMakerFixedUpdate

AddEventHandlerComponent: PlayMakerFixedUpdate

Deferring level start (marked as manual).

PlayOneShot was called with a null AudioClip.

PlayOneShot was called with a null AudioClip.

PlayOneShot was called with a null AudioClip.

PlayOneShot was called with a null AudioClip.

AddEventHandlerComponent: PlayMakerFixedUpdate

AddEventHandlerComponent: PlayMakerFixedUpdate

AddEventHandlerComponent: PlayMakerFixedUpdate

AddEventHandlerComponent: PlayMakerFixedUpdate

AddEventHandlerComponent: PlayMakerFixedUpdate

AddEventHandlerComponent: PlayMakerFixedUpdate

AddEventHandlerComponent: PlayMakerFixedUpdate

Deferring level start (marked as manual).

PlayOneShot was called with a null AudioClip.

PlayOneShot was called with a null AudioClip.

AddEventHandlerComponent: PlayMakerFixedUpdate

AddEventHandlerComponent: PlayMakerFixedUpdate

AddEventHandlerComponent: PlayMakerFixedUpdate

AddEventHandlerComponent: PlayMakerFixedUpdate

AddEventHandlerComponent: PlayMakerFixedUpdate

AddEventHandlerComponent: PlayMakerFixedUpdate

AddEventHandlerComponent: PlayMakerFixedUpdate

AddEventHandlerComponent: PlayMakerFixedUpdate

AddEventHandlerComponent: PlayMakerFixedUpdate

AddEventHandlerComponent: PlayMakerFixedUpdate

Deferring level start (marked as manual).

PlayOneShot was called with a null AudioClip.

AddEventHandlerComponent: PlayMakerFixedUpdate

AddEventHandlerComponent: PlayMakerFixedUpdate

AddEventHandlerComponent: PlayMakerFixedUpdate

AddEventHandlerComponent: PlayMakerFixedUpdate

AddEventHandlerComponent: PlayMakerFixedUpdate

AddEventHandlerComponent: PlayMakerFixedUpdate

AddEventHandlerComponent: PlayMakerFixedUpdate

Deferring level start (marked as manual).

PlayOneShot was called with a null AudioClip.

PlayOneShot was called with a null AudioClip.

Object Pool attached to GlobalPool has run out of Plat Grass prefabs, Instantiating an additional one.

AddEventHandlerComponent: PlayMakerFixedUpdate

AddEventHandlerComponent: PlayMakerFixedUpdate

AddEventHandlerComponent: PlayMakerFixedUpdate

AddEventHandlerComponent: PlayMakerFixedUpdate

AddEventHandlerComponent: PlayMakerFixedUpdate

AddEventHandlerComponent: PlayMakerFixedUpdate

AddEventHandlerComponent: PlayMakerFixedUpdate

AddEventHandlerComponent: PlayMakerFixedUpdate

AddEventHandlerComponent: PlayMakerFixedUpdate

AddEventHandlerComponent: PlayMakerFixedUpdate

AddEventHandlerComponent: PlayMakerFixedUpdate

AddEventHandlerComponent: PlayMakerFixedUpdate

AddEventHandlerComponent: PlayMakerFixedUpdate

AddEventHandlerComponent: PlayMakerFixedUpdate

Object Pool attached to GlobalPool has run out of Nail Terrain Hit Effect prefabs, Instantiating an additional one.

AddEventHandlerComponent: PlayMakerFixedUpdate

AddEventHandlerComponent: PlayMakerFixedUpdate

AddEventHandlerComponent: PlayMakerFixedUpdate

AddEventHandlerComponent: PlayMakerFixedUpdate

AddEventHandlerComponent: PlayMakerFixedUpdate

AddEventHandlerComponent: PlayMakerFixedUpdate

AddEventHandlerComponent: PlayMakerFixedUpdate

AddEventHandlerComponent: PlayMakerFixedUpdate

AddEventHandlerComponent: PlayMakerFixedUpdate

AddEventHandlerComponent: PlayMakerFixedUpdate

AddEventHandlerComponent: PlayMakerFixedUpdate

AddEventHandlerComponent: PlayMakerFixedUpdate

AddEventHandlerComponent: PlayMakerFixedUpdate

AddEventHandlerComponent: PlayMakerFixedUpdate

AddEventHandlerComponent: PlayMakerFixedUpdate

AddEventHandlerComponent: PlayMakerFixedUpdate

AddEventHandlerComponent: PlayMakerFixedUpdate

AddEventHandlerComponent: PlayMakerFixedUpdate

AddEventHandlerComponent: PlayMakerFixedUpdate

AddEventHandlerComponent: PlayMakerFixedUpdate

AddEventHandlerComponent: PlayMakerFixedUpdate

AddEventHandlerComponent: PlayMakerFixedUpdate

AddEventHandlerComponent: PlayMakerFixedUpdate

AddEventHandlerComponent: PlayMakerFixedUpdate

AddEventHandlerComponent: PlayMakerFixedUpdate

AddEventHandlerComponent: PlayMakerFixedUpdate

Deferring level start (marked as manual).

PlayOneShot was called with a null AudioClip.

Object Pool attached to GlobalPool has run out of Plat Dust prefabs, Instantiating an additional one.

Object Pool attached to GlobalPool has run out of Plat Stream Dust prefabs, Instantiating an additional one.

PlayOneShot was called with a null AudioClip.

PlayOneShot was called with a null AudioClip.

AddEventHandlerComponent: PlayMakerFixedUpdate

Deferring level start (marked as manual).

AddEventHandlerComponent: PlayMakerFixedUpdate

AddEventHandlerComponent: PlayMakerFixedUpdate

AddEventHandlerComponent: PlayMakerFixedUpdate

AddEventHandlerComponent: PlayMakerFixedUpdate

AddEventHandlerComponent: PlayMakerFixedUpdate

AddEventHandlerComponent: PlayMakerFixedUpdate

AddEventHandlerComponent: PlayMakerFixedUpdate

AddEventHandlerComponent: PlayMakerFixedUpdate

AddEventHandlerComponent: PlayMakerFixedUpdate

AddEventHandlerComponent: PlayMakerFixedUpdate

AddEventHandlerComponent: PlayMakerFixedUpdate

AddEventHandlerComponent: PlayMakerFixedUpdate

AddEventHandlerComponent: PlayMakerFixedUpdate

AddEventHandlerComponent: PlayMakerFixedUpdate

AddEventHandlerComponent: PlayMakerFixedUpdate

AddEventHandlerComponent: PlayMakerFixedUpdate

AddEventHandlerComponent: PlayMakerFixedUpdate

AddEventHandlerComponent: PlayMakerFixedUpdate

AddEventHandlerComponent: PlayMakerFixedUpdate

AddEventHandlerComponent: PlayMakerFixedUpdate

AddEventHandlerComponent: PlayMakerFixedUpdate

AddEventHandlerComponent: PlayMakerFixedUpdate

AddEventHandlerComponent: PlayMakerFixedUpdate

AddEventHandlerComponent: PlayMakerFixedUpdate

AddEventHandlerComponent: PlayMakerFixedUpdate

AddEventHandlerComponent: PlayMakerFixedUpdate

Deferring level start (marked as manual).

AddEventHandlerComponent: PlayMakerFixedUpdate

PlayOneShot was called with a null AudioClip.

PlayOneShot was called with a null AudioClip.

PlayOneShot was called with a null AudioClip.

PlayOneShot was called with a null AudioClip.

PlayOneShot was called with a null AudioClip.

AddEventHandlerComponent: PlayMakerFixedUpdate

AddEventHandlerComponent: PlayMakerFixedUpdate

AddEventHandlerComponent: PlayMakerFixedUpdate

AddEventHandlerComponent: PlayMakerFixedUpdate

AddEventHandlerComponent: PlayMakerFixedUpdate

AddEventHandlerComponent: PlayMakerFixedUpdate

AddEventHandlerComponent: PlayMakerFixedUpdate

AddEventHandlerComponent: PlayMakerFixedUpdate

AddEventHandlerComponent: PlayMakerFixedUpdate

AddEventHandlerComponent: PlayMakerFixedUpdate

AddEventHandlerComponent: PlayMakerFixedUpdate

AddEventHandlerComponent: PlayMakerFixedUpdate

AddEventHandlerComponent: PlayMakerFixedUpdate

AddEventHandlerComponent: PlayMakerFixedUpdate

AddEventHandlerComponent: PlayMakerFixedUpdate

AddEventHandlerComponent: PlayMakerFixedUpdate

AddEventHandlerComponent: PlayMakerFixedUpdate

AddEventHandlerComponent: PlayMakerFixedUpdate

AddEventHandlerComponent: PlayMakerFixedUpdate

AddEventHandlerComponent: PlayMakerFixedUpdate

AddEventHandlerComponent: PlayMakerFixedUpdate

AddEventHandlerComponent: PlayMakerFixedUpdate

AddEventHandlerComponent: PlayMakerFixedUpdate

AddEventHandlerComponent: PlayMakerFixedUpdate

AddEventHandlerComponent: PlayMakerFixedUpdate

AddEventHandlerComponent: PlayMakerFixedUpdate

AddEventHandlerComponent: PlayMakerFixedUpdate

AddEventHandlerComponent: PlayMakerFixedUpdate

AddEventHandlerComponent: PlayMakerFixedUpdate

AddEventHandlerComponent: PlayMakerFixedUpdate

AddEventHandlerComponent: PlayMakerFixedUpdate

AddEventHandlerComponent: PlayMakerFixedUpdate

AddEventHandlerComponent: PlayMakerFixedUpdate

Deferring level start (marked as manual).

AddEventHandlerComponent: PlayMakerFixedUpdate

AddEventHandlerComponent: PlayMakerFixedUpdate

PlayOneShot was called with a null AudioClip.

AddEventHandlerComponent: PlayMakerFixedUpdate

AddEventHandlerComponent: PlayMakerFixedUpdate

AddEventHandlerComponent: PlayMakerFixedUpdate

PlayOneShot was called with a null AudioClip.

PlayOneShot was called with a null AudioClip.

Object Pool attached to GlobalPool could not find a copy of Relic Get Msg, Instantiating a new one.

PlayOneShot was called with a null AudioClip.

PlayOneShot was called with a null AudioClip.

Object Pool attached to GlobalPool has run out of Plat Rocks prefabs, Instantiating an additional one.

AddEventHandlerComponent: PlayMakerFixedUpdate

AddEventHandlerComponent: PlayMakerFixedUpdate

AddEventHandlerComponent: PlayMakerFixedUpdate

AddEventHandlerComponent: PlayMakerFixedUpdate

AddEventHandlerComponent: PlayMakerFixedUpdate

AddEventHandlerComponent: PlayMakerFixedUpdate

AddEventHandlerComponent: PlayMakerFixedUpdate

AddEventHandlerComponent: PlayMakerFixedUpdate

AddEventHandlerComponent: PlayMakerFixedUpdate

AddEventHandlerComponent: PlayMakerFixedUpdate

AddEventHandlerComponent: PlayMakerFixedUpdate

AddEventHandlerComponent: PlayMakerFixedUpdate

AddEventHandlerComponent: PlayMakerFixedUpdate

AddEventHandlerComponent: PlayMakerFixedUpdate

AddEventHandlerComponent: PlayMakerFixedUpdate

AddEventHandlerComponent: PlayMakerFixedUpdate

AddEventHandlerComponent: PlayMakerFixedUpdate

AddEventHandlerComponent: PlayMakerFixedUpdate

AddEventHandlerComponent: PlayMakerFixedUpdate

AddEventHandlerComponent: PlayMakerFixedUpdate

AddEventHandlerComponent: PlayMakerFixedUpdate

AddEventHandlerComponent: PlayMakerFixedUpdate

AddEventHandlerComponent: PlayMakerFixedUpdate

AddEventHandlerComponent: PlayMakerFixedUpdate

AddEventHandlerComponent: PlayMakerFixedUpdate

AddEventHandlerComponent: PlayMakerFixedUpdate

Deferring level start (marked as manual).

PlayOneShot was called with a null AudioClip.

PlayOneShot was called with a null AudioClip.

PlayOneShot was called with a null AudioClip.

PlayOneShot was called with a null AudioClip.

PlayOneShot was called with a null AudioClip.

PlayOneShot was called with a null AudioClip.

AddEventHandlerComponent: PlayMakerFixedUpdate

Deferring level start (marked as manual).

PlayOneShot was called with a null AudioClip.

PlayOneShot was called with a null AudioClip.

PlayOneShot was called with a null AudioClip.

PlayOneShot was called with a null AudioClip.

PlayOneShot was called with a null AudioClip.

PlayOneShot was called with a null AudioClip.

PlayOneShot was called with a null AudioClip.

PlayOneShot was called with a null AudioClip.

AddEventHandlerComponent: PlayMakerFixedUpdate

AddEventHandlerComponent: PlayMakerFixedUpdate

AddEventHandlerComponent: PlayMakerFixedUpdate

AddEventHandlerComponent: PlayMakerFixedUpdate

AddEventHandlerComponent: PlayMakerFixedUpdate

AddEventHandlerComponent: PlayMakerFixedUpdate

AddEventHandlerComponent: PlayMakerFixedUpdate

AddEventHandlerComponent: PlayMakerFixedUpdate

AddEventHandlerComponent: PlayMakerFixedUpdate

AddEventHandlerComponent: PlayMakerFixedUpdate

AddEventHandlerComponent: PlayMakerFixedUpdate

AddEventHandlerComponent: PlayMakerFixedUpdate

AddEventHandlerComponent: PlayMakerFixedUpdate

AddEventHandlerComponent: PlayMakerFixedUpdate

AddEventHandlerComponent: PlayMakerFixedUpdate

AddEventHandlerComponent: PlayMakerFixedUpdate

AddEventHandlerComponent: PlayMakerFixedUpdate

AddEventHandlerComponent: PlayMakerFixedUpdate

AddEventHandlerComponent: PlayMakerFixedUpdate

AddEventHandlerComponent: PlayMakerFixedUpdate

AddEventHandlerComponent: PlayMakerFixedUpdate

AddEventHandlerComponent: PlayMakerFixedUpdate

AddEventHandlerComponent: PlayMakerFixedUpdate

AddEventHandlerComponent: PlayMakerFixedUpdate

AddEventHandlerComponent: PlayMakerFixedUpdate

AddEventHandlerComponent: PlayMakerFixedUpdate

Deferring level start (marked as manual).

AddEventHandlerComponent: PlayMakerFixedUpdate

PlayOneShot was called with a null AudioClip.

AddEventHandlerComponent: PlayMakerFixedUpdate

AddEventHandlerComponent: PlayMakerFixedUpdate

AddEventHandlerComponent: PlayMakerFixedUpdate

AddEventHandlerComponent: PlayMakerFixedUpdate

AddEventHandlerComponent: PlayMakerFixedUpdate

AddEventHandlerComponent: PlayMakerFixedUpdate

AddEventHandlerComponent: PlayMakerFixedUpdate

Deferring level start (marked as manual).

PlayOneShot was called with a null AudioClip.

PlayOneShot was called with a null AudioClip.

AddEventHandlerComponent: PlayMakerFixedUpdate

AddEventHandlerComponent: PlayMakerFixedUpdate

AddEventHandlerComponent: PlayMakerFixedUpdate

AddEventHandlerComponent: PlayMakerFixedUpdate

AddEventHandlerComponent: PlayMakerFixedUpdate

AddEventHandlerComponent: PlayMakerFixedUpdate

AddEventHandlerComponent: PlayMakerFixedUpdate

AddEventHandlerComponent: PlayMakerFixedUpdate

AddEventHandlerComponent: PlayMakerFixedUpdate

Deferring level start (marked as manual).

Unloading 70 Unused Serialized files (Serialized files now loaded: 0)

Unloading 1797 unused Assets to reduce memory usage. Loaded Objects now: 95042.
Total: 228.858500 ms (FindLiveObjects: 4.083700 ms CreateObjectMapping: 1.167600 ms MarkObjects: 220.462100 ms  DeleteObjects: 3.144600 ms)

PlayOneShot was called with a null AudioClip.

AddEventHandlerComponent: PlayMakerFixedUpdate

AddEventHandlerComponent: PlayMakerFixedUpdate

AddEventHandlerComponent: PlayMakerFixedUpdate

AddEventHandlerComponent: PlayMakerFixedUpdate

AddEventHandlerComponent: PlayMakerFixedUpdate

AddEventHandlerComponent: PlayMakerFixedUpdate

AddEventHandlerComponent: PlayMakerFixedUpdate

AddEventHandlerComponent: PlayMakerFixedUpdate

AddEventHandlerComponent: PlayMakerFixedUpdate

AddEventHandlerComponent: PlayMakerFixedUpdate

AddEventHandlerComponent: PlayMakerFixedUpdate

Deferring level start (marked as manual).

Unloading 36 Unused Serialized files (Serialized files now loaded: 0)
PlayOneShot was called with a null AudioClip.

PlayOneShot was called with a null AudioClip.


Unloading 599 unused Assets to reduce memory usage. Loaded Objects now: 99666.
Total: 234.814700 ms (FindLiveObjects: 3.940200 ms CreateObjectMapping: 1.250400 ms MarkObjects: 228.404600 ms  DeleteObjects: 1.219000 ms)

AddEventHandlerComponent: PlayMakerFixedUpdate

AddEventHandlerComponent: PlayMakerFixedUpdate

AddEventHandlerComponent: PlayMakerFixedUpdate

AddEventHandlerComponent: PlayMakerFixedUpdate

AddEventHandlerComponent: PlayMakerFixedUpdate

AddEventHandlerComponent: PlayMakerFixedUpdate

Deferring level start (marked as manual).

PlayOneShot was called with a null AudioClip.

PlayOneShot was called with a null AudioClip.

PlayOneShot was called with a null AudioClip.

PlayOneShot was called with a null AudioClip.

PlayOneShot was called with a null AudioClip.

PlayOneShot was called with a null AudioClip.

AddEventHandlerComponent: PlayMakerFixedUpdate

Deferring level start (marked as manual).

AddEventHandlerComponent: PlayMakerFixedUpdate

AddEventHandlerComponent: PlayMakerFixedUpdate

AddEventHandlerComponent: PlayMakerFixedUpdate

AddEventHandlerComponent: PlayMakerFixedUpdate

AddEventHandlerComponent: PlayMakerFixedUpdate

AddEventHandlerComponent: PlayMakerFixedUpdate

Deferring level start (marked as manual).

PlayOneShot was called with a null AudioClip.

PlayOneShot was called with a null AudioClip.

PlayOneShot was called with a null AudioClip.

PlayOneShot was called with a null AudioClip.

PlayOneShot was called with a null AudioClip.

PlayOneShot was called with a null AudioClip.

AddEventHandlerComponent: PlayMakerFixedUpdate

AddEventHandlerComponent: PlayMakerFixedUpdate

AddEventHandlerComponent: PlayMakerFixedUpdate

AddEventHandlerComponent: PlayMakerFixedUpdate

AddEventHandlerComponent: PlayMakerFixedUpdate

AddEventHandlerComponent: PlayMakerFixedUpdate

Deferring level start (marked as manual).

PlayOneShot was called with a null AudioClip.

PlayOneShot was called with a null AudioClip.

Deferring level start (marked as manual).

Object Pool attached to GlobalPool has run out of White Flash R prefabs, Instantiating an additional one.

AddEventHandlerComponent: PlayMakerFixedUpdate

AddEventHandlerComponent: PlayMakerFixedUpdate

AddEventHandlerComponent: PlayMakerFixedUpdate

AddEventHandlerComponent: PlayMakerFixedUpdate

AddEventHandlerComponent: PlayMakerFixedUpdate

AddEventHandlerComponent: PlayMakerFixedUpdate

AddEventHandlerComponent: PlayMakerFixedUpdate

AddEventHandlerComponent: PlayMakerFixedUpdate

AddEventHandlerComponent: PlayMakerFixedUpdate

AddEventHandlerComponent: PlayMakerFixedUpdate

AddEventHandlerComponent: PlayMakerFixedUpdate

AddEventHandlerComponent: PlayMakerFixedUpdate

AddEventHandlerComponent: PlayMakerFixedUpdate

AddEventHandlerComponent: PlayMakerFixedUpdate

AddEventHandlerComponent: PlayMakerFixedUpdate

AddEventHandlerComponent: PlayMakerFixedUpdate

AddEventHandlerComponent: PlayMakerFixedUpdate

AddEventHandlerComponent: PlayMakerFixedUpdate

AddEventHandlerComponent: PlayMakerFixedUpdate

AddEventHandlerComponent: PlayMakerFixedUpdate

AddEventHandlerComponent: PlayMakerFixedUpdate

AddEventHandlerComponent: PlayMakerFixedUpdate

AddEventHandlerComponent: PlayMakerFixedUpdate

AddEventHandlerComponent: PlayMakerFixedUpdate

AddEventHandlerComponent: PlayMakerFixedUpdate

Deferring level start (marked as manual).

PlayOneShot was called with a null AudioClip.

PlayOneShot was called with a null AudioClip.

PlayOneShot was called with a null AudioClip.

PlayOneShot was called with a null AudioClip.

AddEventHandlerComponent: PlayMakerFixedUpdate

Deferring level start (marked as manual).

Additively loaded scene: Fungus3_23_boss in sequence

AddEventHandlerComponent: PlayMakerFixedUpdate

AddEventHandlerComponent: PlayMakerFixedUpdate

AddEventHandlerComponent: PlayMakerFixedUpdate

AddEventHandlerComponent: PlayMakerFixedUpdate

AddEventHandlerComponent: PlayMakerFixedUpdate

NullReferenceException: Object reference not set to an instance of an object
  at HutongGames.PlayMaker.Actions.FaceObject.DoFace () [0x00061] in <2b54cdaf7a934f0eb297d50c4090ea9f>:0 
  at HutongGames.PlayMaker.Actions.FaceObject.OnEnter () [0x00069] in <2b54cdaf7a934f0eb297d50c4090ea9f>:0 
  at HutongGames.PlayMaker.FsmState.ActivateActions (System.Int32 startIndex) [0x0004b] in <29eb59fa5c9943cd8f336db074533d31>:0 
  at (wrapper dynamic-method) HutongGames.PlayMaker.FsmState.DMD<HutongGames.PlayMaker.FsmState::OnEnter>(HutongGames.PlayMaker.FsmState)
  at (wrapper dynamic-method) MonoMod.Utils.DynamicMethodDefinition.Trampoline<HutongGames.PlayMaker.FsmState::OnEnter>?217345024(HutongGames.PlayMaker.FsmState)
  at MapChanger.Map.BehaviourChanges.SetQuickMapZone (On.HutongGames.PlayMaker.FsmState+orig_OnEnter orig, HutongGames.PlayMaker.FsmState self) [0x00085] in /Users/Shared/Projects/MapChanger/MapChanger/Map/BehaviourChanges.cs:227 
  at (wrapper dynamic-method) MonoMod.Utils.DynamicMethodDefinition.Hook<HutongGames.PlayMaker.FsmState::OnEnter>?-1605999104(HutongGames.PlayMaker.FsmState)
  at HutongGames.PlayMaker.Fsm.EnterState (HutongGames.PlayMaker.FsmState state) [0x0008a] in <29eb59fa5c9943cd8f336db074533d31>:0 
  at HutongGames.PlayMaker.Fsm.SwitchState (HutongGames.PlayMaker.FsmState toState) [0x0005b] in <29eb59fa5c9943cd8f336db074533d31>:0 
  at HutongGames.PlayMaker.Fsm.UpdateStateChanges () [0x00002] in <29eb59fa5c9943cd8f336db074533d31>:0 
  at HutongGames.PlayMaker.Fsm.DoTransition (HutongGames.PlayMaker.FsmTransition transition, System.Boolean isGlobal) [0x00046] in <29eb59fa5c9943cd8f336db074533d31>:0 
  at HutongGames.PlayMaker.Fsm.ProcessEvent (HutongGames.PlayMaker.FsmEvent fsmEvent, HutongGames.PlayMaker.FsmEventData eventData) [0x000cc] in <29eb59fa5c9943cd8f336db074533d31>:0 
  at HutongGames.PlayMaker.Fsm.Event (HutongGames.PlayMaker.FsmEventTarget eventTarget, HutongGames.PlayMaker.FsmEvent fsmEvent) [0x0005f] in <29eb59fa5c9943cd8f336db074533d31>:0 
  at HutongGames.PlayMaker.Fsm.Event (HutongGames.PlayMaker.FsmEvent fsmEvent) [0x0000a] in <29eb59fa5c9943cd8f336db074533d31>:0 
  at HutongGames.PlayMaker.Actions.Tk2dPlayAnimationWithEvents.AnimationCompleteDelegate (tk2dSpriteAnimator sprite, tk2dSpriteAnimationClip clip) [0x0004b] in <2b54cdaf7a934f0eb297d50c4090ea9f>:0 
  at tk2dSpriteAnimator.OnAnimationCompleted () [0x0000f] in <2b54cdaf7a934f0eb297d50c4090ea9f>:0 
  at tk2dSpriteAnimator.UpdateAnimation (System.Single deltaTime) [0x00259] in <2b54cdaf7a934f0eb297d50c4090ea9f>:0 
  at tk2dSpriteAnimator.LateUpdate () [0x00006] in <2b54cdaf7a934f0eb297d50c4090ea9f>:0 

NullReferenceException: Object reference not set to an instance of an object
  at HutongGames.PlayMaker.Actions.FaceObject.DoFace () [0x00061] in <2b54cdaf7a934f0eb297d50c4090ea9f>:0 
  at HutongGames.PlayMaker.Actions.FaceObject.OnEnter () [0x00069] in <2b54cdaf7a934f0eb297d50c4090ea9f>:0 
  at HutongGames.PlayMaker.FsmState.ActivateActions (System.Int32 startIndex) [0x0004b] in <29eb59fa5c9943cd8f336db074533d31>:0 
  at (wrapper dynamic-method) HutongGames.PlayMaker.FsmState.DMD<HutongGames.PlayMaker.FsmState::OnEnter>(HutongGames.PlayMaker.FsmState)
  at (wrapper dynamic-method) MonoMod.Utils.DynamicMethodDefinition.Trampoline<HutongGames.PlayMaker.FsmState::OnEnter>?217345024(HutongGames.PlayMaker.FsmState)
  at MapChanger.Map.BehaviourChanges.SetQuickMapZone (On.HutongGames.PlayMaker.FsmState+orig_OnEnter orig, HutongGames.PlayMaker.FsmState self) [0x00085] in /Users/Shared/Projects/MapChanger/MapChanger/Map/BehaviourChanges.cs:227 
  at (wrapper dynamic-method) MonoMod.Utils.DynamicMethodDefinition.Hook<HutongGames.PlayMaker.FsmState::OnEnter>?-1605999104(HutongGames.PlayMaker.FsmState)
  at HutongGames.PlayMaker.Fsm.EnterState (HutongGames.PlayMaker.FsmState state) [0x0008a] in <29eb59fa5c9943cd8f336db074533d31>:0 
  at HutongGames.PlayMaker.Fsm.SwitchState (HutongGames.PlayMaker.FsmState toState) [0x0005b] in <29eb59fa5c9943cd8f336db074533d31>:0 
  at HutongGames.PlayMaker.Fsm.UpdateStateChanges () [0x00002] in <29eb59fa5c9943cd8f336db074533d31>:0 
  at HutongGames.PlayMaker.Fsm.UpdateState (HutongGames.PlayMaker.FsmState state) [0x0000d] in <29eb59fa5c9943cd8f336db074533d31>:0 
  at HutongGames.PlayMaker.Fsm.Update () [0x0004b] in <29eb59fa5c9943cd8f336db074533d31>:0 
  at PlayMakerFSM.Update () [0x0001a] in <29eb59fa5c9943cd8f336db074533d31>:0 

AddEventHandlerComponent: PlayMakerFixedUpdate

NullReferenceException: Object reference not set to an instance of an object
  at HutongGames.PlayMaker.Actions.FaceObject.DoFace () [0x00061] in <2b54cdaf7a934f0eb297d50c4090ea9f>:0 
  at HutongGames.PlayMaker.Actions.FaceObject.OnEnter () [0x00069] in <2b54cdaf7a934f0eb297d50c4090ea9f>:0 
  at HutongGames.PlayMaker.FsmState.ActivateActions (System.Int32 startIndex) [0x0004b] in <29eb59fa5c9943cd8f336db074533d31>:0 
  at (wrapper dynamic-method) HutongGames.PlayMaker.FsmState.DMD<HutongGames.PlayMaker.FsmState::OnEnter>(HutongGames.PlayMaker.FsmState)
  at (wrapper dynamic-method) MonoMod.Utils.DynamicMethodDefinition.Trampoline<HutongGames.PlayMaker.FsmState::OnEnter>?217345024(HutongGames.PlayMaker.FsmState)
  at MapChanger.Map.BehaviourChanges.SetQuickMapZone (On.HutongGames.PlayMaker.FsmState+orig_OnEnter orig, HutongGames.PlayMaker.FsmState self) [0x00085] in /Users/Shared/Projects/MapChanger/MapChanger/Map/BehaviourChanges.cs:227 
  at (wrapper dynamic-method) MonoMod.Utils.DynamicMethodDefinition.Hook<HutongGames.PlayMaker.FsmState::OnEnter>?-1605999104(HutongGames.PlayMaker.FsmState)
  at HutongGames.PlayMaker.Fsm.EnterState (HutongGames.PlayMaker.FsmState state) [0x0008a] in <29eb59fa5c9943cd8f336db074533d31>:0 
  at HutongGames.PlayMaker.Fsm.SwitchState (HutongGames.PlayMaker.FsmState toState) [0x0005b] in <29eb59fa5c9943cd8f336db074533d31>:0 
  at HutongGames.PlayMaker.Fsm.UpdateStateChanges () [0x00002] in <29eb59fa5c9943cd8f336db074533d31>:0 
  at HutongGames.PlayMaker.Fsm.UpdateState (HutongGames.PlayMaker.FsmState state) [0x0000d] in <29eb59fa5c9943cd8f336db074533d31>:0 
  at HutongGames.PlayMaker.Fsm.Update () [0x0004b] in <29eb59fa5c9943cd8f336db074533d31>:0 
  at PlayMakerFSM.Update () [0x0001a] in <29eb59fa5c9943cd8f336db074533d31>:0 

NullReferenceException: Object reference not set to an instance of an object
  at HutongGames.PlayMaker.Actions.FaceObject.DoFace () [0x00061] in <2b54cdaf7a934f0eb297d50c4090ea9f>:0 
  at HutongGames.PlayMaker.Actions.FaceObject.OnEnter () [0x00069] in <2b54cdaf7a934f0eb297d50c4090ea9f>:0 
  at HutongGames.PlayMaker.FsmState.ActivateActions (System.Int32 startIndex) [0x0004b] in <29eb59fa5c9943cd8f336db074533d31>:0 
  at (wrapper dynamic-method) HutongGames.PlayMaker.FsmState.DMD<HutongGames.PlayMaker.FsmState::OnEnter>(HutongGames.PlayMaker.FsmState)
  at (wrapper dynamic-method) MonoMod.Utils.DynamicMethodDefinition.Trampoline<HutongGames.PlayMaker.FsmState::OnEnter>?217345024(HutongGames.PlayMaker.FsmState)
  at MapChanger.Map.BehaviourChanges.SetQuickMapZone (On.HutongGames.PlayMaker.FsmState+orig_OnEnter orig, HutongGames.PlayMaker.FsmState self) [0x00085] in /Users/Shared/Projects/MapChanger/MapChanger/Map/BehaviourChanges.cs:227 
  at (wrapper dynamic-method) MonoMod.Utils.DynamicMethodDefinition.Hook<HutongGames.PlayMaker.FsmState::OnEnter>?-1605999104(HutongGames.PlayMaker.FsmState)
  at HutongGames.PlayMaker.Fsm.EnterState (HutongGames.PlayMaker.FsmState state) [0x0008a] in <29eb59fa5c9943cd8f336db074533d31>:0 
  at HutongGames.PlayMaker.Fsm.SwitchState (HutongGames.PlayMaker.FsmState toState) [0x0005b] in <29eb59fa5c9943cd8f336db074533d31>:0 
  at HutongGames.PlayMaker.Fsm.UpdateStateChanges () [0x00002] in <29eb59fa5c9943cd8f336db074533d31>:0 
  at HutongGames.PlayMaker.Fsm.UpdateState (HutongGames.PlayMaker.FsmState state) [0x0000d] in <29eb59fa5c9943cd8f336db074533d31>:0 
  at HutongGames.PlayMaker.Fsm.Update () [0x0004b] in <29eb59fa5c9943cd8f336db074533d31>:0 
  at PlayMakerFSM.Update () [0x0001a] in <29eb59fa5c9943cd8f336db074533d31>:0 

AddEventHandlerComponent: PlayMakerFixedUpdate

Object Pool attached to GlobalPool could not find a copy of Audio Player NoDestroy, Instantiating a new one.

AddEventHandlerComponent: PlayMakerCollisionEnter2D

AddEventHandlerComponent: PlayMakerFixedUpdate

AddEventHandlerComponent: PlayMakerCollisionEnter2D

AddEventHandlerComponent: PlayMakerFixedUpdate

AddEventHandlerComponent: PlayMakerFixedUpdate

AddEventHandlerComponent: PlayMakerFixedUpdate

AddEventHandlerComponent: PlayMakerFixedUpdate

AddEventHandlerComponent: PlayMakerFixedUpdate

AddEventHandlerComponent: PlayMakerFixedUpdate

AddEventHandlerComponent: PlayMakerFixedUpdate

AddEventHandlerComponent: PlayMakerFixedUpdate

AddEventHandlerComponent: PlayMakerFixedUpdate

AddEventHandlerComponent: PlayMakerFixedUpdate

AddEventHandlerComponent: PlayMakerFixedUpdate

AddEventHandlerComponent: PlayMakerFixedUpdate

AddEventHandlerComponent: PlayMakerFixedUpdate

Deferring level start (marked as manual).

Deferring level start (marked as manual).

Unloading 68 Unused Serialized files (Serialized files now loaded: 0)
PlayOneShot was called with a null AudioClip.

PlayOneShot was called with a null AudioClip.


Unloading 1696 unused Assets to reduce memory usage. Loaded Objects now: 99889.
Total: 216.665500 ms (FindLiveObjects: 3.622200 ms CreateObjectMapping: 1.162400 ms MarkObjects: 209.759500 ms  DeleteObjects: 2.121000 ms)

PlayOneShot was called with a null AudioClip.

AddEventHandlerComponent: PlayMakerFixedUpdate

AddEventHandlerComponent: PlayMakerFixedUpdate

AddEventHandlerComponent: PlayMakerFixedUpdate

AddEventHandlerComponent: PlayMakerFixedUpdate

AddEventHandlerComponent: PlayMakerFixedUpdate

AddEventHandlerComponent: PlayMakerFixedUpdate

Deferring level start (marked as manual).

PlayOneShot was called with a null AudioClip.

PlayOneShot was called with a null AudioClip.

PlayOneShot was called with a null AudioClip.

PlayOneShot was called with a null AudioClip.

PlayOneShot was called with a null AudioClip.

PlayOneShot was called with a null AudioClip.

AddEventHandlerComponent: PlayMakerFixedUpdate

AddEventHandlerComponent: PlayMakerFixedUpdate

AddEventHandlerComponent: PlayMakerFixedUpdate

AddEventHandlerComponent: PlayMakerFixedUpdate

AddEventHandlerComponent: PlayMakerFixedUpdate

AddEventHandlerComponent: PlayMakerFixedUpdate

Deferring level start (marked as manual).

PlayOneShot was called with a null AudioClip.

PlayOneShot was called with a null AudioClip.

Deferring level start (marked as manual).

AddEventHandlerComponent: PlayMakerFixedUpdate

AddEventHandlerComponent: PlayMakerFixedUpdate

AddEventHandlerComponent: PlayMakerFixedUpdate

AddEventHandlerComponent: PlayMakerFixedUpdate

AddEventHandlerComponent: PlayMakerFixedUpdate

AddEventHandlerComponent: PlayMakerFixedUpdate

AddEventHandlerComponent: PlayMakerFixedUpdate

AddEventHandlerComponent: PlayMakerFixedUpdate

AddEventHandlerComponent: PlayMakerFixedUpdate

AddEventHandlerComponent: PlayMakerFixedUpdate

AddEventHandlerComponent: PlayMakerFixedUpdate

AddEventHandlerComponent: PlayMakerFixedUpdate

AddEventHandlerComponent: PlayMakerFixedUpdate

AddEventHandlerComponent: PlayMakerFixedUpdate

AddEventHandlerComponent: PlayMakerFixedUpdate

AddEventHandlerComponent: PlayMakerFixedUpdate

AddEventHandlerComponent: PlayMakerFixedUpdate

AddEventHandlerComponent: PlayMakerFixedUpdate

AddEventHandlerComponent: PlayMakerFixedUpdate

AddEventHandlerComponent: PlayMakerFixedUpdate

AddEventHandlerComponent: PlayMakerFixedUpdate

AddEventHandlerComponent: PlayMakerFixedUpdate

AddEventHandlerComponent: PlayMakerFixedUpdate

AddEventHandlerComponent: PlayMakerFixedUpdate

AddEventHandlerComponent: PlayMakerFixedUpdate

Deferring level start (marked as manual).

PlayOneShot was called with a null AudioClip.

PlayOneShot was called with a null AudioClip.

PlayOneShot was called with a null AudioClip.

PlayOneShot was called with a null AudioClip.

AddEventHandlerComponent: PlayMakerFixedUpdate

Deferring level start (marked as manual).

AddEventHandlerComponent: PlayMakerFixedUpdate

Additively loaded scene: Fungus3_23_boss in sequence

PlayOneShot was called with a null AudioClip.

AddEventHandlerComponent: PlayMakerFixedUpdate

AddEventHandlerComponent: PlayMakerFixedUpdate

AddEventHandlerComponent: PlayMakerFixedUpdate

AddEventHandlerComponent: PlayMakerFixedUpdate

AddEventHandlerComponent: PlayMakerFixedUpdate

AddEventHandlerComponent: PlayMakerFixedUpdate

AddEventHandlerComponent: PlayMakerFixedUpdate

AddEventHandlerComponent: PlayMakerFixedUpdate

AddEventHandlerComponent: PlayMakerFixedUpdate

AddEventHandlerComponent: PlayMakerFixedUpdate

AddEventHandlerComponent: PlayMakerFixedUpdate

AddEventHandlerComponent: PlayMakerFixedUpdate

AddEventHandlerComponent: PlayMakerFixedUpdate

AddEventHandlerComponent: PlayMakerFixedUpdate

AddEventHandlerComponent: PlayMakerFixedUpdate

AddEventHandlerComponent: PlayMakerFixedUpdate

AddEventHandlerComponent: PlayMakerFixedUpdate

AddEventHandlerComponent: PlayMakerFixedUpdate

AddEventHandlerComponent: PlayMakerFixedUpdate

AddEventHandlerComponent: PlayMakerFixedUpdate

AddEventHandlerComponent: PlayMakerFixedUpdate

AddEventHandlerComponent: PlayMakerFixedUpdate

NullReferenceException
  at (wrapper managed-to-native) UnityEngine.GameObject.get_transform(UnityEngine.GameObject)
  at HutongGames.PlayMaker.Actions.FaceObject.DoFace () [0x00061] in <2b54cdaf7a934f0eb297d50c4090ea9f>:0 
  at HutongGames.PlayMaker.Actions.FaceObject.OnUpdate () [0x00000] in <2b54cdaf7a934f0eb297d50c4090ea9f>:0 
  at HutongGames.PlayMaker.FsmState.OnUpdate () [0x00032] in <29eb59fa5c9943cd8f336db074533d31>:0 
  at HutongGames.PlayMaker.Fsm.UpdateState (HutongGames.PlayMaker.FsmState state) [0x00007] in <29eb59fa5c9943cd8f336db074533d31>:0 
  at HutongGames.PlayMaker.Fsm.Update () [0x0004b] in <29eb59fa5c9943cd8f336db074533d31>:0 
  at PlayMakerFSM.Update () [0x0001a] in <29eb59fa5c9943cd8f336db074533d31>:0 

NullReferenceException
  at (wrapper managed-to-native) UnityEngine.GameObject.get_transform(UnityEngine.GameObject)
  at HutongGames.PlayMaker.Actions.FaceObject.DoFace () [0x00061] in <2b54cdaf7a934f0eb297d50c4090ea9f>:0 
  at HutongGames.PlayMaker.Actions.FaceObject.OnUpdate () [0x00000] in <2b54cdaf7a934f0eb297d50c4090ea9f>:0 
  at HutongGames.PlayMaker.FsmState.OnUpdate () [0x00032] in <29eb59fa5c9943cd8f336db074533d31>:0 
  at HutongGames.PlayMaker.Fsm.UpdateState (HutongGames.PlayMaker.FsmState state) [0x00007] in <29eb59fa5c9943cd8f336db074533d31>:0 
  at HutongGames.PlayMaker.Fsm.Update () [0x0004b] in <29eb59fa5c9943cd8f336db074533d31>:0 
  at PlayMakerFSM.Update () [0x0001a] in <29eb59fa5c9943cd8f336db074533d31>:0 

NullReferenceException
  at (wrapper managed-to-native) UnityEngine.GameObject.get_transform(UnityEngine.GameObject)
  at HutongGames.PlayMaker.Actions.FaceObject.DoFace () [0x00061] in <2b54cdaf7a934f0eb297d50c4090ea9f>:0 
  at HutongGames.PlayMaker.Actions.FaceObject.OnUpdate () [0x00000] in <2b54cdaf7a934f0eb297d50c4090ea9f>:0 
  at HutongGames.PlayMaker.FsmState.OnUpdate () [0x00032] in <29eb59fa5c9943cd8f336db074533d31>:0 
  at HutongGames.PlayMaker.Fsm.UpdateState (HutongGames.PlayMaker.FsmState state) [0x00007] in <29eb59fa5c9943cd8f336db074533d31>:0 
  at HutongGames.PlayMaker.Fsm.Update () [0x0004b] in <29eb59fa5c9943cd8f336db074533d31>:0 
  at PlayMakerFSM.Update () [0x0001a] in <29eb59fa5c9943cd8f336db074533d31>:0 

NullReferenceException
  at (wrapper managed-to-native) UnityEngine.GameObject.get_transform(UnityEngine.GameObject)
  at HutongGames.PlayMaker.Actions.FaceObject.DoFace () [0x00061] in <2b54cdaf7a934f0eb297d50c4090ea9f>:0 
  at HutongGames.PlayMaker.Actions.FaceObject.OnUpdate () [0x00000] in <2b54cdaf7a934f0eb297d50c4090ea9f>:0 
  at HutongGames.PlayMaker.FsmState.OnUpdate () [0x00032] in <29eb59fa5c9943cd8f336db074533d31>:0 
  at HutongGames.PlayMaker.Fsm.UpdateState (HutongGames.PlayMaker.FsmState state) [0x00007] in <29eb59fa5c9943cd8f336db074533d31>:0 
  at HutongGames.PlayMaker.Fsm.Update () [0x0004b] in <29eb59fa5c9943cd8f336db074533d31>:0 
  at PlayMakerFSM.Update () [0x0001a] in <29eb59fa5c9943cd8f336db074533d31>:0 

NullReferenceException
  at (wrapper managed-to-native) UnityEngine.GameObject.get_transform(UnityEngine.GameObject)
  at HutongGames.PlayMaker.Actions.FaceObject.DoFace () [0x00061] in <2b54cdaf7a934f0eb297d50c4090ea9f>:0 
  at HutongGames.PlayMaker.Actions.FaceObject.OnUpdate () [0x00000] in <2b54cdaf7a934f0eb297d50c4090ea9f>:0 
  at HutongGames.PlayMaker.FsmState.OnUpdate () [0x00032] in <29eb59fa5c9943cd8f336db074533d31>:0 
  at HutongGames.PlayMaker.Fsm.UpdateState (HutongGames.PlayMaker.FsmState state) [0x00007] in <29eb59fa5c9943cd8f336db074533d31>:0 
  at HutongGames.PlayMaker.Fsm.Update () [0x0004b] in <29eb59fa5c9943cd8f336db074533d31>:0 
  at PlayMakerFSM.Update () [0x0001a] in <29eb59fa5c9943cd8f336db074533d31>:0 

NullReferenceException
  at (wrapper managed-to-native) UnityEngine.GameObject.get_transform(UnityEngine.GameObject)
  at HutongGames.PlayMaker.Actions.FaceObject.DoFace () [0x00061] in <2b54cdaf7a934f0eb297d50c4090ea9f>:0 
  at HutongGames.PlayMaker.Actions.FaceObject.OnUpdate () [0x00000] in <2b54cdaf7a934f0eb297d50c4090ea9f>:0 
  at HutongGames.PlayMaker.FsmState.OnUpdate () [0x00032] in <29eb59fa5c9943cd8f336db074533d31>:0 
  at HutongGames.PlayMaker.Fsm.UpdateState (HutongGames.PlayMaker.FsmState state) [0x00007] in <29eb59fa5c9943cd8f336db074533d31>:0 
  at HutongGames.PlayMaker.Fsm.Update () [0x0004b] in <29eb59fa5c9943cd8f336db074533d31>:0 
  at PlayMakerFSM.Update () [0x0001a] in <29eb59fa5c9943cd8f336db074533d31>:0 

NullReferenceException
  at (wrapper managed-to-native) UnityEngine.GameObject.get_transform(UnityEngine.GameObject)
  at HutongGames.PlayMaker.Actions.FaceObject.DoFace () [0x00061] in <2b54cdaf7a934f0eb297d50c4090ea9f>:0 
  at HutongGames.PlayMaker.Actions.FaceObject.OnUpdate () [0x00000] in <2b54cdaf7a934f0eb297d50c4090ea9f>:0 
  at HutongGames.PlayMaker.FsmState.OnUpdate () [0x00032] in <29eb59fa5c9943cd8f336db074533d31>:0 
  at HutongGames.PlayMaker.Fsm.UpdateState (HutongGames.PlayMaker.FsmState state) [0x00007] in <29eb59fa5c9943cd8f336db074533d31>:0 
  at HutongGames.PlayMaker.Fsm.Update () [0x0004b] in <29eb59fa5c9943cd8f336db074533d31>:0 
  at PlayMakerFSM.Update () [0x0001a] in <29eb59fa5c9943cd8f336db074533d31>:0 

NullReferenceException
  at (wrapper managed-to-native) UnityEngine.GameObject.get_transform(UnityEngine.GameObject)
  at HutongGames.PlayMaker.Actions.FaceObject.DoFace () [0x00061] in <2b54cdaf7a934f0eb297d50c4090ea9f>:0 
  at HutongGames.PlayMaker.Actions.FaceObject.OnUpdate () [0x00000] in <2b54cdaf7a934f0eb297d50c4090ea9f>:0 
  at HutongGames.PlayMaker.FsmState.OnUpdate () [0x00032] in <29eb59fa5c9943cd8f336db074533d31>:0 
  at HutongGames.PlayMaker.Fsm.UpdateState (HutongGames.PlayMaker.FsmState state) [0x00007] in <29eb59fa5c9943cd8f336db074533d31>:0 
  at HutongGames.PlayMaker.Fsm.Update () [0x0004b] in <29eb59fa5c9943cd8f336db074533d31>:0 
  at PlayMakerFSM.Update () [0x0001a] in <29eb59fa5c9943cd8f336db074533d31>:0 

NullReferenceException
  at (wrapper managed-to-native) UnityEngine.GameObject.get_transform(UnityEngine.GameObject)
  at HutongGames.PlayMaker.Actions.FaceObject.DoFace () [0x00061] in <2b54cdaf7a934f0eb297d50c4090ea9f>:0 
  at HutongGames.PlayMaker.Actions.FaceObject.OnUpdate () [0x00000] in <2b54cdaf7a934f0eb297d50c4090ea9f>:0 
  at HutongGames.PlayMaker.FsmState.OnUpdate () [0x00032] in <29eb59fa5c9943cd8f336db074533d31>:0 
  at HutongGames.PlayMaker.Fsm.UpdateState (HutongGames.PlayMaker.FsmState state) [0x00007] in <29eb59fa5c9943cd8f336db074533d31>:0 
  at HutongGames.PlayMaker.Fsm.Update () [0x0004b] in <29eb59fa5c9943cd8f336db074533d31>:0 
  at PlayMakerFSM.Update () [0x0001a] in <29eb59fa5c9943cd8f336db074533d31>:0 

NullReferenceException
  at (wrapper managed-to-native) UnityEngine.GameObject.get_transform(UnityEngine.GameObject)
  at HutongGames.PlayMaker.Actions.FaceObject.DoFace () [0x00061] in <2b54cdaf7a934f0eb297d50c4090ea9f>:0 
  at HutongGames.PlayMaker.Actions.FaceObject.OnUpdate () [0x00000] in <2b54cdaf7a934f0eb297d50c4090ea9f>:0 
  at HutongGames.PlayMaker.FsmState.OnUpdate () [0x00032] in <29eb59fa5c9943cd8f336db074533d31>:0 
  at HutongGames.PlayMaker.Fsm.UpdateState (HutongGames.PlayMaker.FsmState state) [0x00007] in <29eb59fa5c9943cd8f336db074533d31>:0 
  at HutongGames.PlayMaker.Fsm.Update () [0x0004b] in <29eb59fa5c9943cd8f336db074533d31>:0 
  at PlayMakerFSM.Update () [0x0001a] in <29eb59fa5c9943cd8f336db074533d31>:0 

NullReferenceException
  at (wrapper managed-to-native) UnityEngine.GameObject.get_transform(UnityEngine.GameObject)
  at HutongGames.PlayMaker.Actions.FaceObject.DoFace () [0x00061] in <2b54cdaf7a934f0eb297d50c4090ea9f>:0 
  at HutongGames.PlayMaker.Actions.FaceObject.OnUpdate () [0x00000] in <2b54cdaf7a934f0eb297d50c4090ea9f>:0 
  at HutongGames.PlayMaker.FsmState.OnUpdate () [0x00032] in <29eb59fa5c9943cd8f336db074533d31>:0 
  at HutongGames.PlayMaker.Fsm.UpdateState (HutongGames.PlayMaker.FsmState state) [0x00007] in <29eb59fa5c9943cd8f336db074533d31>:0 
  at HutongGames.PlayMaker.Fsm.Update () [0x0004b] in <29eb59fa5c9943cd8f336db074533d31>:0 
  at PlayMakerFSM.Update () [0x0001a] in <29eb59fa5c9943cd8f336db074533d31>:0 

NullReferenceException
  at (wrapper managed-to-native) UnityEngine.GameObject.get_transform(UnityEngine.GameObject)
  at HutongGames.PlayMaker.Actions.FaceObject.DoFace () [0x00061] in <2b54cdaf7a934f0eb297d50c4090ea9f>:0 
  at HutongGames.PlayMaker.Actions.FaceObject.OnUpdate () [0x00000] in <2b54cdaf7a934f0eb297d50c4090ea9f>:0 
  at HutongGames.PlayMaker.FsmState.OnUpdate () [0x00032] in <29eb59fa5c9943cd8f336db074533d31>:0 
  at HutongGames.PlayMaker.Fsm.UpdateState (HutongGames.PlayMaker.FsmState state) [0x00007] in <29eb59fa5c9943cd8f336db074533d31>:0 
  at HutongGames.PlayMaker.Fsm.Update () [0x0004b] in <29eb59fa5c9943cd8f336db074533d31>:0 
  at PlayMakerFSM.Update () [0x0001a] in <29eb59fa5c9943cd8f336db074533d31>:0 

NullReferenceException: Object reference not set to an instance of an object
  at HutongGames.PlayMaker.Actions.FaceObject.DoFace () [0x00061] in <2b54cdaf7a934f0eb297d50c4090ea9f>:0 
  at HutongGames.PlayMaker.Actions.FaceObject.OnEnter () [0x00069] in <2b54cdaf7a934f0eb297d50c4090ea9f>:0 
  at HutongGames.PlayMaker.FsmState.ActivateActions (System.Int32 startIndex) [0x0004b] in <29eb59fa5c9943cd8f336db074533d31>:0 
  at (wrapper dynamic-method) HutongGames.PlayMaker.FsmState.DMD<HutongGames.PlayMaker.FsmState::OnEnter>(HutongGames.PlayMaker.FsmState)
  at (wrapper dynamic-method) MonoMod.Utils.DynamicMethodDefinition.Trampoline<HutongGames.PlayMaker.FsmState::OnEnter>?217345024(HutongGames.PlayMaker.FsmState)
  at MapChanger.Map.BehaviourChanges.SetQuickMapZone (On.HutongGames.PlayMaker.FsmState+orig_OnEnter orig, HutongGames.PlayMaker.FsmState self) [0x00085] in /Users/Shared/Projects/MapChanger/MapChanger/Map/BehaviourChanges.cs:227 
  at (wrapper dynamic-method) MonoMod.Utils.DynamicMethodDefinition.Hook<HutongGames.PlayMaker.FsmState::OnEnter>?-1605999104(HutongGames.PlayMaker.FsmState)
  at HutongGames.PlayMaker.Fsm.EnterState (HutongGames.PlayMaker.FsmState state) [0x0008a] in <29eb59fa5c9943cd8f336db074533d31>:0 
  at HutongGames.PlayMaker.Fsm.SwitchState (HutongGames.PlayMaker.FsmState toState) [0x0005b] in <29eb59fa5c9943cd8f336db074533d31>:0 
  at HutongGames.PlayMaker.Fsm.UpdateStateChanges () [0x00002] in <29eb59fa5c9943cd8f336db074533d31>:0 
  at HutongGames.PlayMaker.Fsm.FixedUpdateState (HutongGames.PlayMaker.FsmState state) [0x0000d] in <29eb59fa5c9943cd8f336db074533d31>:0 
  at HutongGames.PlayMaker.Fsm.FixedUpdate () [0x0001d] in <29eb59fa5c9943cd8f336db074533d31>:0 
  at PlayMakerFixedUpdate.FixedUpdate () [0x0003d] in <29eb59fa5c9943cd8f336db074533d31>:0 

AddEventHandlerComponent: PlayMakerFixedUpdate

NullReferenceException: Object reference not set to an instance of an object
  at HutongGames.PlayMaker.Actions.FaceObject.DoFace () [0x00061] in <2b54cdaf7a934f0eb297d50c4090ea9f>:0 
  at HutongGames.PlayMaker.Actions.FaceObject.OnEnter () [0x00069] in <2b54cdaf7a934f0eb297d50c4090ea9f>:0 
  at HutongGames.PlayMaker.FsmState.ActivateActions (System.Int32 startIndex) [0x0004b] in <29eb59fa5c9943cd8f336db074533d31>:0 
  at (wrapper dynamic-method) HutongGames.PlayMaker.FsmState.DMD<HutongGames.PlayMaker.FsmState::OnEnter>(HutongGames.PlayMaker.FsmState)
  at (wrapper dynamic-method) MonoMod.Utils.DynamicMethodDefinition.Trampoline<HutongGames.PlayMaker.FsmState::OnEnter>?217345024(HutongGames.PlayMaker.FsmState)
  at MapChanger.Map.BehaviourChanges.SetQuickMapZone (On.HutongGames.PlayMaker.FsmState+orig_OnEnter orig, HutongGames.PlayMaker.FsmState self) [0x00085] in /Users/Shared/Projects/MapChanger/MapChanger/Map/BehaviourChanges.cs:227 
  at (wrapper dynamic-method) MonoMod.Utils.DynamicMethodDefinition.Hook<HutongGames.PlayMaker.FsmState::OnEnter>?-1605999104(HutongGames.PlayMaker.FsmState)
  at HutongGames.PlayMaker.Fsm.EnterState (HutongGames.PlayMaker.FsmState state) [0x0008a] in <29eb59fa5c9943cd8f336db074533d31>:0 
  at HutongGames.PlayMaker.Fsm.SwitchState (HutongGames.PlayMaker.FsmState toState) [0x0005b] in <29eb59fa5c9943cd8f336db074533d31>:0 
  at HutongGames.PlayMaker.Fsm.UpdateStateChanges () [0x00002] in <29eb59fa5c9943cd8f336db074533d31>:0 
  at HutongGames.PlayMaker.Fsm.UpdateState (HutongGames.PlayMaker.FsmState state) [0x0000d] in <29eb59fa5c9943cd8f336db074533d31>:0 
  at HutongGames.PlayMaker.Fsm.Update () [0x0004b] in <29eb59fa5c9943cd8f336db074533d31>:0 
  at PlayMakerFSM.Update () [0x0001a] in <29eb59fa5c9943cd8f336db074533d31>:0 

NullReferenceException: Object reference not set to an instance of an object
  at HutongGames.PlayMaker.Actions.FaceObject.DoFace () [0x00061] in <2b54cdaf7a934f0eb297d50c4090ea9f>:0 
  at HutongGames.PlayMaker.Actions.FaceObject.OnEnter () [0x00069] in <2b54cdaf7a934f0eb297d50c4090ea9f>:0 
  at HutongGames.PlayMaker.FsmState.ActivateActions (System.Int32 startIndex) [0x0004b] in <29eb59fa5c9943cd8f336db074533d31>:0 
  at (wrapper dynamic-method) HutongGames.PlayMaker.FsmState.DMD<HutongGames.PlayMaker.FsmState::OnEnter>(HutongGames.PlayMaker.FsmState)
  at (wrapper dynamic-method) MonoMod.Utils.DynamicMethodDefinition.Trampoline<HutongGames.PlayMaker.FsmState::OnEnter>?217345024(HutongGames.PlayMaker.FsmState)
  at MapChanger.Map.BehaviourChanges.SetQuickMapZone (On.HutongGames.PlayMaker.FsmState+orig_OnEnter orig, HutongGames.PlayMaker.FsmState self) [0x00085] in /Users/Shared/Projects/MapChanger/MapChanger/Map/BehaviourChanges.cs:227 
  at (wrapper dynamic-method) MonoMod.Utils.DynamicMethodDefinition.Hook<HutongGames.PlayMaker.FsmState::OnEnter>?-1605999104(HutongGames.PlayMaker.FsmState)
  at HutongGames.PlayMaker.Fsm.EnterState (HutongGames.PlayMaker.FsmState state) [0x0008a] in <29eb59fa5c9943cd8f336db074533d31>:0 
  at HutongGames.PlayMaker.Fsm.SwitchState (HutongGames.PlayMaker.FsmState toState) [0x0005b] in <29eb59fa5c9943cd8f336db074533d31>:0 
  at HutongGames.PlayMaker.Fsm.UpdateStateChanges () [0x00002] in <29eb59fa5c9943cd8f336db074533d31>:0 
  at HutongGames.PlayMaker.Fsm.UpdateState (HutongGames.PlayMaker.FsmState state) [0x0000d] in <29eb59fa5c9943cd8f336db074533d31>:0 
  at HutongGames.PlayMaker.Fsm.Update () [0x0004b] in <29eb59fa5c9943cd8f336db074533d31>:0 
  at PlayMakerFSM.Update () [0x0001a] in <29eb59fa5c9943cd8f336db074533d31>:0 

PlayOneShot was called with a null AudioClip.

Pushing achievement TRAITOR_LORD

Steam achievement TRAITOR_LORD (0/0) upload complete

Bump Height: 0.001354218

Bump Height: 0.001354218

Bump Height: 0.001354218

Bump Height: 0.001354218

Bump Height: 0.001354218

Bump Height: 0.001354218

Bump Height: 0.001354218

Object Pool attached to GlobalPool has run out of Run Effects prefabs, Instantiating an additional one.

Bump Height: 0.001354218

Bump Height: 0.001354218

Bump Height: 0.001354218

Bump Height: 0.001354218

Bump Height: 0.001354218

Bump Height: 0.001356125

AddEventHandlerComponent: PlayMakerFixedUpdate

AddEventHandlerComponent: PlayMakerFixedUpdate

AddEventHandlerComponent: PlayMakerFixedUpdate

AddEventHandlerComponent: PlayMakerFixedUpdate

AddEventHandlerComponent: PlayMakerFixedUpdate

AddEventHandlerComponent: PlayMakerFixedUpdate

AddEventHandlerComponent: PlayMakerFixedUpdate

AddEventHandlerComponent: PlayMakerFixedUpdate

AddEventHandlerComponent: PlayMakerFixedUpdate

AddEventHandlerComponent: PlayMakerFixedUpdate

AddEventHandlerComponent: PlayMakerFixedUpdate

AddEventHandlerComponent: PlayMakerFixedUpdate

AddEventHandlerComponent: PlayMakerFixedUpdate

AddEventHandlerComponent: PlayMakerFixedUpdate

AddEventHandlerComponent: PlayMakerFixedUpdate

AddEventHandlerComponent: PlayMakerFixedUpdate

AddEventHandlerComponent: PlayMakerFixedUpdate

AddEventHandlerComponent: PlayMakerFixedUpdate

Deferring level start (marked as manual).

Deferring level start (marked as manual).

PlayOneShot was called with a null AudioClip.

PlayOneShot was called with a null AudioClip.

AddEventHandlerComponent: PlayMakerFixedUpdate

AddEventHandlerComponent: PlayMakerFixedUpdate

Deferring level start (marked as manual).

AddEventHandlerComponent: PlayMakerFixedUpdate

AddEventHandlerComponent: PlayMakerFixedUpdate

AddEventHandlerComponent: PlayMakerFixedUpdate

AddEventHandlerComponent: PlayMakerFixedUpdate

AddEventHandlerComponent: PlayMakerFixedUpdate

AddEventHandlerComponent: PlayMakerFixedUpdate

AddEventHandlerComponent: PlayMakerFixedUpdate

AddEventHandlerComponent: PlayMakerFixedUpdate

AddEventHandlerComponent: PlayMakerFixedUpdate

AddEventHandlerComponent: PlayMakerFixedUpdate

AddEventHandlerComponent: PlayMakerFixedUpdate

AddEventHandlerComponent: PlayMakerFixedUpdate

AddEventHandlerComponent: PlayMakerFixedUpdate

Deferring level start (marked as manual).

Unloading 72 Unused Serialized files (Serialized files now loaded: 0)
PlayOneShot was called with a null AudioClip.

PlayOneShot was called with a null AudioClip.


Unloading 1879 unused Assets to reduce memory usage. Loaded Objects now: 99833.
Total: 251.242700 ms (FindLiveObjects: 3.769300 ms CreateObjectMapping: 1.443100 ms MarkObjects: 243.241600 ms  DeleteObjects: 2.788400 ms)

PlayOneShot was called with a null AudioClip.

PlayOneShot was called with a null AudioClip.

PlayOneShot was called with a null AudioClip.

PlayOneShot was called with a null AudioClip.

Could not find FSM: Enough Geo

LoadLevel: Cinematic_Stag_travel

Unloading 6 Unused Serialized files (Serialized files now loaded: 0)
UnloadTime: 6.982900 ms
Performing automatic level start.


Unloading 776 unused Assets to reduce memory usage. Loaded Objects now: 94129.
Total: 245.495300 ms (FindLiveObjects: 6.085900 ms CreateObjectMapping: 1.782800 ms MarkObjects: 234.878500 ms  DeleteObjects: 2.747500 ms)

Setting skip mode: SKIP_INSTANT

Started cinematic 'StagTunnelRun'

Started cinematic 'StagTunnelRun'

Stopped cinematic 'StagTunnelRun'

AddEventHandlerComponent: PlayMakerFixedUpdate

AddEventHandlerComponent: PlayMakerCollisionEnter2D

AddEventHandlerComponent: PlayMakerFixedUpdate

AddEventHandlerComponent: PlayMakerFixedUpdate

AddEventHandlerComponent: PlayMakerFixedUpdate

AddEventHandlerComponent: PlayMakerFixedUpdate

AddEventHandlerComponent: PlayMakerFixedUpdate

AddEventHandlerComponent: PlayMakerFixedUpdate

AddEventHandlerComponent: PlayMakerFixedUpdate

AddEventHandlerComponent: PlayMakerFixedUpdate

AddEventHandlerComponent: PlayMakerFixedUpdate

AddEventHandlerComponent: PlayMakerFixedUpdate

AddEventHandlerComponent: PlayMakerFixedUpdate

AddEventHandlerComponent: PlayMakerFixedUpdate

AddEventHandlerComponent: PlayMakerFixedUpdate

AddEventHandlerComponent: PlayMakerFixedUpdate

AddEventHandlerComponent: PlayMakerFixedUpdate

AddEventHandlerComponent: PlayMakerFixedUpdate

Deferring level start (marked as manual).

No area with identifier "STAGNEST" found in area list. Creating default SubArea.

PlayOneShot was called with a null AudioClip.

PlayOneShot was called with a null AudioClip.

PlayOneShot was called with a null AudioClip.

Pushing achievement STAG_STATION_ALL

Steam achievement STAG_STATION_ALL (0/0) upload complete

Pushing achievement WORLDSOUL

Steam achievement WORLDSOUL (0/0) upload complete

Bump Height: 0.002005577

Bump Height: 0.002006531

AddEventHandlerComponent: PlayMakerFixedUpdate

AddEventHandlerComponent: PlayMakerFixedUpdate

AddEventHandlerComponent: PlayMakerFixedUpdate

AddEventHandlerComponent: PlayMakerFixedUpdate

AddEventHandlerComponent: PlayMakerFixedUpdate

AddEventHandlerComponent: PlayMakerFixedUpdate

AddEventHandlerComponent: PlayMakerFixedUpdate

AddEventHandlerComponent: PlayMakerFixedUpdate

AddEventHandlerComponent: PlayMakerFixedUpdate

Deferring level start (marked as manual).

AddEventHandlerComponent: PlayMakerFixedUpdate

AddEventHandlerComponent: PlayMakerCollisionEnter2D

AddEventHandlerComponent: PlayMakerFixedUpdate

AddEventHandlerComponent: PlayMakerFixedUpdate

AddEventHandlerComponent: PlayMakerFixedUpdate

AddEventHandlerComponent: PlayMakerFixedUpdate

AddEventHandlerComponent: PlayMakerFixedUpdate

AddEventHandlerComponent: PlayMakerFixedUpdate

AddEventHandlerComponent: PlayMakerFixedUpdate

AddEventHandlerComponent: PlayMakerFixedUpdate

AddEventHandlerComponent: PlayMakerFixedUpdate

AddEventHandlerComponent: PlayMakerFixedUpdate

AddEventHandlerComponent: PlayMakerFixedUpdate

AddEventHandlerComponent: PlayMakerFixedUpdate

AddEventHandlerComponent: PlayMakerFixedUpdate

AddEventHandlerComponent: PlayMakerFixedUpdate

AddEventHandlerComponent: PlayMakerFixedUpdate

AddEventHandlerComponent: PlayMakerFixedUpdate

Deferring level start (marked as manual).

No area with identifier "STAGNEST" found in area list. Creating default SubArea.

PlayOneShot was called with a null AudioClip.

Bump Height: 0.002006531

Bump Height: 0.002005577

Bump Height: 0.002005577

PlayOneShot was called with a null AudioClip.

PlayOneShot was called with a null AudioClip.

AddEventHandlerComponent: PlayMakerFixedUpdate

AddEventHandlerComponent: PlayMakerFixedUpdate

AddEventHandlerComponent: PlayMakerFixedUpdate

AddEventHandlerComponent: PlayMakerFixedUpdate

AddEventHandlerComponent: PlayMakerFixedUpdate

AddEventHandlerComponent: PlayMakerFixedUpdate

AddEventHandlerComponent: PlayMakerFixedUpdate

AddEventHandlerComponent: PlayMakerCollisionEnter2D

AddEventHandlerComponent: PlayMakerFixedUpdate

AddEventHandlerComponent: PlayMakerFixedUpdate

AddEventHandlerComponent: PlayMakerFixedUpdate

AddEventHandlerComponent: PlayMakerFixedUpdate

AddEventHandlerComponent: PlayMakerFixedUpdate

AddEventHandlerComponent: PlayMakerFixedUpdate

Deferring level start (marked as manual).

Unloading 40 Unused Serialized files (Serialized files now loaded: 0)

Unloading 1831 unused Assets to reduce memory usage. Loaded Objects now: 98327.
Total: 243.046200 ms (FindLiveObjects: 3.955800 ms CreateObjectMapping: 1.723800 ms MarkObjects: 234.425300 ms  DeleteObjects: 2.940000 ms)

PlayOneShot was called with a null AudioClip.

AddEventHandlerComponent: PlayMakerFixedUpdate

AddEventHandlerComponent: PlayMakerFixedUpdate

AddEventHandlerComponent: PlayMakerFixedUpdate

AddEventHandlerComponent: PlayMakerFixedUpdate

Deferring level start (marked as manual).

AddEventHandlerComponent: PlayMakerFixedUpdate

AddEventHandlerComponent: PlayMakerFixedUpdate

PlayOneShot was called with a null AudioClip.

AddEventHandlerComponent: PlayMakerFixedUpdate

AddEventHandlerComponent: PlayMakerCollisionStay

AddEventHandlerComponent: PlayMakerCollisionEnter2D

AddEventHandlerComponent: PlayMakerCollisionStay2D

AddEventHandlerComponent: PlayMakerFixedUpdate

AddEventHandlerComponent: PlayMakerCollisionStay

AddEventHandlerComponent: PlayMakerCollisionEnter2D

AddEventHandlerComponent: PlayMakerCollisionStay2D

AddEventHandlerComponent: PlayMakerFixedUpdate

AddEventHandlerComponent: PlayMakerCollisionStay

AddEventHandlerComponent: PlayMakerCollisionEnter2D

AddEventHandlerComponent: PlayMakerCollisionStay2D

AddEventHandlerComponent: PlayMakerFixedUpdate

AddEventHandlerComponent: PlayMakerCollisionStay

AddEventHandlerComponent: PlayMakerCollisionEnter2D

AddEventHandlerComponent: PlayMakerCollisionStay2D

AddEventHandlerComponent: PlayMakerFixedUpdate

AddEventHandlerComponent: PlayMakerCollisionStay

AddEventHandlerComponent: PlayMakerCollisionEnter2D

AddEventHandlerComponent: PlayMakerCollisionStay2D

AddEventHandlerComponent: PlayMakerFixedUpdate

AddEventHandlerComponent: PlayMakerCollisionStay

AddEventHandlerComponent: PlayMakerCollisionEnter2D

AddEventHandlerComponent: PlayMakerCollisionStay2D

AddEventHandlerComponent: PlayMakerFixedUpdate

AddEventHandlerComponent: PlayMakerCollisionStay

AddEventHandlerComponent: PlayMakerCollisionEnter2D

AddEventHandlerComponent: PlayMakerCollisionStay2D

AddEventHandlerComponent: PlayMakerFixedUpdate

AddEventHandlerComponent: PlayMakerCollisionStay

AddEventHandlerComponent: PlayMakerCollisionEnter2D

AddEventHandlerComponent: PlayMakerCollisionStay2D

AddEventHandlerComponent: PlayMakerFixedUpdate

AddEventHandlerComponent: PlayMakerCollisionStay

AddEventHandlerComponent: PlayMakerCollisionEnter2D

AddEventHandlerComponent: PlayMakerCollisionStay2D

AddEventHandlerComponent: PlayMakerFixedUpdate

Deferring level start (marked as manual).

AddEventHandlerComponent: PlayMakerCollisionStay

AddEventHandlerComponent: PlayMakerCollisionEnter2D

AddEventHandlerComponent: PlayMakerCollisionStay2D

AddEventHandlerComponent: PlayMakerFixedUpdate

AddEventHandlerComponent: PlayMakerCollisionStay

AddEventHandlerComponent: PlayMakerCollisionEnter2D

AddEventHandlerComponent: PlayMakerCollisionStay2D

AddEventHandlerComponent: PlayMakerFixedUpdate

AddEventHandlerComponent: PlayMakerCollisionStay

AddEventHandlerComponent: PlayMakerCollisionEnter2D

AddEventHandlerComponent: PlayMakerCollisionStay2D

AddEventHandlerComponent: PlayMakerFixedUpdate

AddEventHandlerComponent: PlayMakerCollisionStay

AddEventHandlerComponent: PlayMakerCollisionEnter2D

AddEventHandlerComponent: PlayMakerCollisionStay2D

AddEventHandlerComponent: PlayMakerFixedUpdate

AddEventHandlerComponent: PlayMakerCollisionStay

AddEventHandlerComponent: PlayMakerCollisionEnter2D

AddEventHandlerComponent: PlayMakerCollisionStay2D

AddEventHandlerComponent: PlayMakerFixedUpdate

AddEventHandlerComponent: PlayMakerCollisionStay

AddEventHandlerComponent: PlayMakerCollisionEnter2D

AddEventHandlerComponent: PlayMakerCollisionStay2D

AddEventHandlerComponent: PlayMakerFixedUpdate

Object Pool attached to GlobalPool has run out of particle_orange blood prefabs, Instantiating an additional one.

Object Pool attached to GlobalPool has run out of particle_orange blood prefabs, Instantiating an additional one.

Deferring level start (marked as manual).

AddEventHandlerComponent: PlayMakerFixedUpdate

AddEventHandlerComponent: PlayMakerFixedUpdate

AddEventHandlerComponent: PlayMakerFixedUpdate

AddEventHandlerComponent: PlayMakerFixedUpdate

AddEventHandlerComponent: PlayMakerFixedUpdate

AddEventHandlerComponent: PlayMakerFixedUpdate

AddEventHandlerComponent: PlayMakerFixedUpdate

AddEventHandlerComponent: PlayMakerFixedUpdate

AddEventHandlerComponent: PlayMakerFixedUpdate

AddEventHandlerComponent: PlayMakerFixedUpdate

AddEventHandlerComponent: PlayMakerFixedUpdate

Object Pool attached to GlobalPool has run out of Geo Med prefabs, Instantiating an additional one.

Object Pool attached to GlobalPool has run out of Geo Med prefabs, Instantiating an additional one.

Object Pool attached to GlobalPool has run out of Geo Med prefabs, Instantiating an additional one.

Object Pool attached to GlobalPool has run out of Geo Med prefabs, Instantiating an additional one.

Object Pool attached to GlobalPool has run out of Geo Med prefabs, Instantiating an additional one.

Object Pool attached to GlobalPool has run out of Geo Med prefabs, Instantiating an additional one.

Object Pool attached to GlobalPool has run out of Geo Med prefabs, Instantiating an additional one.

Object Pool attached to GlobalPool has run out of Geo Med prefabs, Instantiating an additional one.

AddEventHandlerComponent: PlayMakerFixedUpdate

AddEventHandlerComponent: PlayMakerCollisionStay

AddEventHandlerComponent: PlayMakerCollisionEnter2D

AddEventHandlerComponent: PlayMakerCollisionStay2D

AddEventHandlerComponent: PlayMakerFixedUpdate

AddEventHandlerComponent: PlayMakerCollisionStay

AddEventHandlerComponent: PlayMakerCollisionEnter2D

AddEventHandlerComponent: PlayMakerCollisionStay2D

AddEventHandlerComponent: PlayMakerFixedUpdate

AddEventHandlerComponent: PlayMakerCollisionStay

AddEventHandlerComponent: PlayMakerCollisionEnter2D

AddEventHandlerComponent: PlayMakerCollisionStay2D

AddEventHandlerComponent: PlayMakerFixedUpdate

AddEventHandlerComponent: PlayMakerCollisionStay

AddEventHandlerComponent: PlayMakerCollisionEnter2D

AddEventHandlerComponent: PlayMakerCollisionStay2D

AddEventHandlerComponent: PlayMakerFixedUpdate

AddEventHandlerComponent: PlayMakerCollisionStay

AddEventHandlerComponent: PlayMakerCollisionEnter2D

AddEventHandlerComponent: PlayMakerCollisionStay2D

AddEventHandlerComponent: PlayMakerFixedUpdate

AddEventHandlerComponent: PlayMakerCollisionStay

AddEventHandlerComponent: PlayMakerCollisionEnter2D

AddEventHandlerComponent: PlayMakerCollisionStay2D

AddEventHandlerComponent: PlayMakerFixedUpdate

AddEventHandlerComponent: PlayMakerCollisionStay

AddEventHandlerComponent: PlayMakerCollisionEnter2D

AddEventHandlerComponent: PlayMakerCollisionStay2D

AddEventHandlerComponent: PlayMakerFixedUpdate

AddEventHandlerComponent: PlayMakerCollisionStay

AddEventHandlerComponent: PlayMakerCollisionEnter2D

AddEventHandlerComponent: PlayMakerCollisionStay2D

AddEventHandlerComponent: PlayMakerFixedUpdate

AddEventHandlerComponent: PlayMakerCollisionStay

AddEventHandlerComponent: PlayMakerCollisionEnter2D

AddEventHandlerComponent: PlayMakerCollisionStay2D

AddEventHandlerComponent: PlayMakerFixedUpdate

Deferring level start (marked as manual).

AddEventHandlerComponent: PlayMakerCollisionStay

AddEventHandlerComponent: PlayMakerCollisionEnter2D

AddEventHandlerComponent: PlayMakerCollisionStay2D

AddEventHandlerComponent: PlayMakerFixedUpdate

AddEventHandlerComponent: PlayMakerCollisionStay

AddEventHandlerComponent: PlayMakerCollisionEnter2D

AddEventHandlerComponent: PlayMakerCollisionStay2D

AddEventHandlerComponent: PlayMakerFixedUpdate

AddEventHandlerComponent: PlayMakerCollisionStay

AddEventHandlerComponent: PlayMakerCollisionEnter2D

AddEventHandlerComponent: PlayMakerCollisionStay2D

AddEventHandlerComponent: PlayMakerFixedUpdate

AddEventHandlerComponent: PlayMakerCollisionStay

AddEventHandlerComponent: PlayMakerCollisionEnter2D

AddEventHandlerComponent: PlayMakerCollisionStay2D

AddEventHandlerComponent: PlayMakerFixedUpdate

AddEventHandlerComponent: PlayMakerCollisionStay

AddEventHandlerComponent: PlayMakerCollisionEnter2D

AddEventHandlerComponent: PlayMakerCollisionStay2D

AddEventHandlerComponent: PlayMakerFixedUpdate

AddEventHandlerComponent: PlayMakerCollisionStay

AddEventHandlerComponent: PlayMakerCollisionEnter2D

AddEventHandlerComponent: PlayMakerCollisionStay2D

AddEventHandlerComponent: PlayMakerFixedUpdate

Deferring level start (marked as manual).

AddEventHandlerComponent: PlayMakerFixedUpdate

AddEventHandlerComponent: PlayMakerFixedUpdate

AddEventHandlerComponent: PlayMakerFixedUpdate

AddEventHandlerComponent: PlayMakerFixedUpdate

AddEventHandlerComponent: PlayMakerFixedUpdate

AddEventHandlerComponent: PlayMakerFixedUpdate

AddEventHandlerComponent: PlayMakerFixedUpdate

AddEventHandlerComponent: PlayMakerFixedUpdate

AddEventHandlerComponent: PlayMakerFixedUpdate

AddEventHandlerComponent: PlayMakerFixedUpdate

AddEventHandlerComponent: PlayMakerFixedUpdate

Object Pool attached to GlobalPool has run out of Arrow Prompt prefabs, Instantiating an additional one.

AddEventHandlerComponent: PlayMakerFixedUpdate

AddEventHandlerComponent: PlayMakerFixedUpdate

AddEventHandlerComponent: PlayMakerFixedUpdate

AddEventHandlerComponent: PlayMakerFixedUpdate

Deferring level start (marked as manual).

Unloading 31 Unused Serialized files (Serialized files now loaded: 0)

Unloading 1615 unused Assets to reduce memory usage. Loaded Objects now: 95437.
Total: 237.707400 ms (FindLiveObjects: 4.529100 ms CreateObjectMapping: 1.278600 ms MarkObjects: 228.809300 ms  DeleteObjects: 3.089400 ms)

Deferring level start (marked as manual).

AddEventHandlerComponent: PlayMakerFixedUpdate

Deferring level start (marked as manual).

Deferring level start (marked as manual).

AddEventHandlerComponent: PlayMakerFixedUpdate

AddEventHandlerComponent: PlayMakerFixedUpdate

AddEventHandlerComponent: PlayMakerFixedUpdate

AddEventHandlerComponent: PlayMakerFixedUpdate

AddEventHandlerComponent: PlayMakerFixedUpdate

AddEventHandlerComponent: PlayMakerFixedUpdate

AddEventHandlerComponent: PlayMakerFixedUpdate

AddEventHandlerComponent: PlayMakerCollisionEnter2D

AddEventHandlerComponent: PlayMakerFixedUpdate

AddEventHandlerComponent: PlayMakerFixedUpdate

AddEventHandlerComponent: PlayMakerFixedUpdate

AddEventHandlerComponent: PlayMakerFixedUpdate

AddEventHandlerComponent: PlayMakerFixedUpdate

AddEventHandlerComponent: PlayMakerFixedUpdate

Deferring level start (marked as manual).

Unloading 27 Unused Serialized files (Serialized files now loaded: 0)

Unloading 1069 unused Assets to reduce memory usage. Loaded Objects now: 98234.
Total: 249.831100 ms (FindLiveObjects: 4.364800 ms CreateObjectMapping: 1.601600 ms MarkObjects: 240.800900 ms  DeleteObjects: 3.063300 ms)

AddEventHandlerComponent: PlayMakerFixedUpdate

AddEventHandlerComponent: PlayMakerFixedUpdate

AddEventHandlerComponent: PlayMakerFixedUpdate

AddEventHandlerComponent: PlayMakerFixedUpdate

AddEventHandlerComponent: PlayMakerFixedUpdate

Deferring level start (marked as manual).

Unloading 16 Unused Serialized files (Serialized files now loaded: 0)

Unloading 766 unused Assets to reduce memory usage. Loaded Objects now: 94474.
Total: 208.494600 ms (FindLiveObjects: 3.390500 ms CreateObjectMapping: 0.808800 ms MarkObjects: 202.905900 ms  DeleteObjects: 1.389000 ms)

AddEventHandlerComponent: PlayMakerFixedUpdate

AddEventHandlerComponent: PlayMakerFixedUpdate

AddEventHandlerComponent: PlayMakerFixedUpdate

AddEventHandlerComponent: PlayMakerFixedUpdate

AddEventHandlerComponent: PlayMakerFixedUpdate

AddEventHandlerComponent: PlayMakerFixedUpdate

AddEventHandlerComponent: PlayMakerFixedUpdate

AddEventHandlerComponent: PlayMakerFixedUpdate

AddEventHandlerComponent: PlayMakerFixedUpdate

Deferring level start (marked as manual).

AddEventHandlerComponent: PlayMakerFixedUpdate

AddEventHandlerComponent: PlayMakerFixedUpdate

AddEventHandlerComponent: PlayMakerFixedUpdate

PlayOneShot was called with a null AudioClip.

AddEventHandlerComponent: PlayMakerFixedUpdate

AddEventHandlerComponent: PlayMakerFixedUpdate

AddEventHandlerComponent: PlayMakerFixedUpdate

AddEventHandlerComponent: PlayMakerFixedUpdate

AddEventHandlerComponent: PlayMakerFixedUpdate

AddEventHandlerComponent: PlayMakerFixedUpdate

Deferring level start (marked as manual).

AddEventHandlerComponent: PlayMakerFixedUpdate

AddEventHandlerComponent: PlayMakerFixedUpdate

AddEventHandlerComponent: PlayMakerFixedUpdate

AddEventHandlerComponent: PlayMakerFixedUpdate

AddEventHandlerComponent: PlayMakerFixedUpdate

PlayOneShot was called with a null AudioClip.

PlayOneShot was called with a null AudioClip.

AddEventHandlerComponent: PlayMakerFixedUpdate

AddEventHandlerComponent: PlayMakerFixedUpdate

AddEventHandlerComponent: PlayMakerFixedUpdate

AddEventHandlerComponent: PlayMakerFixedUpdate

AddEventHandlerComponent: PlayMakerFixedUpdate

AddEventHandlerComponent: PlayMakerFixedUpdate

AddEventHandlerComponent: PlayMakerFixedUpdate

AddEventHandlerComponent: PlayMakerFixedUpdate

AddEventHandlerComponent: PlayMakerFixedUpdate

AddEventHandlerComponent: PlayMakerFixedUpdate

AddEventHandlerComponent: PlayMakerFixedUpdate

AddEventHandlerComponent: PlayMakerFixedUpdate

AddEventHandlerComponent: PlayMakerFixedUpdate

AddEventHandlerComponent: PlayMakerFixedUpdate

AddEventHandlerComponent: PlayMakerFixedUpdate

AddEventHandlerComponent: PlayMakerFixedUpdate

AddEventHandlerComponent: PlayMakerFixedUpdate

AddEventHandlerComponent: PlayMakerFixedUpdate

AddEventHandlerComponent: PlayMakerFixedUpdate

AddEventHandlerComponent: PlayMakerFixedUpdate

AddEventHandlerComponent: PlayMakerFixedUpdate

AddEventHandlerComponent: PlayMakerFixedUpdate

AddEventHandlerComponent: PlayMakerFixedUpdate

AddEventHandlerComponent: PlayMakerFixedUpdate

AddEventHandlerComponent: PlayMakerFixedUpdate

AddEventHandlerComponent: PlayMakerFixedUpdate

AddEventHandlerComponent: PlayMakerFixedUpdate

AddEventHandlerComponent: PlayMakerFixedUpdate

AddEventHandlerComponent: PlayMakerFixedUpdate

AddEventHandlerComponent: PlayMakerFixedUpdate

AddEventHandlerComponent: PlayMakerFixedUpdate

AddEventHandlerComponent: PlayMakerFixedUpdate

AddEventHandlerComponent: PlayMakerFixedUpdate

AddEventHandlerComponent: PlayMakerFixedUpdate

AddEventHandlerComponent: PlayMakerFixedUpdate

AddEventHandlerComponent: PlayMakerFixedUpdate

AddEventHandlerComponent: PlayMakerFixedUpdate

AddEventHandlerComponent: PlayMakerFixedUpdate

AddEventHandlerComponent: PlayMakerFixedUpdate

AddEventHandlerComponent: PlayMakerFixedUpdate

AddEventHandlerComponent: PlayMakerFixedUpdate

AddEventHandlerComponent: PlayMakerFixedUpdate

AddEventHandlerComponent: PlayMakerFixedUpdate

AddEventHandlerComponent: PlayMakerFixedUpdate

AddEventHandlerComponent: PlayMakerFixedUpdate

AddEventHandlerComponent: PlayMakerFixedUpdate

AddEventHandlerComponent: PlayMakerFixedUpdate

AddEventHandlerComponent: PlayMakerFixedUpdate

AddEventHandlerComponent: PlayMakerFixedUpdate

AddEventHandlerComponent: PlayMakerFixedUpdate

AddEventHandlerComponent: PlayMakerFixedUpdate

AddEventHandlerComponent: PlayMakerFixedUpdate

AddEventHandlerComponent: PlayMakerFixedUpdate

AddEventHandlerComponent: PlayMakerFixedUpdate

AddEventHandlerComponent: PlayMakerFixedUpdate

AddEventHandlerComponent: PlayMakerFixedUpdate

AddEventHandlerComponent: PlayMakerFixedUpdate

AddEventHandlerComponent: PlayMakerFixedUpdate

AddEventHandlerComponent: PlayMakerFixedUpdate

AddEventHandlerComponent: PlayMakerFixedUpdate

AddEventHandlerComponent: PlayMakerFixedUpdate

AddEventHandlerComponent: PlayMakerFixedUpdate

AddEventHandlerComponent: PlayMakerFixedUpdate

AddEventHandlerComponent: PlayMakerFixedUpdate

AddEventHandlerComponent: PlayMakerFixedUpdate

AddEventHandlerComponent: PlayMakerFixedUpdate

AddEventHandlerComponent: PlayMakerFixedUpdate

AddEventHandlerComponent: PlayMakerFixedUpdate

AddEventHandlerComponent: PlayMakerFixedUpdate

AddEventHandlerComponent: PlayMakerFixedUpdate

AddEventHandlerComponent: PlayMakerFixedUpdate

AddEventHandlerComponent: PlayMakerFixedUpdate

AddEventHandlerComponent: PlayMakerFixedUpdate

AddEventHandlerComponent: PlayMakerFixedUpdate

AddEventHandlerComponent: PlayMakerFixedUpdate

AddEventHandlerComponent: PlayMakerFixedUpdate

AddEventHandlerComponent: PlayMakerFixedUpdate

AddEventHandlerComponent: PlayMakerFixedUpdate

AddEventHandlerComponent: PlayMakerFixedUpdate

AddEventHandlerComponent: PlayMakerFixedUpdate

AddEventHandlerComponent: PlayMakerFixedUpdate

AddEventHandlerComponent: PlayMakerFixedUpdate

Deferring level start (marked as manual).

Object Pool attached to GlobalPool has run out of Arrow Prompt prefabs, Instantiating an additional one.

Object Pool attached to GlobalPool has run out of Plat Rocks prefabs, Instantiating an additional one.

Object Pool attached to GlobalPool has run out of Plat Dust prefabs, Instantiating an additional one.

Object Pool attached to GlobalPool has run out of Plat Stream Dust prefabs, Instantiating an additional one.

Object Pool attached to GlobalPool has run out of Plat Stream Dust prefabs, Instantiating an additional one.

Object Pool attached to GlobalPool has run out of Plat Dust prefabs, Instantiating an additional one.

Object Pool attached to GlobalPool has run out of Plat Rocks prefabs, Instantiating an additional one.

Object Pool attached to GlobalPool has run out of Plat Dust prefabs, Instantiating an additional one.

Object Pool attached to GlobalPool has run out of Plat Stream Dust prefabs, Instantiating an additional one.

Could not find FSM: health_manager_enemy

Could not find FSM: health_manager_enemy

Could not find FSM: health_manager_enemy

PlayOneShot was called with a null AudioClip.

PlayOneShot was called with a null AudioClip.

AddEventHandlerComponent: PlayMakerFixedUpdate

AddEventHandlerComponent: PlayMakerFixedUpdate

AddEventHandlerComponent: PlayMakerFixedUpdate

AddEventHandlerComponent: PlayMakerFixedUpdate

AddEventHandlerComponent: PlayMakerFixedUpdate

AddEventHandlerComponent: PlayMakerFixedUpdate

Deferring level start (marked as manual).

AddEventHandlerComponent: PlayMakerFixedUpdate

AddEventHandlerComponent: PlayMakerFixedUpdate

AddEventHandlerComponent: PlayMakerFixedUpdate

AddEventHandlerComponent: PlayMakerFixedUpdate

AddEventHandlerComponent: PlayMakerFixedUpdate

AddEventHandlerComponent: PlayMakerFixedUpdate

AddEventHandlerComponent: PlayMakerFixedUpdate

AddEventHandlerComponent: PlayMakerFixedUpdate

Deferring level start (marked as manual).

AddEventHandlerComponent: PlayMakerFixedUpdate

AddEventHandlerComponent: PlayMakerFixedUpdate

AddEventHandlerComponent: PlayMakerFixedUpdate

AddEventHandlerComponent: PlayMakerFixedUpdate

AddEventHandlerComponent: PlayMakerFixedUpdate

Additively loaded scene: Crossroads_10_boss_defeated in sequence

PlayOneShot was called with a null AudioClip.

AddEventHandlerComponent: PlayMakerFixedUpdate

AddEventHandlerComponent: PlayMakerFixedUpdate

Deferring level start (marked as manual).

Deferring level start (marked as manual).

Could not find FSM: health_manager

Object Pool attached to GlobalPool has run out of Particle Rock Small prefabs, Instantiating an additional one.

Object Pool attached to GlobalPool has run out of Particle Rock Small prefabs, Instantiating an additional one.

Object Pool attached to GlobalPool has run out of Particle Rock Small prefabs, Instantiating an additional one.

Object Pool attached to GlobalPool has run out of Particle Rock Small prefabs, Instantiating an additional one.

Object Pool attached to GlobalPool has run out of Particle Rock Small prefabs, Instantiating an additional one.

Object Pool attached to GlobalPool has run out of Particle Rock Small prefabs, Instantiating an additional one.

Object Pool attached to GlobalPool has run out of Particle Rock Small prefabs, Instantiating an additional one.

Object Pool attached to GlobalPool has run out of Particle Rock Small prefabs, Instantiating an additional one.

Object Pool attached to GlobalPool has run out of Particle Rock Small prefabs, Instantiating an additional one.

Object Pool attached to GlobalPool has run out of Particle Rock Small prefabs, Instantiating an additional one.

Object Pool attached to GlobalPool has run out of Particle Rock Small prefabs, Instantiating an additional one.

Object Pool attached to GlobalPool has run out of Particle Rock Small prefabs, Instantiating an additional one.

Object Pool attached to GlobalPool has run out of Particle Rock Small prefabs, Instantiating an additional one.

Object Pool attached to GlobalPool has run out of Particle Rock Small prefabs, Instantiating an additional one.

Object Pool attached to GlobalPool has run out of Particle Rock Small prefabs, Instantiating an additional one.

Object Pool attached to GlobalPool has run out of Particle Rock Small prefabs, Instantiating an additional one.

Object Pool attached to GlobalPool has run out of Particle Rock Small prefabs, Instantiating an additional one.

Object Pool attached to GlobalPool has run out of Particle Rock Small prefabs, Instantiating an additional one.

Object Pool attached to GlobalPool has run out of Particle Rock Small prefabs, Instantiating an additional one.

Object Pool attached to GlobalPool has run out of Particle Rock Small prefabs, Instantiating an additional one.

PlayOneShot was called with a null AudioClip.

Object Pool attached to GlobalPool could not find a copy of Dust Hit Plume R, Instantiating a new one.

AddEventHandlerComponent: PlayMakerFixedUpdate

Object Pool attached to GlobalPool has run out of Shockwave Spurt L prefabs, Instantiating an additional one.

Object Pool attached to GlobalPool has run out of Shockwave Spurt L prefabs, Instantiating an additional one.

Object Pool attached to GlobalPool has run out of Shockwave Spurt L prefabs, Instantiating an additional one.

Object Pool attached to GlobalPool has run out of Shockwave Spurt L prefabs, Instantiating an additional one.

Object Pool attached to GlobalPool has run out of Shockwave Spurt L prefabs, Instantiating an additional one.

Object Pool attached to GlobalPool has run out of Shockwave Spurt L prefabs, Instantiating an additional one.

Object Pool attached to GlobalPool has run out of Shockwave Spurt L prefabs, Instantiating an additional one.

Object Pool attached to GlobalPool has run out of Shockwave Spurt L prefabs, Instantiating an additional one.

Object Pool attached to GlobalPool has run out of Shockwave Spurt L prefabs, Instantiating an additional one.

Object Pool attached to GlobalPool has run out of Shockwave Spurt L prefabs, Instantiating an additional one.

Object Pool attached to GlobalPool has run out of Shockwave Spurt L prefabs, Instantiating an additional one.

Object Pool attached to GlobalPool has run out of Shockwave Spurt L prefabs, Instantiating an additional one.

Object Pool attached to GlobalPool has run out of Shockwave Spurt L prefabs, Instantiating an additional one.

Object Pool attached to GlobalPool has run out of Shockwave Spurt L prefabs, Instantiating an additional one.

Object Pool attached to GlobalPool has run out of Shockwave Spurt L prefabs, Instantiating an additional one.

Object Pool attached to GlobalPool has run out of Shockwave Spurt L prefabs, Instantiating an additional one.

Object Pool attached to GlobalPool has run out of Shockwave Spurt L prefabs, Instantiating an additional one.

Object Pool attached to GlobalPool has run out of Shockwave Spurt L prefabs, Instantiating an additional one.

Object Pool attached to GlobalPool has run out of Shockwave Spurt L prefabs, Instantiating an additional one.

Object Pool attached to GlobalPool has run out of Shockwave Spurt L prefabs, Instantiating an additional one.

AddEventHandlerComponent: PlayMakerFixedUpdate

Object Pool attached to GlobalPool has run out of Shockwave Spurt L prefabs, Instantiating an additional one.

Object Pool attached to GlobalPool has run out of Shockwave Spurt L prefabs, Instantiating an additional one.

Object Pool attached to GlobalPool has run out of Shockwave Spurt L prefabs, Instantiating an additional one.

Object Pool attached to GlobalPool has run out of Shockwave Spurt L prefabs, Instantiating an additional one.

Object Pool attached to GlobalPool has run out of Shockwave Spurt L prefabs, Instantiating an additional one.

Object Pool attached to GlobalPool has run out of Shockwave Spurt L prefabs, Instantiating an additional one.

Object Pool attached to GlobalPool has run out of Shockwave Spurt L prefabs, Instantiating an additional one.

Object Pool attached to GlobalPool has run out of Shockwave Spurt L prefabs, Instantiating an additional one.

Object Pool attached to GlobalPool has run out of Shockwave Spurt L prefabs, Instantiating an additional one.

Object Pool attached to GlobalPool has run out of Shockwave Spurt L prefabs, Instantiating an additional one.

Object Pool attached to GlobalPool has run out of Shockwave Spurt L prefabs, Instantiating an additional one.

Object Pool attached to GlobalPool has run out of Shockwave Spurt L prefabs, Instantiating an additional one.

Object Pool attached to GlobalPool has run out of Shockwave Spurt L prefabs, Instantiating an additional one.

Object Pool attached to GlobalPool has run out of Shockwave Spurt L prefabs, Instantiating an additional one.

Object Pool attached to GlobalPool has run out of Shockwave Spurt L prefabs, Instantiating an additional one.

Object Pool attached to GlobalPool has run out of Shockwave Spurt L prefabs, Instantiating an additional one.

Object Pool attached to GlobalPool has run out of Shockwave Spurt L prefabs, Instantiating an additional one.

Object Pool attached to GlobalPool has run out of Shockwave Spurt L prefabs, Instantiating an additional one.

Object Pool attached to GlobalPool has run out of Shockwave Spurt L prefabs, Instantiating an additional one.

Object Pool attached to GlobalPool has run out of Shockwave Spurt L prefabs, Instantiating an additional one.

Object Pool attached to GlobalPool has run out of Shockwave Spurt L prefabs, Instantiating an additional one.

Object Pool attached to GlobalPool has run out of Shockwave Spurt L prefabs, Instantiating an additional one.

Object Pool attached to GlobalPool has run out of Shockwave Spurt L prefabs, Instantiating an additional one.

Object Pool attached to GlobalPool has run out of Shockwave Spurt L prefabs, Instantiating an additional one.

Object Pool attached to GlobalPool has run out of Shockwave Spurt L prefabs, Instantiating an additional one.

Object Pool attached to GlobalPool has run out of Shockwave Spurt L prefabs, Instantiating an additional one.

AddEventHandlerComponent: PlayMakerFixedUpdate

AddEventHandlerComponent: PlayMakerFixedUpdate

AddEventHandlerComponent: PlayMakerFixedUpdate

AddEventHandlerComponent: PlayMakerFixedUpdate

AddEventHandlerComponent: PlayMakerFixedUpdate

AddEventHandlerComponent: PlayMakerFixedUpdate

AddEventHandlerComponent: PlayMakerFixedUpdate

AddEventHandlerComponent: PlayMakerFixedUpdate

Object Pool attached to GlobalPool has run out of Falling Barrel prefabs, Instantiating an additional one.

AddEventHandlerComponent: PlayMakerFixedUpdate

Object Pool attached to GlobalPool has run out of Falling Barrel prefabs, Instantiating an additional one.

AddEventHandlerComponent: PlayMakerFixedUpdate

Object Pool attached to GlobalPool has run out of Shockwave Spurt prefabs, Instantiating an additional one.

Object Pool attached to GlobalPool has run out of Shockwave Spurt prefabs, Instantiating an additional one.

Object Pool attached to GlobalPool has run out of Shockwave Spurt prefabs, Instantiating an additional one.

Object Pool attached to GlobalPool has run out of Shockwave Spurt prefabs, Instantiating an additional one.

Object Pool attached to GlobalPool has run out of Shockwave Spurt prefabs, Instantiating an additional one.

Object Pool attached to GlobalPool has run out of Shockwave Spurt prefabs, Instantiating an additional one.

Object Pool attached to GlobalPool has run out of Shockwave Spurt prefabs, Instantiating an additional one.

Object Pool attached to GlobalPool has run out of Shockwave Spurt prefabs, Instantiating an additional one.

Object Pool attached to GlobalPool has run out of Shockwave Spurt prefabs, Instantiating an additional one.

Object Pool attached to GlobalPool has run out of Shockwave Spurt prefabs, Instantiating an additional one.

Object Pool attached to GlobalPool has run out of Shockwave Spurt prefabs, Instantiating an additional one.

Object Pool attached to GlobalPool has run out of Shockwave Spurt prefabs, Instantiating an additional one.

Object Pool attached to GlobalPool has run out of Shockwave Spurt prefabs, Instantiating an additional one.

Object Pool attached to GlobalPool has run out of Shockwave Spurt prefabs, Instantiating an additional one.

Object Pool attached to GlobalPool has run out of Shockwave Spurt prefabs, Instantiating an additional one.

Object Pool attached to GlobalPool has run out of Shockwave Spurt prefabs, Instantiating an additional one.

Object Pool attached to GlobalPool has run out of Shockwave Spurt prefabs, Instantiating an additional one.

Object Pool attached to GlobalPool has run out of Shockwave Spurt prefabs, Instantiating an additional one.

Object Pool attached to GlobalPool has run out of Shockwave Spurt prefabs, Instantiating an additional one.

Object Pool attached to GlobalPool has run out of Shockwave Spurt prefabs, Instantiating an additional one.

Object Pool attached to GlobalPool has run out of Shockwave Spurt prefabs, Instantiating an additional one.

Object Pool attached to GlobalPool has run out of Shockwave Spurt prefabs, Instantiating an additional one.

Object Pool attached to GlobalPool has run out of Shockwave Spurt prefabs, Instantiating an additional one.

Object Pool attached to GlobalPool has run out of Shockwave Spurt prefabs, Instantiating an additional one.

Object Pool attached to GlobalPool has run out of Shockwave Spurt prefabs, Instantiating an additional one.

Object Pool attached to GlobalPool has run out of Shockwave Spurt prefabs, Instantiating an additional one.

Object Pool attached to GlobalPool has run out of Shockwave Spurt prefabs, Instantiating an additional one.

Object Pool attached to GlobalPool has run out of Shockwave Spurt prefabs, Instantiating an additional one.

Object Pool attached to GlobalPool has run out of Shockwave Spurt prefabs, Instantiating an additional one.

Object Pool attached to GlobalPool has run out of Shockwave Spurt prefabs, Instantiating an additional one.

Object Pool attached to GlobalPool has run out of Shockwave Spurt prefabs, Instantiating an additional one.

Object Pool attached to GlobalPool has run out of Shockwave Spurt prefabs, Instantiating an additional one.

Object Pool attached to GlobalPool has run out of Shockwave Spurt prefabs, Instantiating an additional one.

Object Pool attached to GlobalPool has run out of Shockwave Spurt prefabs, Instantiating an additional one.

Object Pool attached to GlobalPool has run out of Shockwave Spurt prefabs, Instantiating an additional one.

Object Pool attached to GlobalPool has run out of Shockwave Spurt prefabs, Instantiating an additional one.

Object Pool attached to GlobalPool has run out of Shockwave Spurt prefabs, Instantiating an additional one.

Object Pool attached to GlobalPool has run out of Shockwave Spurt prefabs, Instantiating an additional one.

Object Pool attached to GlobalPool has run out of Shockwave Spurt prefabs, Instantiating an additional one.

AddEventHandlerComponent: PlayMakerFixedUpdate

AddEventHandlerComponent: PlayMakerFixedUpdate

AddEventHandlerComponent: PlayMakerFixedUpdate

Deferring level start (marked as manual).

AddEventHandlerComponent: PlayMakerFixedUpdate

AddEventHandlerComponent: PlayMakerFixedUpdate

AddEventHandlerComponent: PlayMakerFixedUpdate

Object Pool attached to GlobalPool has run out of Arrow Prompt prefabs, Instantiating an additional one.

AddEventHandlerComponent: PlayMakerFixedUpdate

AddEventHandlerComponent: PlayMakerFixedUpdate

Additively loaded scene: Crossroads_10_boss_defeated in sequence

PlayOneShot was called with a null AudioClip.

AddEventHandlerComponent: PlayMakerFixedUpdate

AddEventHandlerComponent: PlayMakerFixedUpdate

Deferring level start (marked as manual).

Deferring level start (marked as manual).

Could not find FSM: health_manager

PlayOneShot was called with a null AudioClip.

AddEventHandlerComponent: PlayMakerFixedUpdate

AddEventHandlerComponent: PlayMakerFixedUpdate

AddEventHandlerComponent: PlayMakerFixedUpdate

AddEventHandlerComponent: PlayMakerFixedUpdate

AddEventHandlerComponent: PlayMakerFixedUpdate

AddEventHandlerComponent: PlayMakerFixedUpdate

AddEventHandlerComponent: PlayMakerFixedUpdate

AddEventHandlerComponent: PlayMakerFixedUpdate

AddEventHandlerComponent: PlayMakerFixedUpdate

AddEventHandlerComponent: PlayMakerFixedUpdate

Object Pool attached to GlobalPool has run out of Falling Barrel prefabs, Instantiating an additional one.

AddEventHandlerComponent: PlayMakerFixedUpdate

Object Pool attached to GlobalPool has run out of Shockwave Spurt L prefabs, Instantiating an additional one.

Object Pool attached to GlobalPool has run out of Falling Barrel prefabs, Instantiating an additional one.

AddEventHandlerComponent: PlayMakerFixedUpdate

AddEventHandlerComponent: PlayMakerFixedUpdate

AddEventHandlerComponent: PlayMakerFixedUpdate

AddEventHandlerComponent: PlayMakerFixedUpdate

Deferring level start (marked as manual).

AddEventHandlerComponent: PlayMakerFixedUpdate

AddEventHandlerComponent: PlayMakerFixedUpdate

AddEventHandlerComponent: PlayMakerFixedUpdate

Object Pool attached to GlobalPool has run out of Arrow Prompt prefabs, Instantiating an additional one.

AddEventHandlerComponent: PlayMakerFixedUpdate

AddEventHandlerComponent: PlayMakerFixedUpdate

Additively loaded scene: Crossroads_10_boss_defeated in sequence

PlayOneShot was called with a null AudioClip.

AddEventHandlerComponent: PlayMakerFixedUpdate

AddEventHandlerComponent: PlayMakerFixedUpdate

Deferring level start (marked as manual).

Deferring level start (marked as manual).

Could not find FSM: health_manager

PlayOneShot was called with a null AudioClip.

AddEventHandlerComponent: PlayMakerFixedUpdate

AddEventHandlerComponent: PlayMakerFixedUpdate

AddEventHandlerComponent: PlayMakerFixedUpdate

Deferring level start (marked as manual).

AddEventHandlerComponent: PlayMakerFixedUpdate

AddEventHandlerComponent: PlayMakerFixedUpdate

AddEventHandlerComponent: PlayMakerFixedUpdate

Object Pool attached to GlobalPool has run out of Arrow Prompt prefabs, Instantiating an additional one.

AddEventHandlerComponent: PlayMakerFixedUpdate

AddEventHandlerComponent: PlayMakerFixedUpdate

Additively loaded scene: Crossroads_10_boss_defeated in sequence

PlayOneShot was called with a null AudioClip.

AddEventHandlerComponent: PlayMakerFixedUpdate

AddEventHandlerComponent: PlayMakerFixedUpdate

Deferring level start (marked as manual).

Deferring level start (marked as manual).

Could not find FSM: health_manager

PlayOneShot was called with a null AudioClip.

AddEventHandlerComponent: PlayMakerFixedUpdate

AddEventHandlerComponent: PlayMakerFixedUpdate

AddEventHandlerComponent: PlayMakerFixedUpdate

AddEventHandlerComponent: PlayMakerFixedUpdate

AddEventHandlerComponent: PlayMakerFixedUpdate

AddEventHandlerComponent: PlayMakerFixedUpdate

AddEventHandlerComponent: PlayMakerFixedUpdate

AddEventHandlerComponent: PlayMakerFixedUpdate

AddEventHandlerComponent: PlayMakerFixedUpdate

AddEventHandlerComponent: PlayMakerFixedUpdate

AddEventHandlerComponent: PlayMakerFixedUpdate

AddEventHandlerComponent: PlayMakerFixedUpdate

AddEventHandlerComponent: PlayMakerFixedUpdate

AddEventHandlerComponent: PlayMakerFixedUpdate

Object Pool attached to GlobalPool has run out of Stun Effect prefabs, Instantiating an additional one.

Object Pool attached to GlobalPool could not find a copy of Hit Puff Med, Instantiating a new one.

Object Pool attached to GlobalPool has run out of Hit Puff Med prefabs, Instantiating an additional one.

Object Pool attached to GlobalPool has run out of Hit Puff Med prefabs, Instantiating an additional one.

Object Pool attached to GlobalPool has run out of Dust Hit Plume R prefabs, Instantiating an additional one.

Object Pool attached to GlobalPool has run out of Falling Barrel prefabs, Instantiating an additional one.

AddEventHandlerComponent: PlayMakerFixedUpdate

Object Pool attached to GlobalPool has run out of Falling Barrel prefabs, Instantiating an additional one.

AddEventHandlerComponent: PlayMakerFixedUpdate

Object Pool attached to GlobalPool has run out of Falling Barrel prefabs, Instantiating an additional one.

AddEventHandlerComponent: PlayMakerFixedUpdate

Object Pool attached to GlobalPool has run out of Falling Barrel prefabs, Instantiating an additional one.

AddEventHandlerComponent: PlayMakerFixedUpdate

Object Pool attached to GlobalPool has run out of Shockwave Spurt L prefabs, Instantiating an additional one.

Object Pool attached to GlobalPool has run out of Shockwave Spurt L prefabs, Instantiating an additional one.

AddEventHandlerComponent: PlayMakerFixedUpdate

AddEventHandlerComponent: PlayMakerFixedUpdate

AddEventHandlerComponent: PlayMakerFixedUpdate

Deferring level start (marked as manual).

AddEventHandlerComponent: PlayMakerFixedUpdate

AddEventHandlerComponent: PlayMakerFixedUpdate

AddEventHandlerComponent: PlayMakerFixedUpdate

Object Pool attached to GlobalPool has run out of Arrow Prompt prefabs, Instantiating an additional one.

AddEventHandlerComponent: PlayMakerFixedUpdate

AddEventHandlerComponent: PlayMakerFixedUpdate

Additively loaded scene: Crossroads_10_boss_defeated in sequence

PlayOneShot was called with a null AudioClip.

AddEventHandlerComponent: PlayMakerFixedUpdate

AddEventHandlerComponent: PlayMakerFixedUpdate

Deferring level start (marked as manual).

Deferring level start (marked as manual).

Could not find FSM: health_manager

PlayOneShot was called with a null AudioClip.

AddEventHandlerComponent: PlayMakerFixedUpdate

AddEventHandlerComponent: PlayMakerFixedUpdate

AddEventHandlerComponent: PlayMakerFixedUpdate

AddEventHandlerComponent: PlayMakerFixedUpdate

AddEventHandlerComponent: PlayMakerFixedUpdate

AddEventHandlerComponent: PlayMakerFixedUpdate

AddEventHandlerComponent: PlayMakerFixedUpdate

AddEventHandlerComponent: PlayMakerFixedUpdate

AddEventHandlerComponent: PlayMakerFixedUpdate

AddEventHandlerComponent: PlayMakerFixedUpdate

Object Pool attached to GlobalPool has run out of Shockwave Spurt prefabs, Instantiating an additional one.

AddEventHandlerComponent: PlayMakerFixedUpdate

AddEventHandlerComponent: PlayMakerFixedUpdate

AddEventHandlerComponent: PlayMakerFixedUpdate

Deferring level start (marked as manual).

AddEventHandlerComponent: PlayMakerFixedUpdate

AddEventHandlerComponent: PlayMakerFixedUpdate

AddEventHandlerComponent: PlayMakerFixedUpdate

Object Pool attached to GlobalPool has run out of Arrow Prompt prefabs, Instantiating an additional one.

AddEventHandlerComponent: PlayMakerFixedUpdate

AddEventHandlerComponent: PlayMakerFixedUpdate

Additively loaded scene: Crossroads_10_boss_defeated in sequence

PlayOneShot was called with a null AudioClip.

AddEventHandlerComponent: PlayMakerFixedUpdate

AddEventHandlerComponent: PlayMakerFixedUpdate

Deferring level start (marked as manual).

Deferring level start (marked as manual).

Could not find FSM: health_manager

PlayOneShot was called with a null AudioClip.

AddEventHandlerComponent: PlayMakerFixedUpdate

AddEventHandlerComponent: PlayMakerFixedUpdate

AddEventHandlerComponent: PlayMakerFixedUpdate

AddEventHandlerComponent: PlayMakerFixedUpdate

AddEventHandlerComponent: PlayMakerFixedUpdate

AddEventHandlerComponent: PlayMakerFixedUpdate

AddEventHandlerComponent: PlayMakerFixedUpdate

AddEventHandlerComponent: PlayMakerFixedUpdate

AddEventHandlerComponent: PlayMakerFixedUpdate

AddEventHandlerComponent: PlayMakerFixedUpdate

AddEventHandlerComponent: PlayMakerFixedUpdate

AddEventHandlerComponent: PlayMakerFixedUpdate

AddEventHandlerComponent: PlayMakerFixedUpdate

Deferring level start (marked as manual).

AddEventHandlerComponent: PlayMakerFixedUpdate

AddEventHandlerComponent: PlayMakerFixedUpdate

AddEventHandlerComponent: PlayMakerFixedUpdate

Object Pool attached to GlobalPool has run out of Arrow Prompt prefabs, Instantiating an additional one.

AddEventHandlerComponent: PlayMakerFixedUpdate

AddEventHandlerComponent: PlayMakerFixedUpdate

Additively loaded scene: Crossroads_10_boss_defeated in sequence

PlayOneShot was called with a null AudioClip.

AddEventHandlerComponent: PlayMakerFixedUpdate

AddEventHandlerComponent: PlayMakerFixedUpdate

Deferring level start (marked as manual).

Deferring level start (marked as manual).

Could not find FSM: health_manager

PlayOneShot was called with a null AudioClip.

AddEventHandlerComponent: PlayMakerFixedUpdate

AddEventHandlerComponent: PlayMakerFixedUpdate

AddEventHandlerComponent: PlayMakerFixedUpdate

AddEventHandlerComponent: PlayMakerFixedUpdate

AddEventHandlerComponent: PlayMakerFixedUpdate

AddEventHandlerComponent: PlayMakerFixedUpdate

AddEventHandlerComponent: PlayMakerFixedUpdate

AddEventHandlerComponent: PlayMakerFixedUpdate

AddEventHandlerComponent: PlayMakerFixedUpdate

AddEventHandlerComponent: PlayMakerFixedUpdate

Object Pool attached to GlobalPool has run out of Shockwave Spurt prefabs, Instantiating an additional one.

Object Pool attached to GlobalPool has run out of Shockwave Spurt prefabs, Instantiating an additional one.

Bump Height: 0.2122955

Object Pool attached to GlobalPool has run out of particle_orange blood prefabs, Instantiating an additional one.

Object Pool attached to GlobalPool has run out of particle_orange blood prefabs, Instantiating an additional one.

Object Pool attached to GlobalPool has run out of particle_orange blood prefabs, Instantiating an additional one.

Object Pool attached to GlobalPool has run out of particle_orange blood prefabs, Instantiating an additional one.

Object Pool attached to GlobalPool has run out of particle_orange blood prefabs, Instantiating an additional one.

Object Pool attached to GlobalPool has run out of particle_orange blood prefabs, Instantiating an additional one.

Object Pool attached to GlobalPool has run out of particle_orange blood prefabs, Instantiating an additional one.

Object Pool attached to GlobalPool has run out of particle_orange blood prefabs, Instantiating an additional one.

Pushing achievement DREAM_FK

Object Pool attached to GlobalPool has run out of particle_orange blood prefabs, Instantiating an additional one.

PlayOneShot was called with a null AudioClip.

Steam achievement DREAM_FK (0/0) upload complete

AddEventHandlerComponent: PlayMakerFixedUpdate

AddEventHandlerComponent: PlayMakerFixedUpdate

AddEventHandlerComponent: PlayMakerFixedUpdate

Deferring level start (marked as manual).

AddEventHandlerComponent: PlayMakerFixedUpdate

AddEventHandlerComponent: PlayMakerFixedUpdate

AddEventHandlerComponent: PlayMakerFixedUpdate

Object Pool attached to GlobalPool has run out of Arrow Prompt prefabs, Instantiating an additional one.

AddEventHandlerComponent: PlayMakerFixedUpdate

AddEventHandlerComponent: PlayMakerFixedUpdate

Additively loaded scene: Crossroads_10_boss_defeated in sequence

PlayOneShot was called with a null AudioClip.

AddEventHandlerComponent: PlayMakerFixedUpdate

AddEventHandlerComponent: PlayMakerFixedUpdate

AddEventHandlerComponent: PlayMakerFixedUpdate

AddEventHandlerComponent: PlayMakerFixedUpdate

Deferring level start (marked as manual).

Deferring level start (marked as manual).

Unloading 48 Unused Serialized files (Serialized files now loaded: 0)

Unloading 2487 unused Assets to reduce memory usage. Loaded Objects now: 97138.
Total: 242.120400 ms (FindLiveObjects: 4.950300 ms CreateObjectMapping: 1.294800 ms MarkObjects: 230.348800 ms  DeleteObjects: 5.526000 ms)

PlayOneShot was called with a null AudioClip.

AddEventHandlerComponent: PlayMakerFixedUpdate

AddEventHandlerComponent: PlayMakerFixedUpdate

Deferring level start (marked as manual).

AddEventHandlerComponent: PlayMakerFixedUpdate

AddEventHandlerComponent: PlayMakerFixedUpdate

AddEventHandlerComponent: PlayMakerFixedUpdate

AddEventHandlerComponent: PlayMakerFixedUpdate

AddEventHandlerComponent: PlayMakerFixedUpdate

AddEventHandlerComponent: PlayMakerFixedUpdate

AddEventHandlerComponent: PlayMakerFixedUpdate

AddEventHandlerComponent: PlayMakerFixedUpdate

AddEventHandlerComponent: PlayMakerFixedUpdate

AddEventHandlerComponent: PlayMakerFixedUpdate

AddEventHandlerComponent: PlayMakerFixedUpdate

AddEventHandlerComponent: PlayMakerFixedUpdate

AddEventHandlerComponent: PlayMakerFixedUpdate

AddEventHandlerComponent: PlayMakerFixedUpdate

AddEventHandlerComponent: PlayMakerFixedUpdate

Deferring level start (marked as manual).

AddEventHandlerComponent: PlayMakerCollisionEnter2D

AddEventHandlerComponent: PlayMakerFixedUpdate

AddEventHandlerComponent: PlayMakerCollisionEnter2D

AddEventHandlerComponent: PlayMakerFixedUpdate

AddEventHandlerComponent: PlayMakerCollisionEnter2D

AddEventHandlerComponent: PlayMakerFixedUpdate

AddEventHandlerComponent: PlayMakerCollisionEnter2D

AddEventHandlerComponent: PlayMakerFixedUpdate

AddEventHandlerComponent: PlayMakerCollisionEnter2D

AddEventHandlerComponent: PlayMakerFixedUpdate

AddEventHandlerComponent: PlayMakerFixedUpdate

AddEventHandlerComponent: PlayMakerFixedUpdate

AddEventHandlerComponent: PlayMakerFixedUpdate

AddEventHandlerComponent: PlayMakerFixedUpdate

AddEventHandlerComponent: PlayMakerFixedUpdate

AddEventHandlerComponent: PlayMakerFixedUpdate

AddEventHandlerComponent: PlayMakerFixedUpdate

AddEventHandlerComponent: PlayMakerFixedUpdate

AddEventHandlerComponent: PlayMakerFixedUpdate

AddEventHandlerComponent: PlayMakerFixedUpdate

PlayOneShot was called with a null AudioClip.

AddEventHandlerComponent: PlayMakerFixedUpdate

Deferring level start (marked as manual).

AddEventHandlerComponent: PlayMakerFixedUpdate

AddEventHandlerComponent: PlayMakerFixedUpdate

AddEventHandlerComponent: PlayMakerFixedUpdate

AddEventHandlerComponent: PlayMakerFixedUpdate

AddEventHandlerComponent: PlayMakerFixedUpdate

AddEventHandlerComponent: PlayMakerFixedUpdate

Deferring level start (marked as manual).

Unloading 51 Unused Serialized files (Serialized files now loaded: 0)
Object Pool attached to GlobalPool has run out of Arrow Prompt prefabs, Instantiating an additional one.


Unloading 1457 unused Assets to reduce memory usage. Loaded Objects now: 97676.
Total: 243.594600 ms (FindLiveObjects: 4.217600 ms CreateObjectMapping: 1.118500 ms MarkObjects: 235.330000 ms  DeleteObjects: 2.927600 ms)

AddEventHandlerComponent: PlayMakerFixedUpdate

AddEventHandlerComponent: PlayMakerFixedUpdate

AddEventHandlerComponent: PlayMakerFixedUpdate

AddEventHandlerComponent: PlayMakerFixedUpdate

AddEventHandlerComponent: PlayMakerFixedUpdate

Deferring level start (marked as manual).

Could not find FSM: health_manager_enemy

AddEventHandlerComponent: PlayMakerCollisionEnter2D

AddEventHandlerComponent: PlayMakerFixedUpdate

AddEventHandlerComponent: PlayMakerFixedUpdate

AddEventHandlerComponent: PlayMakerFixedUpdate

AddEventHandlerComponent: PlayMakerFixedUpdate

AddEventHandlerComponent: PlayMakerFixedUpdate

AddEventHandlerComponent: PlayMakerFixedUpdate

AddEventHandlerComponent: PlayMakerFixedUpdate

AddEventHandlerComponent: PlayMakerFixedUpdate

Deferring level start (marked as manual).

AddEventHandlerComponent: PlayMakerFixedUpdate

Deferring level start (marked as manual).

AddEventHandlerComponent: PlayMakerFixedUpdate

AddEventHandlerComponent: PlayMakerFixedUpdate

AddEventHandlerComponent: PlayMakerFixedUpdate

AddEventHandlerComponent: PlayMakerFixedUpdate

AddEventHandlerComponent: PlayMakerFixedUpdate

AddEventHandlerComponent: PlayMakerFixedUpdate

AddEventHandlerComponent: PlayMakerFixedUpdate

Deferring level start (marked as manual).

AddEventHandlerComponent: PlayMakerFixedUpdate

AddEventHandlerComponent: PlayMakerFixedUpdate

AddEventHandlerComponent: PlayMakerFixedUpdate

AddEventHandlerComponent: PlayMakerFixedUpdate

AddEventHandlerComponent: PlayMakerFixedUpdate

AddEventHandlerComponent: PlayMakerFixedUpdate

AddEventHandlerComponent: PlayMakerFixedUpdate

AddEventHandlerComponent: PlayMakerFixedUpdate

Deferring level start (marked as manual).

PlayOneShot was called with a null AudioClip.

AddEventHandlerComponent: PlayMakerFixedUpdate

AddEventHandlerComponent: PlayMakerFixedUpdate

AddEventHandlerComponent: PlayMakerFixedUpdate

AddEventHandlerComponent: PlayMakerFixedUpdate

AddEventHandlerComponent: PlayMakerFixedUpdate

AddEventHandlerComponent: PlayMakerFixedUpdate

AddEventHandlerComponent: PlayMakerFixedUpdate

AddEventHandlerComponent: PlayMakerFixedUpdate

AddEventHandlerComponent: PlayMakerFixedUpdate

AddEventHandlerComponent: PlayMakerFixedUpdate

AddEventHandlerComponent: PlayMakerFixedUpdate

AddEventHandlerComponent: PlayMakerFixedUpdate

AddEventHandlerComponent: PlayMakerFixedUpdate

AddEventHandlerComponent: PlayMakerFixedUpdate

AddEventHandlerComponent: PlayMakerFixedUpdate

AddEventHandlerComponent: PlayMakerFixedUpdate

AddEventHandlerComponent: PlayMakerFixedUpdate

AddEventHandlerComponent: PlayMakerFixedUpdate

AddEventHandlerComponent: PlayMakerFixedUpdate

AddEventHandlerComponent: PlayMakerFixedUpdate

AddEventHandlerComponent: PlayMakerFixedUpdate

AddEventHandlerComponent: PlayMakerFixedUpdate

AddEventHandlerComponent: PlayMakerFixedUpdate

AddEventHandlerComponent: PlayMakerFixedUpdate

AddEventHandlerComponent: PlayMakerFixedUpdate

AddEventHandlerComponent: PlayMakerFixedUpdate

AddEventHandlerComponent: PlayMakerFixedUpdate

AddEventHandlerComponent: PlayMakerFixedUpdate

AddEventHandlerComponent: PlayMakerFixedUpdate

AddEventHandlerComponent: PlayMakerFixedUpdate

AddEventHandlerComponent: PlayMakerFixedUpdate

AddEventHandlerComponent: PlayMakerFixedUpdate

AddEventHandlerComponent: PlayMakerFixedUpdate

AddEventHandlerComponent: PlayMakerFixedUpdate

AddEventHandlerComponent: PlayMakerFixedUpdate

AddEventHandlerComponent: PlayMakerFixedUpdate

Deferring level start (marked as manual).

Object Pool attached to GlobalPool has run out of Arrow Prompt prefabs, Instantiating an additional one.

Object Pool attached to GlobalPool has run out of Arrow Prompt prefabs, Instantiating an additional one.

AddEventHandlerComponent: PlayMakerFixedUpdate

AddEventHandlerComponent: PlayMakerFixedUpdate

AddEventHandlerComponent: PlayMakerFixedUpdate

AddEventHandlerComponent: PlayMakerFixedUpdate

AddEventHandlerComponent: PlayMakerFixedUpdate

AddEventHandlerComponent: PlayMakerFixedUpdate

AddEventHandlerComponent: PlayMakerFixedUpdate

AddEventHandlerComponent: PlayMakerFixedUpdate

Deferring level start (marked as manual).

PlayOneShot was called with a null AudioClip.

PlayOneShot was called with a null AudioClip.

PlayOneShot was called with a null AudioClip.

PlayOneShot was called with a null AudioClip.

AddEventHandlerComponent: PlayMakerFixedUpdate

AddEventHandlerComponent: PlayMakerFixedUpdate

AddEventHandlerComponent: PlayMakerFixedUpdate

AddEventHandlerComponent: PlayMakerFixedUpdate

AddEventHandlerComponent: PlayMakerFixedUpdate

AddEventHandlerComponent: PlayMakerFixedUpdate

AddEventHandlerComponent: PlayMakerFixedUpdate

AddEventHandlerComponent: PlayMakerFixedUpdate

AddEventHandlerComponent: PlayMakerFixedUpdate

AddEventHandlerComponent: PlayMakerFixedUpdate

AddEventHandlerComponent: PlayMakerFixedUpdate

AddEventHandlerComponent: PlayMakerFixedUpdate

AddEventHandlerComponent: PlayMakerFixedUpdate

AddEventHandlerComponent: PlayMakerFixedUpdate

AddEventHandlerComponent: PlayMakerFixedUpdate

Deferring level start (marked as manual).

PlayOneShot was called with a null AudioClip.

AddEventHandlerComponent: PlayMakerFixedUpdate

AddEventHandlerComponent: PlayMakerFixedUpdate

AddEventHandlerComponent: PlayMakerFixedUpdate

AddEventHandlerComponent: PlayMakerFixedUpdate

PlayOneShot was called with a null AudioClip.

PlayOneShot was called with a null AudioClip.

AddEventHandlerComponent: PlayMakerFixedUpdate

AddEventHandlerComponent: PlayMakerFixedUpdate

AddEventHandlerComponent: PlayMakerFixedUpdate

AddEventHandlerComponent: PlayMakerFixedUpdate

AddEventHandlerComponent: PlayMakerFixedUpdate

AddEventHandlerComponent: PlayMakerFixedUpdate

AddEventHandlerComponent: PlayMakerFixedUpdate

AddEventHandlerComponent: PlayMakerFixedUpdate

AddEventHandlerComponent: PlayMakerFixedUpdate

AddEventHandlerComponent: PlayMakerFixedUpdate

AddEventHandlerComponent: PlayMakerFixedUpdate

AddEventHandlerComponent: PlayMakerFixedUpdate

AddEventHandlerComponent: PlayMakerFixedUpdate

AddEventHandlerComponent: PlayMakerFixedUpdate

AddEventHandlerComponent: PlayMakerFixedUpdate

AddEventHandlerComponent: PlayMakerFixedUpdate

AddEventHandlerComponent: PlayMakerFixedUpdate

AddEventHandlerComponent: PlayMakerFixedUpdate

AddEventHandlerComponent: PlayMakerFixedUpdate

AddEventHandlerComponent: PlayMakerFixedUpdate

AddEventHandlerComponent: PlayMakerFixedUpdate

AddEventHandlerComponent: PlayMakerFixedUpdate

AddEventHandlerComponent: PlayMakerFixedUpdate

AddEventHandlerComponent: PlayMakerFixedUpdate

AddEventHandlerComponent: PlayMakerFixedUpdate

AddEventHandlerComponent: PlayMakerFixedUpdate

AddEventHandlerComponent: PlayMakerFixedUpdate

AddEventHandlerComponent: PlayMakerFixedUpdate

AddEventHandlerComponent: PlayMakerFixedUpdate

AddEventHandlerComponent: PlayMakerFixedUpdate

AddEventHandlerComponent: PlayMakerFixedUpdate

AddEventHandlerComponent: PlayMakerFixedUpdate

AddEventHandlerComponent: PlayMakerFixedUpdate

AddEventHandlerComponent: PlayMakerFixedUpdate

AddEventHandlerComponent: PlayMakerFixedUpdate

AddEventHandlerComponent: PlayMakerFixedUpdate

Deferring level start (marked as manual).

Object Pool attached to GlobalPool has run out of Arrow Prompt prefabs, Instantiating an additional one.

Object Pool attached to GlobalPool has run out of Arrow Prompt prefabs, Instantiating an additional one.

PlayOneShot was called with a null AudioClip.

PlayOneShot was called with a null AudioClip.

AddEventHandlerComponent: PlayMakerFixedUpdate

Deferring level start (marked as manual).

AddEventHandlerComponent: PlayMakerFixedUpdate

AddEventHandlerComponent: PlayMakerFixedUpdate

Deferring level start (marked as manual).

Object Pool attached to GlobalPool has run out of Arrow Prompt prefabs, Instantiating an additional one.

AddEventHandlerComponent: PlayMakerFixedUpdate

AddEventHandlerComponent: PlayMakerFixedUpdate

Additively loaded scene: Ruins2_11_boss in sequence

AddEventHandlerComponent: PlayMakerFixedUpdate

AddEventHandlerComponent: PlayMakerFixedUpdate

AddEventHandlerComponent: PlayMakerFixedUpdate

AddEventHandlerComponent: PlayMakerFixedUpdate

Object Pool attached to GlobalPool has run out of Slash Effect Shade prefabs, Instantiating an additional one.

Object Pool attached to GlobalPool has run out of Slash Effect Shade prefabs, Instantiating an additional one.

Object Pool attached to GlobalPool has run out of Slash Effect Shade prefabs, Instantiating an additional one.

Object Pool attached to GlobalPool has run out of Hit Flash Black prefabs, Instantiating an additional one.

AddEventHandlerComponent: PlayMakerFixedUpdate

AddEventHandlerComponent: PlayMakerFixedUpdate

AddEventHandlerComponent: PlayMakerFixedUpdate

AddEventHandlerComponent: PlayMakerFixedUpdate

Object Pool attached to GlobalPool has run out of Hit Shade prefabs, Instantiating an additional one.

AddEventHandlerComponent: PlayMakerFixedUpdate

AddEventHandlerComponent: PlayMakerFixedUpdate

AddEventHandlerComponent: PlayMakerFixedUpdate

AddEventHandlerComponent: PlayMakerFixedUpdate

AddEventHandlerComponent: PlayMakerFixedUpdate

PlayOneShot was called with a null AudioClip.

Pushing achievement COLLECTOR

Steam achievement COLLECTOR (0/0) upload complete

Object Pool attached to GlobalPool has run out of Audio Player NoDestroy prefabs, Instantiating an additional one.

AddEventHandlerComponent: PlayMakerFixedUpdate

AddEventHandlerComponent: PlayMakerFixedUpdate

AddEventHandlerComponent: PlayMakerFixedUpdate

AddEventHandlerComponent: PlayMakerFixedUpdate

AddEventHandlerComponent: PlayMakerFixedUpdate

AddEventHandlerComponent: PlayMakerFixedUpdate

Deferring level start (marked as manual).

Deferring level start (marked as manual).

Unloading 69 Unused Serialized files (Serialized files now loaded: 0)

Unloading 2547 unused Assets to reduce memory usage. Loaded Objects now: 98010.
Total: 293.388300 ms (FindLiveObjects: 3.939100 ms CreateObjectMapping: 1.539200 ms MarkObjects: 282.054100 ms  DeleteObjects: 5.854500 ms)

PlayOneShot was called with a null AudioClip.

AddEventHandlerComponent: PlayMakerFixedUpdate

AddEventHandlerComponent: PlayMakerFixedUpdate

AddEventHandlerComponent: PlayMakerFixedUpdate

AddEventHandlerComponent: PlayMakerFixedUpdate

AddEventHandlerComponent: PlayMakerFixedUpdate

Deferring level start (marked as manual).

Could not find FSM: health_manager_enemy

AddEventHandlerComponent: PlayMakerCollisionEnter2D

AddEventHandlerComponent: PlayMakerFixedUpdate

Coroutine couldn't be started because the the game object 'Area Title Controller (4)' is inactive!

AddEventHandlerComponent: PlayMakerFixedUpdate

AddEventHandlerComponent: PlayMakerFixedUpdate

AddEventHandlerComponent: PlayMakerFixedUpdate

AddEventHandlerComponent: PlayMakerFixedUpdate

AddEventHandlerComponent: PlayMakerFixedUpdate

AddEventHandlerComponent: PlayMakerFixedUpdate

AddEventHandlerComponent: PlayMakerFixedUpdate

AddEventHandlerComponent: PlayMakerFixedUpdate

AddEventHandlerComponent: PlayMakerFixedUpdate

AddEventHandlerComponent: PlayMakerFixedUpdate

AddEventHandlerComponent: PlayMakerFixedUpdate

Deferring level start (marked as manual).

AddEventHandlerComponent: PlayMakerFixedUpdate

AddEventHandlerComponent: PlayMakerFixedUpdate

AddEventHandlerComponent: PlayMakerFixedUpdate

AddEventHandlerComponent: PlayMakerFixedUpdate

AddEventHandlerComponent: PlayMakerFixedUpdate

AddEventHandlerComponent: PlayMakerFixedUpdate

Deferring level start (marked as manual).

Chain BG Chain R going up.

Chain BG Chain L going down.

Could not find FSM: Control Lever

Could not find FSM: Control Lever

Could not find FSM: Control Lever

Chain BG Chain L stopping.

Chain BG Chain R stopping.

Bump Height: 0.005290985

Bump Height: 0.005290985

Could not find FSM: Control Lever

AddEventHandlerComponent: PlayMakerFixedUpdate

AddEventHandlerComponent: PlayMakerFixedUpdate

AddEventHandlerComponent: PlayMakerFixedUpdate

AddEventHandlerComponent: PlayMakerFixedUpdate

AddEventHandlerComponent: PlayMakerFixedUpdate

AddEventHandlerComponent: PlayMakerFixedUpdate

AddEventHandlerComponent: PlayMakerFixedUpdate

AddEventHandlerComponent: PlayMakerFixedUpdate

AddEventHandlerComponent: PlayMakerFixedUpdate

AddEventHandlerComponent: PlayMakerFixedUpdate

AddEventHandlerComponent: PlayMakerFixedUpdate

AddEventHandlerComponent: PlayMakerFixedUpdate

AddEventHandlerComponent: PlayMakerFixedUpdate

AddEventHandlerComponent: PlayMakerFixedUpdate

AddEventHandlerComponent: PlayMakerFixedUpdate

AddEventHandlerComponent: PlayMakerFixedUpdate

AddEventHandlerComponent: PlayMakerFixedUpdate

Deferring level start (marked as manual).

Could not find FSM: health_manager_enemy

Could not find FSM: health_manager_enemy

Could not find FSM: health_manager_enemy

Could not find FSM: health_manager_enemy

AddEventHandlerComponent: PlayMakerCollisionEnter2D

AddEventHandlerComponent: PlayMakerFixedUpdate

AddEventHandlerComponent: PlayMakerCollisionEnter2D

AddEventHandlerComponent: PlayMakerFixedUpdate

AddEventHandlerComponent: PlayMakerCollisionEnter2D

AddEventHandlerComponent: PlayMakerFixedUpdate

AddEventHandlerComponent: PlayMakerCollisionEnter2D

AddEventHandlerComponent: PlayMakerFixedUpdate

Could not find FSM: health_manager_enemy

PlayOneShot was called with a null AudioClip.

PlayOneShot was called with a null AudioClip.

PlayOneShot was called with a null AudioClip.

PlayOneShot was called with a null AudioClip.

AddEventHandlerComponent: PlayMakerFixedUpdate

PlayOneShot was called with a null AudioClip.

PlayOneShot was called with a null AudioClip.

PlayOneShot was called with a null AudioClip.

PlayOneShot was called with a null AudioClip.

PlayOneShot was called with a null AudioClip.

PlayOneShot was called with a null AudioClip.

PlayOneShot was called with a null AudioClip.

PlayOneShot was called with a null AudioClip.

PlayOneShot was called with a null AudioClip.

PlayOneShot was called with a null AudioClip.

PlayOneShot was called with a null AudioClip.

PlayOneShot was called with a null AudioClip.

Unassigned debris part in Ruins Urn (3) (Breakable)

Unassigned debris part in Ruins Urn (4) (Breakable)

Object Pool attached to GlobalPool has run out of Fireball Hit prefabs, Instantiating an additional one.

PlayOneShot was called with a null AudioClip.

PlayOneShot was called with a null AudioClip.

AddEventHandlerComponent: PlayMakerFixedUpdate

Deferring level start (marked as manual).

PlayOneShot was called with a null AudioClip.

AddEventHandlerComponent: PlayMakerFixedUpdate

AddEventHandlerComponent: PlayMakerFixedUpdate

AddEventHandlerComponent: PlayMakerFixedUpdate

AddEventHandlerComponent: PlayMakerFixedUpdate

AddEventHandlerComponent: PlayMakerFixedUpdate

AddEventHandlerComponent: PlayMakerFixedUpdate

AddEventHandlerComponent: PlayMakerFixedUpdate

AddEventHandlerComponent: PlayMakerFixedUpdate

AddEventHandlerComponent: PlayMakerFixedUpdate

AddEventHandlerComponent: PlayMakerFixedUpdate

AddEventHandlerComponent: PlayMakerFixedUpdate

AddEventHandlerComponent: PlayMakerFixedUpdate

AddEventHandlerComponent: PlayMakerFixedUpdate

AddEventHandlerComponent: PlayMakerFixedUpdate

AddEventHandlerComponent: PlayMakerFixedUpdate

AddEventHandlerComponent: PlayMakerFixedUpdate

AddEventHandlerComponent: PlayMakerFixedUpdate

Deferring level start (marked as manual).

Could not find FSM: health_manager_enemy

Could not find FSM: health_manager_enemy

Could not find FSM: health_manager_enemy

Could not find FSM: health_manager_enemy

AddEventHandlerComponent: PlayMakerCollisionEnter2D

AddEventHandlerComponent: PlayMakerFixedUpdate

AddEventHandlerComponent: PlayMakerCollisionEnter2D

AddEventHandlerComponent: PlayMakerFixedUpdate

AddEventHandlerComponent: PlayMakerCollisionEnter2D

AddEventHandlerComponent: PlayMakerFixedUpdate

AddEventHandlerComponent: PlayMakerCollisionEnter2D

AddEventHandlerComponent: PlayMakerFixedUpdate

Could not find FSM: health_manager_enemy

PlayOneShot was called with a null AudioClip.

PlayOneShot was called with a null AudioClip.

PlayOneShot was called with a null AudioClip.

PlayOneShot was called with a null AudioClip.

PlayOneShot was called with a null AudioClip.

AddEventHandlerComponent: PlayMakerFixedUpdate

PlayOneShot was called with a null AudioClip.

PlayOneShot was called with a null AudioClip.

PlayOneShot was called with a null AudioClip.

PlayOneShot was called with a null AudioClip.

PlayOneShot was called with a null AudioClip.

AddEventHandlerComponent: PlayMakerFixedUpdate

AddEventHandlerComponent: PlayMakerFixedUpdate

AddEventHandlerComponent: PlayMakerFixedUpdate

AddEventHandlerComponent: PlayMakerFixedUpdate

AddEventHandlerComponent: PlayMakerFixedUpdate

AddEventHandlerComponent: PlayMakerFixedUpdate

AddEventHandlerComponent: PlayMakerFixedUpdate

AddEventHandlerComponent: PlayMakerFixedUpdate

AddEventHandlerComponent: PlayMakerFixedUpdate

AddEventHandlerComponent: PlayMakerFixedUpdate

Deferring level start (marked as manual).

PlayOneShot was called with a null AudioClip.

Could not find FSM: health_manager_enemy

Could not find FSM: health_manager_enemy

AddEventHandlerComponent: PlayMakerCollisionEnter2D

AddEventHandlerComponent: PlayMakerFixedUpdate

AddEventHandlerComponent: PlayMakerCollisionEnter2D

AddEventHandlerComponent: PlayMakerFixedUpdate

AddEventHandlerComponent: PlayMakerFixedUpdate

Deferring level start (marked as manual).

AddEventHandlerComponent: PlayMakerFixedUpdate

AddEventHandlerComponent: PlayMakerFixedUpdate

AddEventHandlerComponent: PlayMakerFixedUpdate

AddEventHandlerComponent: PlayMakerFixedUpdate

AddEventHandlerComponent: PlayMakerFixedUpdate

AddEventHandlerComponent: PlayMakerFixedUpdate

AddEventHandlerComponent: PlayMakerFixedUpdate

AddEventHandlerComponent: PlayMakerFixedUpdate

AddEventHandlerComponent: PlayMakerFixedUpdate

AddEventHandlerComponent: PlayMakerFixedUpdate

Deferring level start (marked as manual).

PlayOneShot was called with a null AudioClip.

Could not find FSM: health_manager_enemy

Could not find FSM: health_manager_enemy

AddEventHandlerComponent: PlayMakerCollisionEnter2D

AddEventHandlerComponent: PlayMakerFixedUpdate

AddEventHandlerComponent: PlayMakerCollisionEnter2D

AddEventHandlerComponent: PlayMakerFixedUpdate

PlayOneShot was called with a null AudioClip.

Object Pool attached to GlobalPool has run out of Slash Impact R prefabs, Instantiating an additional one.

PlayOneShot was called with a null AudioClip.

PlayOneShot was called with a null AudioClip.

PlayOneShot was called with a null AudioClip.

Could not find FSM: Control Lever

Bump Height: 0.005290985

PlayOneShot was called with a null AudioClip.

PlayOneShot was called with a null AudioClip.

Chain BG Chain L stopping.

Chain BG Chain R stopping.

PlayOneShot was called with a null AudioClip.

Could not find FSM: Control Lever

PlayOneShot was called with a null AudioClip.

PlayOneShot was called with a null AudioClip.

PlayOneShot was called with a null AudioClip.

PlayOneShot was called with a null AudioClip.

PlayOneShot was called with a null AudioClip.

PlayOneShot was called with a null AudioClip.

Chain BG Chain R going up.

Chain BG Chain L going down.

Chain BG Chain L stopping.

Chain BG Chain R stopping.

Could not find FSM: Control Lever

Bump Height: 0.005290985

Bump Height: 0.005290985

Could not find FSM: Control Lever

Bump Height: 0.00528717

Bump Height: 0.00528717

AddEventHandlerComponent: PlayMakerFixedUpdate

AddEventHandlerComponent: PlayMakerFixedUpdate

AddEventHandlerComponent: PlayMakerFixedUpdate

AddEventHandlerComponent: PlayMakerFixedUpdate

AddEventHandlerComponent: PlayMakerFixedUpdate

AddEventHandlerComponent: PlayMakerFixedUpdate

AddEventHandlerComponent: PlayMakerFixedUpdate

Deferring level start (marked as manual).

Could not find FSM: health_manager_enemy

AddEventHandlerComponent: PlayMakerCollisionEnter2D

AddEventHandlerComponent: PlayMakerFixedUpdate

Object Pool attached to GlobalPool has run out of Arrow Prompt prefabs, Instantiating an additional one.

AddEventHandlerComponent: PlayMakerFixedUpdate

AddEventHandlerComponent: PlayMakerFixedUpdate

AddEventHandlerComponent: PlayMakerFixedUpdate

AddEventHandlerComponent: PlayMakerFixedUpdate

AddEventHandlerComponent: PlayMakerFixedUpdate

AddEventHandlerComponent: PlayMakerFixedUpdate

Additively loaded scene: Ruins2_03_boss in sequence

AddEventHandlerComponent: PlayMakerFixedUpdate

AddEventHandlerComponent: PlayMakerFixedUpdate

AddEventHandlerComponent: PlayMakerFixedUpdate

AddEventHandlerComponent: PlayMakerFixedUpdate

AddEventHandlerComponent: PlayMakerFixedUpdate

AddEventHandlerComponent: PlayMakerFixedUpdate

Could not find FSM: Control Lever

Could not find FSM: Control Lever

Bump Height: 0.00528717

Could not find FSM: Control Lever

Could not find FSM: Control Lever

AddEventHandlerComponent: PlayMakerFixedUpdate

AddEventHandlerComponent: PlayMakerFixedUpdate

AddEventHandlerComponent: PlayMakerFixedUpdate

AddEventHandlerComponent: PlayMakerFixedUpdate

AddEventHandlerComponent: PlayMakerFixedUpdate

AddEventHandlerComponent: PlayMakerFixedUpdate

AddEventHandlerComponent: PlayMakerFixedUpdate

AddEventHandlerComponent: PlayMakerFixedUpdate

AddEventHandlerComponent: PlayMakerFixedUpdate

AddEventHandlerComponent: PlayMakerFixedUpdate

Deferring level start (marked as manual).

Deferring level start (marked as manual).

PlayOneShot was called with a null AudioClip.

Could not find FSM: health_manager_enemy

Could not find FSM: health_manager_enemy

AddEventHandlerComponent: PlayMakerCollisionEnter2D

AddEventHandlerComponent: PlayMakerFixedUpdate

AddEventHandlerComponent: PlayMakerCollisionEnter2D

AddEventHandlerComponent: PlayMakerFixedUpdate

Could not find FSM: Control Lever

Bump Height: 0.00528717

Bump Height: 0.00528717

Could not find FSM: Control Lever

AddEventHandlerComponent: PlayMakerFixedUpdate

AddEventHandlerComponent: PlayMakerFixedUpdate

AddEventHandlerComponent: PlayMakerFixedUpdate

AddEventHandlerComponent: PlayMakerFixedUpdate

AddEventHandlerComponent: PlayMakerFixedUpdate

AddEventHandlerComponent: PlayMakerFixedUpdate

AddEventHandlerComponent: PlayMakerFixedUpdate

Deferring level start (marked as manual).

Could not find FSM: health_manager_enemy

AddEventHandlerComponent: PlayMakerCollisionEnter2D

AddEventHandlerComponent: PlayMakerFixedUpdate

PlayOneShot was called with a null AudioClip.

AddEventHandlerComponent: PlayMakerFixedUpdate

AddEventHandlerComponent: PlayMakerFixedUpdate

PlayOneShot was called with a null AudioClip.

PlayOneShot was called with a null AudioClip.

PlayOneShot was called with a null AudioClip.

PlayOneShot was called with a null AudioClip.

PlayOneShot was called with a null AudioClip.

Pushing achievement METAMORPHOSIS

Steam achievement METAMORPHOSIS (0/0) upload complete

AddEventHandlerComponent: PlayMakerFixedUpdate

AddEventHandlerComponent: PlayMakerFixedUpdate

AddEventHandlerComponent: PlayMakerFixedUpdate

AddEventHandlerComponent: PlayMakerFixedUpdate

AddEventHandlerComponent: PlayMakerFixedUpdate

AddEventHandlerComponent: PlayMakerFixedUpdate

AddEventHandlerComponent: PlayMakerFixedUpdate

AddEventHandlerComponent: PlayMakerFixedUpdate

AddEventHandlerComponent: PlayMakerFixedUpdate

AddEventHandlerComponent: PlayMakerFixedUpdate

Deferring level start (marked as manual).

PlayOneShot was called with a null AudioClip.

Could not find FSM: health_manager_enemy

Could not find FSM: health_manager_enemy

AddEventHandlerComponent: PlayMakerCollisionEnter2D

AddEventHandlerComponent: PlayMakerFixedUpdate

AddEventHandlerComponent: PlayMakerCollisionEnter2D

AddEventHandlerComponent: PlayMakerFixedUpdate

Could not find FSM: Control Lever

Could not find FSM: Control Lever

Bump Height: 0.00528717

Bump Height: 0.00528717

AddEventHandlerComponent: PlayMakerFixedUpdate

AddEventHandlerComponent: PlayMakerFixedUpdate

AddEventHandlerComponent: PlayMakerFixedUpdate

AddEventHandlerComponent: PlayMakerFixedUpdate

AddEventHandlerComponent: PlayMakerFixedUpdate

AddEventHandlerComponent: PlayMakerFixedUpdate

AddEventHandlerComponent: PlayMakerFixedUpdate

Deferring level start (marked as manual).

Could not find FSM: health_manager_enemy

AddEventHandlerComponent: PlayMakerCollisionEnter2D

AddEventHandlerComponent: PlayMakerFixedUpdate

AddEventHandlerComponent: PlayMakerFixedUpdate

AddEventHandlerComponent: PlayMakerFixedUpdate

AddEventHandlerComponent: PlayMakerFixedUpdate

AddEventHandlerComponent: PlayMakerFixedUpdate

AddEventHandlerComponent: PlayMakerFixedUpdate

AddEventHandlerComponent: PlayMakerFixedUpdate

Additively loaded scene: Ruins2_03_boss in sequence

AddEventHandlerComponent: PlayMakerFixedUpdate

AddEventHandlerComponent: PlayMakerFixedUpdate

AddEventHandlerComponent: PlayMakerFixedUpdate

AddEventHandlerComponent: PlayMakerFixedUpdate

AddEventHandlerComponent: PlayMakerFixedUpdate

AddEventHandlerComponent: PlayMakerFixedUpdate

Could not find FSM: Control Lever

Could not find FSM: Control Lever

Chain BG Chain R going up.

Chain BG Chain L going down.

Chain BG Chain L stopping.

Chain BG Chain R stopping.

Bump Height: 0.00528717

Could not find FSM: Control Lever

Could not find FSM: Control Lever

Bump Height: 0.00528717

Object Pool attached to GlobalPool could not find a copy of Hit Puff Large, Instantiating a new one.

Object Pool attached to GlobalPool has run out of Hit Puff Large prefabs, Instantiating an additional one.

PlayOneShot was called with a null AudioClip.

Object Pool attached to GlobalPool has run out of Hit Puff Large prefabs, Instantiating an additional one.

PlayOneShot was called with a null AudioClip.

PlayOneShot was called with a null AudioClip.

PlayOneShot was called with a null AudioClip.

PlayOneShot was called with a null AudioClip.

PlayOneShot was called with a null AudioClip.

PlayOneShot was called with a null AudioClip.

PlayOneShot was called with a null AudioClip.

PlayOneShot was called with a null AudioClip.

PlayOneShot was called with a null AudioClip.

PlayOneShot was called with a null AudioClip.

PlayOneShot was called with a null AudioClip.

PlayOneShot was called with a null AudioClip.

PlayOneShot was called with a null AudioClip.

PlayOneShot was called with a null AudioClip.

PlayOneShot was called with a null AudioClip.

PlayOneShot was called with a null AudioClip.

PlayOneShot was called with a null AudioClip.

PlayOneShot was called with a null AudioClip.

PlayOneShot was called with a null AudioClip.

PlayOneShot was called with a null AudioClip.

PlayOneShot was called with a null AudioClip.

PlayOneShot was called with a null AudioClip.

PlayOneShot was called with a null AudioClip.

Object Pool attached to GlobalPool has run out of Hit Puff Large prefabs, Instantiating an additional one.

Object Pool attached to GlobalPool has run out of Hit Puff Large prefabs, Instantiating an additional one.

Object Pool attached to GlobalPool has run out of Hit Puff Large prefabs, Instantiating an additional one.

PlayOneShot was called with a null AudioClip.

Object Pool attached to GlobalPool has run out of Audio Player NoDestroy prefabs, Instantiating an additional one.

AddEventHandlerComponent: PlayMakerFixedUpdate

AddEventHandlerComponent: PlayMakerFixedUpdate

AddEventHandlerComponent: PlayMakerFixedUpdate

AddEventHandlerComponent: PlayMakerFixedUpdate

AddEventHandlerComponent: PlayMakerFixedUpdate

Deferring level start (marked as manual).

Deferring level start (marked as manual).

Setting skip mode: NOT_SKIPPABLE

Could not find FSM: Control Lever

Could not find FSM: Control Lever

Bump Height: 0.005290389

Bump Height: 0.005290389

Bump Height: 0.005290508

Bump Height: 0.005290508

Chain BG Chain R going up.

Chain BG Chain L going down.

Chain BG Chain L stopping.

Chain BG Chain R stopping.

Bump Height: 0.0052948

Creating new CinematicVideoPlayer for in game video

Waiting for CinematicVideoPlayer in game video load...

Starting cinematic video player in game video.

Finishing in-game video.

Chain BG Chain R going down.

Chain BG Chain L going up.

Chain BG Chain L stopping.

Chain BG Chain R stopping.

Bump Height: 3.814697E-06

Chain BG Chain R going up.

Chain BG Chain L going down.

Chain BG Chain L stopping.

Chain BG Chain R stopping.

Bump Height: 0.0052948

Bump Height: 0.0052948

Could not find FSM: Control Lever

Could not find FSM: Control Lever

PlayOneShot was called with a null AudioClip.

Deferring level start (marked as manual).

Setting skip mode: NOT_SKIPPABLE

PlayOneShot was called with a null AudioClip.

Material 'Particle_Dream_03 (Instance)' with Shader 'Legacy Shaders/Particles/Additive (Soft)' doesn't have a color property '_Color'

Material 'Particle_Dream_03 (Instance)' with Shader 'Legacy Shaders/Particles/Additive (Soft)' doesn't have a color property '_Color'

PlayOneShot was called with a null AudioClip.

PlayOneShot was called with a null AudioClip.

PlayOneShot was called with a null AudioClip.

PlayOneShot was called with a null AudioClip.

PlayOneShot was called with a null AudioClip.

PlayOneShot was called with a null AudioClip.

AddEventHandlerComponent: PlayMakerFixedUpdate

AddEventHandlerComponent: PlayMakerFixedUpdate

AddEventHandlerComponent: PlayMakerFixedUpdate

AddEventHandlerComponent: PlayMakerFixedUpdate

AddEventHandlerComponent: PlayMakerFixedUpdate

AddEventHandlerComponent: PlayMakerFixedUpdate

AddEventHandlerComponent: PlayMakerFixedUpdate

AddEventHandlerComponent: PlayMakerFixedUpdate

AddEventHandlerComponent: PlayMakerFixedUpdate

AddEventHandlerComponent: PlayMakerFixedUpdate

AddEventHandlerComponent: PlayMakerFixedUpdate

AddEventHandlerComponent: PlayMakerFixedUpdate

AddEventHandlerComponent: PlayMakerFixedUpdate

AddEventHandlerComponent: PlayMakerFixedUpdate

AddEventHandlerComponent: PlayMakerFixedUpdate

AddEventHandlerComponent: PlayMakerFixedUpdate

AddEventHandlerComponent: PlayMakerFixedUpdate

AddEventHandlerComponent: PlayMakerFixedUpdate

AddEventHandlerComponent: PlayMakerFixedUpdate

AddEventHandlerComponent: PlayMakerFixedUpdate

AddEventHandlerComponent: PlayMakerFixedUpdate

AddEventHandlerComponent: PlayMakerFixedUpdate

AddEventHandlerComponent: PlayMakerFixedUpdate

AddEventHandlerComponent: PlayMakerFixedUpdate

AddEventHandlerComponent: PlayMakerFixedUpdate

AddEventHandlerComponent: PlayMakerFixedUpdate

AddEventHandlerComponent: PlayMakerFixedUpdate

AddEventHandlerComponent: PlayMakerFixedUpdate

AddEventHandlerComponent: PlayMakerFixedUpdate

AddEventHandlerComponent: PlayMakerFixedUpdate

AddEventHandlerComponent: PlayMakerFixedUpdate

AddEventHandlerComponent: PlayMakerFixedUpdate

AddEventHandlerComponent: PlayMakerFixedUpdate

AddEventHandlerComponent: PlayMakerFixedUpdate

AddEventHandlerComponent: PlayMakerFixedUpdate

AddEventHandlerComponent: PlayMakerFixedUpdate

AddEventHandlerComponent: PlayMakerFixedUpdate

AddEventHandlerComponent: PlayMakerFixedUpdate

AddEventHandlerComponent: PlayMakerFixedUpdate

AddEventHandlerComponent: PlayMakerFixedUpdate

AddEventHandlerComponent: PlayMakerFixedUpdate

AddEventHandlerComponent: PlayMakerFixedUpdate

AddEventHandlerComponent: PlayMakerFixedUpdate

AddEventHandlerComponent: PlayMakerFixedUpdate

AddEventHandlerComponent: PlayMakerFixedUpdate

AddEventHandlerComponent: PlayMakerFixedUpdate

AddEventHandlerComponent: PlayMakerFixedUpdate

AddEventHandlerComponent: PlayMakerFixedUpdate

AddEventHandlerComponent: PlayMakerFixedUpdate

AddEventHandlerComponent: PlayMakerFixedUpdate

Creating new CinematicVideoPlayer for in game video

Waiting for CinematicVideoPlayer in game video load...

Starting cinematic video player in game video.

Finishing in-game video.

Pushing achievement WATCHER

Steam achievement WATCHER (0/0) upload complete

Deferring level start (marked as manual).

Setting skip mode: NOT_SKIPPABLE

AddEventHandlerComponent: PlayMakerFixedUpdate

AddEventHandlerComponent: PlayMakerFixedUpdate

AddEventHandlerComponent: PlayMakerFixedUpdate

AddEventHandlerComponent: PlayMakerFixedUpdate

AddEventHandlerComponent: PlayMakerFixedUpdate

Deferring level start (marked as manual).

Setting skip mode: NOT_SKIPPABLE

AddEventHandlerComponent: PlayMakerFixedUpdate

AddEventHandlerComponent: PlayMakerFixedUpdate

AddEventHandlerComponent: PlayMakerFixedUpdate

Deferring level start (marked as manual).

Unloading 69 Unused Serialized files (Serialized files now loaded: 0)

Unloading 2502 unused Assets to reduce memory usage. Loaded Objects now: 99296.
Total: 220.255900 ms (FindLiveObjects: 3.752900 ms CreateObjectMapping: 1.117100 ms MarkObjects: 211.262900 ms  DeleteObjects: 4.122500 ms)

PlayOneShot was called with a null AudioClip.

PlayOneShot was called with a null AudioClip.

AddEventHandlerComponent: PlayMakerFixedUpdate

AddEventHandlerComponent: PlayMakerFixedUpdate

AddEventHandlerComponent: PlayMakerFixedUpdate

AddEventHandlerComponent: PlayMakerFixedUpdate

Deferring level start (marked as manual).

AddEventHandlerComponent: PlayMakerFixedUpdate

AddEventHandlerComponent: PlayMakerFixedUpdate

AddEventHandlerComponent: PlayMakerFixedUpdate

AddEventHandlerComponent: PlayMakerFixedUpdate

Object Pool attached to GlobalPool could not find a copy of Spore Plat Dust, Instantiating a new one.

Object Pool attached to GlobalPool has run out of Dripper White prefabs, Instantiating an additional one.

AddEventHandlerComponent: PlayMakerFixedUpdate

AddEventHandlerComponent: PlayMakerFixedUpdate

AddEventHandlerComponent: PlayMakerFixedUpdate

AddEventHandlerComponent: PlayMakerFixedUpdate

AddEventHandlerComponent: PlayMakerFixedUpdate

AddEventHandlerComponent: PlayMakerFixedUpdate

Deferring level start (marked as manual).

AddEventHandlerComponent: PlayMakerFixedUpdate

AddEventHandlerComponent: PlayMakerFixedUpdate

AddEventHandlerComponent: PlayMakerFixedUpdate

AddEventHandlerComponent: PlayMakerFixedUpdate

AddEventHandlerComponent: PlayMakerFixedUpdate

Deferring level start (marked as manual).

AddEventHandlerComponent: PlayMakerFixedUpdate

AddEventHandlerComponent: PlayMakerFixedUpdate

AddEventHandlerComponent: PlayMakerFixedUpdate

AddEventHandlerComponent: PlayMakerFixedUpdate

AddEventHandlerComponent: PlayMakerFixedUpdate

AddEventHandlerComponent: PlayMakerFixedUpdate

AddEventHandlerComponent: PlayMakerFixedUpdate

AddEventHandlerComponent: PlayMakerFixedUpdate

AddEventHandlerComponent: PlayMakerFixedUpdate

AddEventHandlerComponent: PlayMakerFixedUpdate

AddEventHandlerComponent: PlayMakerFixedUpdate

AddEventHandlerComponent: PlayMakerFixedUpdate

AddEventHandlerComponent: PlayMakerFixedUpdate

AddEventHandlerComponent: PlayMakerFixedUpdate

AddEventHandlerComponent: PlayMakerFixedUpdate

AddEventHandlerComponent: PlayMakerFixedUpdate

PlayOneShot was called with a null AudioClip.

AddEventHandlerComponent: PlayMakerFixedUpdate

PlayOneShot was called with a null AudioClip.

AddEventHandlerComponent: PlayMakerFixedUpdate

AddEventHandlerComponent: PlayMakerFixedUpdate

AddEventHandlerComponent: PlayMakerFixedUpdate

Deferring level start (marked as manual).

PlayOneShot was called with a null AudioClip.

AddEventHandlerComponent: PlayMakerFixedUpdate

AddEventHandlerComponent: PlayMakerFixedUpdate

AddEventHandlerComponent: PlayMakerFixedUpdate

AddEventHandlerComponent: PlayMakerFixedUpdate

AddEventHandlerComponent: PlayMakerFixedUpdate

AddEventHandlerComponent: PlayMakerFixedUpdate

AddEventHandlerComponent: PlayMakerFixedUpdate

AddEventHandlerComponent: PlayMakerFixedUpdate

AddEventHandlerComponent: PlayMakerFixedUpdate

AddEventHandlerComponent: PlayMakerFixedUpdate

AddEventHandlerComponent: PlayMakerFixedUpdate

AddEventHandlerComponent: PlayMakerFixedUpdate

AddEventHandlerComponent: PlayMakerFixedUpdate

AddEventHandlerComponent: PlayMakerFixedUpdate

AddEventHandlerComponent: PlayMakerFixedUpdate

AddEventHandlerComponent: PlayMakerFixedUpdate

AddEventHandlerComponent: PlayMakerFixedUpdate

AddEventHandlerComponent: PlayMakerFixedUpdate

AddEventHandlerComponent: PlayMakerFixedUpdate

PlayOneShot was called with a null AudioClip.

AddEventHandlerComponent: PlayMakerFixedUpdate

AddEventHandlerComponent: PlayMakerFixedUpdate

AddEventHandlerComponent: PlayMakerFixedUpdate

Deferring level start (marked as manual).

Unloading 39 Unused Serialized files (Serialized files now loaded: 0)

Unloading 798 unused Assets to reduce memory usage. Loaded Objects now: 99328.
Total: 254.978800 ms (FindLiveObjects: 4.412900 ms CreateObjectMapping: 1.115200 ms MarkObjects: 247.898700 ms  DeleteObjects: 1.551400 ms)

PlayOneShot was called with a null AudioClip.

AddEventHandlerComponent: PlayMakerFixedUpdate

AddEventHandlerComponent: PlayMakerFixedUpdate

AddEventHandlerComponent: PlayMakerFixedUpdate

AddEventHandlerComponent: PlayMakerFixedUpdate

AddEventHandlerComponent: PlayMakerFixedUpdate

AddEventHandlerComponent: PlayMakerFixedUpdate

AddEventHandlerComponent: PlayMakerFixedUpdate

AddEventHandlerComponent: PlayMakerCollisionEnter2D

AddEventHandlerComponent: PlayMakerFixedUpdate

AddEventHandlerComponent: PlayMakerFixedUpdate

AddEventHandlerComponent: PlayMakerFixedUpdate

AddEventHandlerComponent: PlayMakerFixedUpdate

AddEventHandlerComponent: PlayMakerFixedUpdate

AddEventHandlerComponent: PlayMakerFixedUpdate

Deferring level start (marked as manual).

Unloading 8 Unused Serialized files (Serialized files now loaded: 0)

Unloading 879 unused Assets to reduce memory usage. Loaded Objects now: 101128.
Total: 219.881900 ms (FindLiveObjects: 4.129900 ms CreateObjectMapping: 1.032600 ms MarkObjects: 213.329400 ms  DeleteObjects: 1.389400 ms)

AddEventHandlerComponent: PlayMakerFixedUpdate

Deferring level start (marked as manual).

AddEventHandlerComponent: PlayMakerFixedUpdate

AddEventHandlerComponent: PlayMakerFixedUpdate

AddEventHandlerComponent: PlayMakerFixedUpdate

AddEventHandlerComponent: PlayMakerFixedUpdate

Object Pool attached to GlobalPool has run out of Arrow Prompt prefabs, Instantiating an additional one.

Could not find FSM: Dialogue Page Control

Could not find FSM: ui_list

Could not find FSM: ui_list

Could not find FSM: Enough Geo

Could not find FSM: ui_list

AddEventHandlerComponent: PlayMakerFixedUpdate

AddEventHandlerComponent: PlayMakerFixedUpdate

AddEventHandlerComponent: PlayMakerFixedUpdate

AddEventHandlerComponent: PlayMakerFixedUpdate

AddEventHandlerComponent: PlayMakerFixedUpdate

AddEventHandlerComponent: PlayMakerFixedUpdate

AddEventHandlerComponent: PlayMakerFixedUpdate

AddEventHandlerComponent: PlayMakerCollisionEnter2D

AddEventHandlerComponent: PlayMakerFixedUpdate

AddEventHandlerComponent: PlayMakerFixedUpdate

AddEventHandlerComponent: PlayMakerFixedUpdate

AddEventHandlerComponent: PlayMakerFixedUpdate

AddEventHandlerComponent: PlayMakerFixedUpdate

AddEventHandlerComponent: PlayMakerFixedUpdate

Deferring level start (marked as manual).

AddEventHandlerComponent: PlayMakerFixedUpdate

AddEventHandlerComponent: PlayMakerFixedUpdate

AddEventHandlerComponent: PlayMakerFixedUpdate

AddEventHandlerComponent: PlayMakerFixedUpdate

AddEventHandlerComponent: PlayMakerFixedUpdate

AddEventHandlerComponent: PlayMakerFixedUpdate

Deferring level start (marked as manual).

Unloading 33 Unused Serialized files (Serialized files now loaded: 0)

Unloading 965 unused Assets to reduce memory usage. Loaded Objects now: 98409.
Total: 214.377000 ms (FindLiveObjects: 3.612400 ms CreateObjectMapping: 1.173200 ms MarkObjects: 207.731800 ms  DeleteObjects: 1.859200 ms)

AddEventHandlerComponent: PlayMakerFixedUpdate

AddEventHandlerComponent: PlayMakerFixedUpdate

AddEventHandlerComponent: PlayMakerFixedUpdate

AddEventHandlerComponent: PlayMakerFixedUpdate

AddEventHandlerComponent: PlayMakerFixedUpdate

Deferring level start (marked as manual).

Could not find FSM: health_manager_enemy

AddEventHandlerComponent: PlayMakerCollisionEnter2D

AddEventHandlerComponent: PlayMakerFixedUpdate

Coroutine couldn't be started because the the game object 'Area Title Controller (4)' is inactive!

AddEventHandlerComponent: PlayMakerFixedUpdate

AddEventHandlerComponent: PlayMakerFixedUpdate

AddEventHandlerComponent: PlayMakerFixedUpdate

AddEventHandlerComponent: PlayMakerFixedUpdate

AddEventHandlerComponent: PlayMakerFixedUpdate

AddEventHandlerComponent: PlayMakerFixedUpdate

AddEventHandlerComponent: PlayMakerFixedUpdate

AddEventHandlerComponent: PlayMakerFixedUpdate

AddEventHandlerComponent: PlayMakerFixedUpdate

AddEventHandlerComponent: PlayMakerFixedUpdate

AddEventHandlerComponent: PlayMakerFixedUpdate

Deferring level start (marked as manual).

AddEventHandlerComponent: PlayMakerFixedUpdate

Deferring level start (marked as manual).

AddEventHandlerComponent: PlayMakerFixedUpdate

AddEventHandlerComponent: PlayMakerFixedUpdate

AddEventHandlerComponent: PlayMakerFixedUpdate

AddEventHandlerComponent: PlayMakerFixedUpdate

AddEventHandlerComponent: PlayMakerFixedUpdate

AddEventHandlerComponent: PlayMakerFixedUpdate

AddEventHandlerComponent: PlayMakerFixedUpdate

AddEventHandlerComponent: PlayMakerFixedUpdate

AddEventHandlerComponent: PlayMakerFixedUpdate

AddEventHandlerComponent: PlayMakerFixedUpdate

AddEventHandlerComponent: PlayMakerFixedUpdate

Deferring level start (marked as manual).

AddEventHandlerComponent: PlayMakerFixedUpdate

Deferring level start (marked as manual).

AddEventHandlerComponent: PlayMakerFixedUpdate

AddEventHandlerComponent: PlayMakerFixedUpdate

AddEventHandlerComponent: PlayMakerFixedUpdate

AddEventHandlerComponent: PlayMakerFixedUpdate

AddEventHandlerComponent: PlayMakerFixedUpdate

AddEventHandlerComponent: PlayMakerFixedUpdate

AddEventHandlerComponent: PlayMakerFixedUpdate

AddEventHandlerComponent: PlayMakerFixedUpdate

AddEventHandlerComponent: PlayMakerFixedUpdate

AddEventHandlerComponent: PlayMakerFixedUpdate

AddEventHandlerComponent: PlayMakerFixedUpdate

AddEventHandlerComponent: PlayMakerFixedUpdate

Deferring level start (marked as manual).

Could not find FSM: health_manager_enemy

Could not find FSM: health_manager_enemy

AddEventHandlerComponent: PlayMakerFixedUpdate

AddEventHandlerComponent: PlayMakerFixedUpdate

AddEventHandlerComponent: PlayMakerFixedUpdate

AddEventHandlerComponent: PlayMakerFixedUpdate

AddEventHandlerComponent: PlayMakerCollisionEnter2D

AddEventHandlerComponent: PlayMakerFixedUpdate

AddEventHandlerComponent: PlayMakerCollisionEnter2D

AddEventHandlerComponent: PlayMakerFixedUpdate

AddEventHandlerComponent: PlayMakerFixedUpdate

AddEventHandlerComponent: PlayMakerFixedUpdate

AddEventHandlerComponent: PlayMakerFixedUpdate

Deferring level start (marked as manual).

AddEventHandlerComponent: PlayMakerFixedUpdate

AddEventHandlerComponent: PlayMakerFixedUpdate

AddEventHandlerComponent: PlayMakerFixedUpdate

AddEventHandlerComponent: PlayMakerFixedUpdate

AddEventHandlerComponent: PlayMakerFixedUpdate

AddEventHandlerComponent: PlayMakerFixedUpdate

AddEventHandlerComponent: PlayMakerFixedUpdate

AddEventHandlerComponent: PlayMakerFixedUpdate

AddEventHandlerComponent: PlayMakerFixedUpdate

AddEventHandlerComponent: PlayMakerFixedUpdate

AddEventHandlerComponent: PlayMakerFixedUpdate

Deferring level start (marked as manual).

AddEventHandlerComponent: PlayMakerFixedUpdate

AddEventHandlerComponent: PlayMakerFixedUpdate

AddEventHandlerComponent: PlayMakerFixedUpdate

AddEventHandlerComponent: PlayMakerFixedUpdate

AddEventHandlerComponent: PlayMakerFixedUpdate

AddEventHandlerComponent: PlayMakerFixedUpdate

AddEventHandlerComponent: PlayMakerFixedUpdate

AddEventHandlerComponent: PlayMakerFixedUpdate

AddEventHandlerComponent: PlayMakerFixedUpdate

AddEventHandlerComponent: PlayMakerFixedUpdate

AddEventHandlerComponent: PlayMakerFixedUpdate

AddEventHandlerComponent: PlayMakerFixedUpdate

AddEventHandlerComponent: PlayMakerFixedUpdate

Deferring level start (marked as manual).

Object Pool attached to GlobalPool has run out of Arrow Prompt prefabs, Instantiating an additional one.

Could not find FSM: Control Lever

Could not find FSM: Control Lever

Bump Height: 0.005290985

Bump Height: 0.005290985

Chain BG Chain L stopping.

Chain BG Chain R stopping.

Chain BG Chain R going up.

Chain BG Chain L going down.

Chain BG Chain L stopping.

Chain BG Chain R stopping.

Could not find FSM: Control Lever

Bump Height: 0.0052948

Could not find FSM: Control Lever

Chain BG Chain R going down.

Chain BG Chain L going up.

Chain BG Chain L stopping.

Chain BG Chain R stopping.

Chain BG Chain R going up.

Chain BG Chain L going down.

Chain BG Chain L stopping.

Chain BG Chain R stopping.

PlayOneShot was called with a null AudioClip.

PlayOneShot was called with a null AudioClip.

Chain BG Chain L stopping.

Chain BG Chain R stopping.

Chain BG Chain R going down.

Chain BG Chain L going up.

Chain BG Chain L stopping.

Chain BG Chain R stopping.

Chain BG Chain L stopping.

Chain BG Chain R stopping.

Chain BG Chain R going up.

Chain BG Chain L going down.

AddEventHandlerComponent: PlayMakerFixedUpdate

AddEventHandlerComponent: PlayMakerFixedUpdate

AddEventHandlerComponent: PlayMakerFixedUpdate

AddEventHandlerComponent: PlayMakerFixedUpdate

AddEventHandlerComponent: PlayMakerFixedUpdate

AddEventHandlerComponent: PlayMakerFixedUpdate

Deferring level start (marked as manual).

No area with identifier "BATHHOUSE" found in area list. Creating default SubArea.

PlayOneShot was called with a null AudioClip.

PlayOneShot was called with a null AudioClip.

PlayOneShot was called with a null AudioClip.

PlayOneShot was called with a null AudioClip.

PlayOneShot was called with a null AudioClip.

AddEventHandlerComponent: PlayMakerFixedUpdate

AddEventHandlerComponent: PlayMakerFixedUpdate

AddEventHandlerComponent: PlayMakerFixedUpdate

AddEventHandlerComponent: PlayMakerFixedUpdate

AddEventHandlerComponent: PlayMakerFixedUpdate

AddEventHandlerComponent: PlayMakerFixedUpdate

AddEventHandlerComponent: PlayMakerFixedUpdate

AddEventHandlerComponent: PlayMakerFixedUpdate

AddEventHandlerComponent: PlayMakerFixedUpdate

AddEventHandlerComponent: PlayMakerFixedUpdate

AddEventHandlerComponent: PlayMakerFixedUpdate

AddEventHandlerComponent: PlayMakerFixedUpdate

AddEventHandlerComponent: PlayMakerFixedUpdate

Deferring level start (marked as manual).

Could not find FSM: Control Lever

Could not find FSM: Control Lever

Bump Height: 0.0052948

Chain BG Chain R going down.

Chain BG Chain L going up.

Chain BG Chain L stopping.

Chain BG Chain R stopping.

PlayOneShot was called with a null AudioClip.

PlayOneShot was called with a null AudioClip.

PlayOneShot was called with a null AudioClip.

PlayOneShot was called with a null AudioClip.

PlayOneShot was called with a null AudioClip.

PlayOneShot was called with a null AudioClip.

AddEventHandlerComponent: PlayMakerFixedUpdate

AddEventHandlerComponent: PlayMakerFixedUpdate

AddEventHandlerComponent: PlayMakerFixedUpdate

AddEventHandlerComponent: PlayMakerFixedUpdate

Deferring level start (marked as manual).

Unloading 68 Unused Serialized files (Serialized files now loaded: 0)

Unloading 2964 unused Assets to reduce memory usage. Loaded Objects now: 98563.
Total: 228.868000 ms (FindLiveObjects: 3.880700 ms CreateObjectMapping: 1.405800 ms MarkObjects: 218.804000 ms  DeleteObjects: 4.776700 ms)

Deferring level start (marked as manual).

AddEventHandlerComponent: PlayMakerFixedUpdate

Deferring level start (marked as manual).

Object Pool attached to GlobalPool has run out of Audio Player NoDestroy prefabs, Instantiating an additional one.

Pushing achievement AWAKENING

Steam achievement AWAKENING (0/0) upload complete

AddEventHandlerComponent: PlayMakerFixedUpdate

AddEventHandlerComponent: PlayMakerFixedUpdate

AddEventHandlerComponent: PlayMakerFixedUpdate

AddEventHandlerComponent: PlayMakerFixedUpdate

AddEventHandlerComponent: PlayMakerFixedUpdate

AddEventHandlerComponent: PlayMakerFixedUpdate

AddEventHandlerComponent: PlayMakerFixedUpdate

AddEventHandlerComponent: PlayMakerCollisionEnter2D

AddEventHandlerComponent: PlayMakerFixedUpdate

AddEventHandlerComponent: PlayMakerFixedUpdate

AddEventHandlerComponent: PlayMakerFixedUpdate

AddEventHandlerComponent: PlayMakerFixedUpdate

AddEventHandlerComponent: PlayMakerFixedUpdate

AddEventHandlerComponent: PlayMakerFixedUpdate

Deferring level start (marked as manual).

Unloading 28 Unused Serialized files (Serialized files now loaded: 0)

Unloading 1072 unused Assets to reduce memory usage. Loaded Objects now: 101338.
Total: 257.094200 ms (FindLiveObjects: 4.025000 ms CreateObjectMapping: 1.021700 ms MarkObjects: 249.719800 ms  DeleteObjects: 2.327000 ms)

AddEventHandlerComponent: PlayMakerFixedUpdate

AddEventHandlerComponent: PlayMakerFixedUpdate

AddEventHandlerComponent: PlayMakerFixedUpdate

AddEventHandlerComponent: PlayMakerFixedUpdate

Deferring level start (marked as manual).

AddEventHandlerComponent: PlayMakerFixedUpdate

AddEventHandlerComponent: PlayMakerFixedUpdate

PlayOneShot was called with a null AudioClip.

AddEventHandlerComponent: PlayMakerFixedUpdate

AddEventHandlerComponent: PlayMakerCollisionStay

AddEventHandlerComponent: PlayMakerCollisionEnter2D

AddEventHandlerComponent: PlayMakerCollisionStay2D

AddEventHandlerComponent: PlayMakerFixedUpdate

AddEventHandlerComponent: PlayMakerCollisionStay

AddEventHandlerComponent: PlayMakerCollisionEnter2D

AddEventHandlerComponent: PlayMakerCollisionStay2D

AddEventHandlerComponent: PlayMakerFixedUpdate

AddEventHandlerComponent: PlayMakerCollisionStay

AddEventHandlerComponent: PlayMakerCollisionEnter2D

AddEventHandlerComponent: PlayMakerCollisionStay2D

AddEventHandlerComponent: PlayMakerFixedUpdate

AddEventHandlerComponent: PlayMakerCollisionStay

AddEventHandlerComponent: PlayMakerCollisionEnter2D

AddEventHandlerComponent: PlayMakerCollisionStay2D

AddEventHandlerComponent: PlayMakerFixedUpdate

AddEventHandlerComponent: PlayMakerCollisionStay

AddEventHandlerComponent: PlayMakerCollisionEnter2D

AddEventHandlerComponent: PlayMakerCollisionStay2D

AddEventHandlerComponent: PlayMakerFixedUpdate

AddEventHandlerComponent: PlayMakerCollisionStay

AddEventHandlerComponent: PlayMakerCollisionEnter2D

AddEventHandlerComponent: PlayMakerCollisionStay2D

AddEventHandlerComponent: PlayMakerFixedUpdate

AddEventHandlerComponent: PlayMakerCollisionStay

AddEventHandlerComponent: PlayMakerCollisionEnter2D

AddEventHandlerComponent: PlayMakerCollisionStay2D

AddEventHandlerComponent: PlayMakerFixedUpdate

AddEventHandlerComponent: PlayMakerCollisionStay

AddEventHandlerComponent: PlayMakerCollisionEnter2D

AddEventHandlerComponent: PlayMakerCollisionStay2D

AddEventHandlerComponent: PlayMakerFixedUpdate

AddEventHandlerComponent: PlayMakerCollisionStay

AddEventHandlerComponent: PlayMakerCollisionEnter2D

AddEventHandlerComponent: PlayMakerCollisionStay2D

AddEventHandlerComponent: PlayMakerFixedUpdate

Deferring level start (marked as manual).

AddEventHandlerComponent: PlayMakerCollisionStay

AddEventHandlerComponent: PlayMakerCollisionEnter2D

AddEventHandlerComponent: PlayMakerCollisionStay2D

AddEventHandlerComponent: PlayMakerFixedUpdate

AddEventHandlerComponent: PlayMakerCollisionStay

AddEventHandlerComponent: PlayMakerCollisionEnter2D

AddEventHandlerComponent: PlayMakerCollisionStay2D

AddEventHandlerComponent: PlayMakerFixedUpdate

AddEventHandlerComponent: PlayMakerCollisionStay

AddEventHandlerComponent: PlayMakerCollisionEnter2D

AddEventHandlerComponent: PlayMakerCollisionStay2D

AddEventHandlerComponent: PlayMakerFixedUpdate

AddEventHandlerComponent: PlayMakerCollisionStay

AddEventHandlerComponent: PlayMakerCollisionEnter2D

AddEventHandlerComponent: PlayMakerCollisionStay2D

AddEventHandlerComponent: PlayMakerFixedUpdate

AddEventHandlerComponent: PlayMakerCollisionStay

AddEventHandlerComponent: PlayMakerCollisionEnter2D

AddEventHandlerComponent: PlayMakerCollisionStay2D

AddEventHandlerComponent: PlayMakerFixedUpdate

AddEventHandlerComponent: PlayMakerCollisionStay

AddEventHandlerComponent: PlayMakerCollisionEnter2D

AddEventHandlerComponent: PlayMakerCollisionStay2D

AddEventHandlerComponent: PlayMakerFixedUpdate

Deferring level start (marked as manual).

AddEventHandlerComponent: PlayMakerFixedUpdate

AddEventHandlerComponent: PlayMakerFixedUpdate

AddEventHandlerComponent: PlayMakerFixedUpdate

AddEventHandlerComponent: PlayMakerFixedUpdate

AddEventHandlerComponent: PlayMakerFixedUpdate

AddEventHandlerComponent: PlayMakerFixedUpdate

AddEventHandlerComponent: PlayMakerFixedUpdate

AddEventHandlerComponent: PlayMakerFixedUpdate

AddEventHandlerComponent: PlayMakerFixedUpdate

AddEventHandlerComponent: PlayMakerFixedUpdate

AddEventHandlerComponent: PlayMakerFixedUpdate

Bump Height: 1.192093E-07

Bump Height: 1.192093E-07

AddEventHandlerComponent: PlayMakerFixedUpdate

AddEventHandlerComponent: PlayMakerFixedUpdate

Object Pool attached to GlobalPool has run out of Arrow Prompt prefabs, Instantiating an additional one.

Object Pool attached to GlobalPool has run out of Audio Player Actor prefabs, Instantiating an additional one.

Object Pool attached to GlobalPool has run out of Audio Player Actor prefabs, Instantiating an additional one.

Object Pool attached to GlobalPool has run out of Audio Player Actor prefabs, Instantiating an additional one.

AddEventHandlerComponent: PlayMakerFixedUpdate

AddEventHandlerComponent: PlayMakerFixedUpdate

AddEventHandlerComponent: PlayMakerFixedUpdate

AddEventHandlerComponent: PlayMakerFixedUpdate

AddEventHandlerComponent: PlayMakerFixedUpdate

AddEventHandlerComponent: PlayMakerFixedUpdate

AddEventHandlerComponent: PlayMakerFixedUpdate

AddEventHandlerComponent: PlayMakerCollisionEnter2D

AddEventHandlerComponent: PlayMakerFixedUpdate

AddEventHandlerComponent: PlayMakerFixedUpdate

AddEventHandlerComponent: PlayMakerFixedUpdate

AddEventHandlerComponent: PlayMakerFixedUpdate

AddEventHandlerComponent: PlayMakerFixedUpdate

AddEventHandlerComponent: PlayMakerFixedUpdate

Deferring level start (marked as manual).

Unloading 24 Unused Serialized files (Serialized files now loaded: 0)

Unloading 1029 unused Assets to reduce memory usage. Loaded Objects now: 101205.
Total: 261.041200 ms (FindLiveObjects: 3.844700 ms CreateObjectMapping: 1.125100 ms MarkObjects: 254.141400 ms  DeleteObjects: 1.929500 ms)

AddEventHandlerComponent: PlayMakerFixedUpdate

Deferring level start (marked as manual).

AddEventHandlerComponent: PlayMakerFixedUpdate

AddEventHandlerComponent: PlayMakerFixedUpdate

AddEventHandlerComponent: PlayMakerFixedUpdate

AddEventHandlerComponent: PlayMakerFixedUpdate

AddEventHandlerComponent: PlayMakerFixedUpdate

AddEventHandlerComponent: PlayMakerFixedUpdate

AddEventHandlerComponent: PlayMakerFixedUpdate

AddEventHandlerComponent: PlayMakerFixedUpdate

AddEventHandlerComponent: PlayMakerFixedUpdate

AddEventHandlerComponent: PlayMakerCollisionEnter2D

AddEventHandlerComponent: PlayMakerFixedUpdate

AddEventHandlerComponent: PlayMakerFixedUpdate

AddEventHandlerComponent: PlayMakerFixedUpdate

AddEventHandlerComponent: PlayMakerFixedUpdate

AddEventHandlerComponent: PlayMakerFixedUpdate

AddEventHandlerComponent: PlayMakerFixedUpdate

Deferring level start (marked as manual).

Unloading 12 Unused Serialized files (Serialized files now loaded: 0)

Unloading 291 unused Assets to reduce memory usage. Loaded Objects now: 101199.
Total: 263.102300 ms (FindLiveObjects: 5.315300 ms CreateObjectMapping: 1.231500 ms MarkObjects: 255.778200 ms  DeleteObjects: 0.776700 ms)

Unloading 6 Unused Serialized files (Serialized files now loaded: 0)
UnloadTime: 5.578600 ms
Deferring level start (marked as manual).


Unloading 773 unused Assets to reduce memory usage. Loaded Objects now: 95789.
Total: 242.414300 ms (FindLiveObjects: 5.552900 ms CreateObjectMapping: 1.028400 ms MarkObjects: 232.863500 ms  DeleteObjects: 2.968700 ms)

Couldn't find a Game Manager, make sure one exists in the scene.

Couldn't find a Game Manager, make sure one exists in the scene.

Couldn't find a Game Manager, make sure one exists in the scene.

Couldn't find a Game Manager, make sure one exists in the scene.

Couldn't find a Game Manager, make sure one exists in the scene.

Couldn't find a Game Manager, make sure one exists in the scene.

Couldn't find a Game Manager, make sure one exists in the scene.

Couldn't find a Game Manager, make sure one exists in the scene.

Couldn't find a Game Manager, make sure one exists in the scene.

Couldn't find a Game Manager, make sure one exists in the scene.

Couldn't find a Game Manager, make sure one exists in the scene.

Couldn't find a Game Manager, make sure one exists in the scene.

Couldn't find a Game Manager, make sure one exists in the scene.

Couldn't find a Game Manager, make sure one exists in the scene.

Couldn't find a Game Manager, make sure one exists in the scene.

Couldn't find a Game Manager, make sure one exists in the scene.

Couldn't find a Game Manager, make sure one exists in the scene.

Couldn't find a Game Manager, make sure one exists in the scene.

Couldn't find a Game Manager, make sure one exists in the scene.

Couldn't find a Game Manager, make sure one exists in the scene.

Couldn't find a Game Manager, make sure one exists in the scene.

Couldn't find a Game Manager, make sure one exists in the scene.

Couldn't find a Game Manager, make sure one exists in the scene.

Couldn't find a Game Manager, make sure one exists in the scene.

Couldn't find a Game Manager, make sure one exists in the scene.

Couldn't find a Game Manager, make sure one exists in the scene.

Couldn't find a Game Manager, make sure one exists in the scene.

Couldn't find a Game Manager, make sure one exists in the scene.

Couldn't find a Game Manager, make sure one exists in the scene.

Couldn't find a Game Manager, make sure one exists in the scene.

Couldn't find a Game Manager, make sure one exists in the scene.

Couldn't find a Game Manager, make sure one exists in the scene.

Couldn't find a Game Manager, make sure one exists in the scene.

Couldn't find a Game Manager, make sure one exists in the scene.

Couldn't find a Game Manager, make sure one exists in the scene.

Couldn't find a Game Manager, make sure one exists in the scene.

Couldn't find a Game Manager, make sure one exists in the scene.

Couldn't find a Game Manager, make sure one exists in the scene.

Couldn't find a Game Manager, make sure one exists in the scene.

Couldn't find a Game Manager, make sure one exists in the scene.

Couldn't find a Game Manager, make sure one exists in the scene.

Couldn't find a Game Manager, make sure one exists in the scene.

Couldn't find a Game Manager, make sure one exists in the scene.

Couldn't find a Game Manager, make sure one exists in the scene.

Couldn't find a Game Manager, make sure one exists in the scene.

Couldn't find a Game Manager, make sure one exists in the scene.

Couldn't find a Game Manager, make sure one exists in the scene.

Couldn't find a Game Manager, make sure one exists in the scene.

Couldn't find a Game Manager, make sure one exists in the scene.

Couldn't find a Game Manager, make sure one exists in the scene.

Couldn't find a Game Manager, make sure one exists in the scene.

Couldn't find a Game Manager, make sure one exists in the scene.

Couldn't find a Game Manager, make sure one exists in the scene.

Couldn't find a Game Manager, make sure one exists in the scene.

Couldn't find a Game Manager, make sure one exists in the scene.

Couldn't find a Game Manager, make sure one exists in the scene.

Couldn't find a Game Manager, make sure one exists in the scene.

Couldn't find a Game Manager, make sure one exists in the scene.

Couldn't find a Game Manager, make sure one exists in the scene.

Couldn't find a Game Manager, make sure one exists in the scene.

Couldn't find a Game Manager, make sure one exists in the scene.

Couldn't find a Game Manager, make sure one exists in the scene.

Couldn't find a Game Manager, make sure one exists in the scene.

Couldn't find a Game Manager, make sure one exists in the scene.

Couldn't find a Game Manager, make sure one exists in the scene.

Couldn't find a Game Manager, make sure one exists in the scene.

Couldn't find a Game Manager, make sure one exists in the scene.

Couldn't find a Game Manager, make sure one exists in the scene.

Couldn't find a Game Manager, make sure one exists in the scene.

Couldn't find a Game Manager, make sure one exists in the scene.

Couldn't find a Game Manager, make sure one exists in the scene.

Couldn't find a Game Manager, make sure one exists in the scene.

Couldn't find a Game Manager, make sure one exists in the scene.

Couldn't find a Game Manager, make sure one exists in the scene.

Couldn't find a Game Manager, make sure one exists in the scene.

Couldn't find a Game Manager, make sure one exists in the scene.

Couldn't find a Game Manager, make sure one exists in the scene.

Couldn't find a Game Manager, make sure one exists in the scene.

Couldn't find a Game Manager, make sure one exists in the scene.

Couldn't find a Game Manager, make sure one exists in the scene.

Couldn't find a Game Manager, make sure one exists in the scene.

Couldn't find a Game Manager, make sure one exists in the scene.

Couldn't find a Game Manager, make sure one exists in the scene.

Couldn't find a Game Manager, make sure one exists in the scene.

Couldn't find a Game Manager, make sure one exists in the scene.

Couldn't find a Game Manager, make sure one exists in the scene.

Couldn't find a Game Manager, make sure one exists in the scene.

Couldn't find a Game Manager, make sure one exists in the scene.

Couldn't find a Game Manager, make sure one exists in the scene.

Couldn't find a Game Manager, make sure one exists in the scene.

Couldn't find a Game Manager, make sure one exists in the scene.

Couldn't find a Game Manager, make sure one exists in the scene.

Couldn't find a Game Manager, make sure one exists in the scene.

Couldn't find a Game Manager, make sure one exists in the scene.

Couldn't find a Game Manager, make sure one exists in the scene.

Couldn't find a Game Manager, make sure one exists in the scene.

Couldn't find a Game Manager, make sure one exists in the scene.

Couldn't find a Game Manager, make sure one exists in the scene.

Couldn't find a Game Manager, make sure one exists in the scene.

Couldn't find a Game Manager, make sure one exists in the scene.

Couldn't find a Game Manager, make sure one exists in the scene.

Couldn't find a Game Manager, make sure one exists in the scene.

Couldn't find a Game Manager, make sure one exists in the scene.

Couldn't find a Game Manager, make sure one exists in the scene.

Couldn't find a Game Manager, make sure one exists in the scene.

Couldn't find a Game Manager, make sure one exists in the scene.

Couldn't find a Game Manager, make sure one exists in the scene.

Couldn't find a Game Manager, make sure one exists in the scene.

Couldn't find a Game Manager, make sure one exists in the scene.

Couldn't find a Game Manager, make sure one exists in the scene.

Couldn't find a Game Manager, make sure one exists in the scene.

Couldn't find a Game Manager, make sure one exists in the scene.

Couldn't find a Game Manager, make sure one exists in the scene.

Couldn't find a Game Manager, make sure one exists in the scene.

Couldn't find a Game Manager, make sure one exists in the scene.

Couldn't find a Game Manager, make sure one exists in the scene.

Couldn't find a Game Manager, make sure one exists in the scene.

Couldn't find a Game Manager, make sure one exists in the scene.

Couldn't find a Game Manager, make sure one exists in the scene.

Couldn't find a Game Manager, make sure one exists in the scene.

Couldn't find a Game Manager, make sure one exists in the scene.

Couldn't find a Game Manager, make sure one exists in the scene.

Couldn't find a Game Manager, make sure one exists in the scene.

Couldn't find a Game Manager, make sure one exists in the scene.

Couldn't find a Game Manager, make sure one exists in the scene.

Couldn't find a Game Manager, make sure one exists in the scene.

Couldn't find a Game Manager, make sure one exists in the scene.

Couldn't find a Game Manager, make sure one exists in the scene.

Couldn't find a Game Manager, make sure one exists in the scene.

Couldn't find a Game Manager, make sure one exists in the scene.

Couldn't find a Game Manager, make sure one exists in the scene.

Couldn't find a Game Manager, make sure one exists in the scene.

Couldn't find a Game Manager, make sure one exists in the scene.

Couldn't find a Game Manager, make sure one exists in the scene.

Couldn't find a Game Manager, make sure one exists in the scene.

Couldn't find a Game Manager, make sure one exists in the scene.

Couldn't find a Game Manager, make sure one exists in the scene.

Couldn't find a Game Manager, make sure one exists in the scene.

Couldn't find a Game Manager, make sure one exists in the scene.

Couldn't find a Game Manager, make sure one exists in the scene.

Couldn't find a Game Manager, make sure one exists in the scene.

Couldn't find a Game Manager, make sure one exists in the scene.

Couldn't find a Game Manager, make sure one exists in the scene.

Couldn't find a Game Manager, make sure one exists in the scene.

Couldn't find a Game Manager, make sure one exists in the scene.

Couldn't find a Game Manager, make sure one exists in the scene.

Couldn't find a Game Manager, make sure one exists in the scene.

Couldn't find a Game Manager, make sure one exists in the scene.

Couldn't find a Game Manager, make sure one exists in the scene.

Couldn't find a Game Manager, make sure one exists in the scene.

Couldn't find a Game Manager, make sure one exists in the scene.

Couldn't find a Game Manager, make sure one exists in the scene.

Couldn't find a Game Manager, make sure one exists in the scene.

Couldn't find a Game Manager, make sure one exists in the scene.

Couldn't find a Game Manager, make sure one exists in the scene.

Couldn't find a Game Manager, make sure one exists in the scene.

Couldn't find a Game Manager, make sure one exists in the scene.

Couldn't find a Game Manager, make sure one exists in the scene.

Couldn't find a Game Manager, make sure one exists in the scene.

Couldn't find a Game Manager, make sure one exists in the scene.

Couldn't find a Game Manager, make sure one exists in the scene.

Couldn't find a Game Manager, make sure one exists in the scene.

Couldn't find a Game Manager, make sure one exists in the scene.

Couldn't find a Game Manager, make sure one exists in the scene.

Couldn't find a Game Manager, make sure one exists in the scene.

Couldn't find a Game Manager, make sure one exists in the scene.

Couldn't find a Game Manager, make sure one exists in the scene.

Couldn't find a Game Manager, make sure one exists in the scene.

Couldn't find a Game Manager, make sure one exists in the scene.

Couldn't find a Game Manager, make sure one exists in the scene.

Couldn't find a Game Manager, make sure one exists in the scene.

Couldn't find a Game Manager, make sure one exists in the scene.

Couldn't find a Game Manager, make sure one exists in the scene.

Couldn't find a Game Manager, make sure one exists in the scene.

Couldn't find a Game Manager, make sure one exists in the scene.

Couldn't find a Game Manager, make sure one exists in the scene.

Couldn't find a Game Manager, make sure one exists in the scene.

Couldn't find a Game Manager, make sure one exists in the scene.

Couldn't find a Game Manager, make sure one exists in the scene.

Couldn't find a Game Manager, make sure one exists in the scene.

Couldn't find a Game Manager, make sure one exists in the scene.

Couldn't find a Game Manager, make sure one exists in the scene.

Couldn't find a Game Manager, make sure one exists in the scene.

Couldn't find a Game Manager, make sure one exists in the scene.

Couldn't find a Game Manager, make sure one exists in the scene.

Couldn't find a Game Manager, make sure one exists in the scene.

Couldn't find a Game Manager, make sure one exists in the scene.

Couldn't find a Game Manager, make sure one exists in the scene.

Couldn't find a Game Manager, make sure one exists in the scene.

Couldn't find a Game Manager, make sure one exists in the scene.

Couldn't find a Game Manager, make sure one exists in the scene.

Couldn't find a Game Manager, make sure one exists in the scene.

Couldn't find a Game Manager, make sure one exists in the scene.

Couldn't find a Game Manager, make sure one exists in the scene.

Couldn't find a Game Manager, make sure one exists in the scene.

Couldn't find a Game Manager, make sure one exists in the scene.

Couldn't find a Game Manager, make sure one exists in the scene.

Couldn't find a Game Manager, make sure one exists in the scene.

Couldn't find a Game Manager, make sure one exists in the scene.

Couldn't find a Game Manager, make sure one exists in the scene.

Couldn't find a Game Manager, make sure one exists in the scene.

Couldn't find a Game Manager, make sure one exists in the scene.

Couldn't find a Game Manager, make sure one exists in the scene.

Couldn't find a Game Manager, make sure one exists in the scene.

Couldn't find a Game Manager, make sure one exists in the scene.

Couldn't find a Game Manager, make sure one exists in the scene.

Couldn't find a Game Manager, make sure one exists in the scene.

Couldn't find a Game Manager, make sure one exists in the scene.

Couldn't find a Game Manager, make sure one exists in the scene.

Couldn't find a Game Manager, make sure one exists in the scene.

Couldn't find a Game Manager, make sure one exists in the scene.

Couldn't find a Game Manager, make sure one exists in the scene.

Couldn't find a Game Manager, make sure one exists in the scene.

Couldn't find a Game Manager, make sure one exists in the scene.

Couldn't find a Game Manager, make sure one exists in the scene.

Couldn't find a Game Manager, make sure one exists in the scene.

Couldn't find a Game Manager, make sure one exists in the scene.

Couldn't find a Game Manager, make sure one exists in the scene.

Couldn't find a Game Manager, make sure one exists in the scene.

Couldn't find a Game Manager, make sure one exists in the scene.

Couldn't find a Game Manager, make sure one exists in the scene.

Couldn't find a Game Manager, make sure one exists in the scene.

Couldn't find a Game Manager, make sure one exists in the scene.

Couldn't find a Game Manager, make sure one exists in the scene.

Couldn't find a Game Manager, make sure one exists in the scene.

Couldn't find a Game Manager, make sure one exists in the scene.

Couldn't find a Game Manager, make sure one exists in the scene.

Couldn't find a Game Manager, make sure one exists in the scene.

Couldn't find a Game Manager, make sure one exists in the scene.

Couldn't find a Game Manager, make sure one exists in the scene.

Couldn't find a Game Manager, make sure one exists in the scene.

Couldn't find a Game Manager, make sure one exists in the scene.

Couldn't find a Game Manager, make sure one exists in the scene.

Couldn't find a Game Manager, make sure one exists in the scene.

Couldn't find a Game Manager, make sure one exists in the scene.

Couldn't find a Game Manager, make sure one exists in the scene.

Couldn't find a Game Manager, make sure one exists in the scene.

Couldn't find a Game Manager, make sure one exists in the scene.

Couldn't find a Game Manager, make sure one exists in the scene.

Couldn't find a Game Manager, make sure one exists in the scene.

Couldn't find a Game Manager, make sure one exists in the scene.

Couldn't find a Game Manager, make sure one exists in the scene.

Couldn't find a Game Manager, make sure one exists in the scene.

Couldn't find a Game Manager, make sure one exists in the scene.

Couldn't find a Game Manager, make sure one exists in the scene.

Couldn't find a Game Manager, make sure one exists in the scene.

Couldn't find a Game Manager, make sure one exists in the scene.

Couldn't find a Game Manager, make sure one exists in the scene.

Couldn't find a Game Manager, make sure one exists in the scene.

Couldn't find a Game Manager, make sure one exists in the scene.

Couldn't find a Game Manager, make sure one exists in the scene.

Couldn't find a Game Manager, make sure one exists in the scene.

Couldn't find a Game Manager, make sure one exists in the scene.

Couldn't find a Game Manager, make sure one exists in the scene.

Couldn't find a Game Manager, make sure one exists in the scene.

Couldn't find a Game Manager, make sure one exists in the scene.

Couldn't find a Game Manager, make sure one exists in the scene.

Couldn't find a Game Manager, make sure one exists in the scene.

Couldn't find a Game Manager, make sure one exists in the scene.

Couldn't find a Game Manager, make sure one exists in the scene.

Couldn't find a Game Manager, make sure one exists in the scene.

Couldn't find a Game Manager, make sure one exists in the scene.

Couldn't find a Game Manager, make sure one exists in the scene.

Couldn't find a Game Manager, make sure one exists in the scene.

Couldn't find a Game Manager, make sure one exists in the scene.

Couldn't find a Game Manager, make sure one exists in the scene.

Couldn't find a Game Manager, make sure one exists in the scene.

Couldn't find a Game Manager, make sure one exists in the scene.

Couldn't find a Game Manager, make sure one exists in the scene.

Couldn't find a Game Manager, make sure one exists in the scene.

Couldn't find a Game Manager, make sure one exists in the scene.

Couldn't find a Game Manager, make sure one exists in the scene.

Couldn't find a Game Manager, make sure one exists in the scene.

Couldn't find a Game Manager, make sure one exists in the scene.

Couldn't find a Game Manager, make sure one exists in the scene.

Couldn't find a Game Manager, make sure one exists in the scene.

Couldn't find a Game Manager, make sure one exists in the scene.

Couldn't find a Game Manager, make sure one exists in the scene.

Unloading 5 Unused Serialized files (Serialized files now loaded: 0)
Couldn't find a Game Manager, make sure one exists in the scene.

Couldn't find a Game Manager, make sure one exists in the scene.

Couldn't find a Game Manager, make sure one exists in the scene.

Couldn't find a Game Manager, make sure one exists in the scene.

UnloadTime: 0.290900 ms
Parent of RectTransform is being set with parent property. Consider using the SetParent method instead, with the worldPositionStays argument set to false. This will retain local orientation and scale rather than world orientation and scale, which can prevent common UI scaling issues.

Parent of RectTransform is being set with parent property. Consider using the SetParent method instead, with the worldPositionStays argument set to false. This will retain local orientation and scale rather than world orientation and scale, which can prevent common UI scaling issues.

Parent of RectTransform is being set with parent property. Consider using the SetParent method instead, with the worldPositionStays argument set to false. This will retain local orientation and scale rather than world orientation and scale, which can prevent common UI scaling issues.

Parent of RectTransform is being set with parent property. Consider using the SetParent method instead, with the worldPositionStays argument set to false. This will retain local orientation and scale rather than world orientation and scale, which can prevent common UI scaling issues.

Parent of RectTransform is being set with parent property. Consider using the SetParent method instead, with the worldPositionStays argument set to false. This will retain local orientation and scale rather than world orientation and scale, which can prevent common UI scaling issues.

Parent of RectTransform is being set with parent property. Consider using the SetParent method instead, with the worldPositionStays argument set to false. This will retain local orientation and scale rather than world orientation and scale, which can prevent common UI scaling issues.

Parent of RectTransform is being set with parent property. Consider using the SetParent method instead, with the worldPositionStays argument set to false. This will retain local orientation and scale rather than world orientation and scale, which can prevent common UI scaling issues.

Parent of RectTransform is being set with parent property. Consider using the SetParent method instead, with the worldPositionStays argument set to false. This will retain local orientation and scale rather than world orientation and scale, which can prevent common UI scaling issues.

Parent of RectTransform is being set with parent property. Consider using the SetParent method instead, with the worldPositionStays argument set to false. This will retain local orientation and scale rather than world orientation and scale, which can prevent common UI scaling issues.

Parent of RectTransform is being set with parent property. Consider using the SetParent method instead, with the worldPositionStays argument set to false. This will retain local orientation and scale rather than world orientation and scale, which can prevent common UI scaling issues.

Parent of RectTransform is being set with parent property. Consider using the SetParent method instead, with the worldPositionStays argument set to false. This will retain local orientation and scale rather than world orientation and scale, which can prevent common UI scaling issues.

Parent of RectTransform is being set with parent property. Consider using the SetParent method instead, with the worldPositionStays argument set to false. This will retain local orientation and scale rather than world orientation and scale, which can prevent common UI scaling issues.

Parent of RectTransform is being set with parent property. Consider using the SetParent method instead, with the worldPositionStays argument set to false. This will retain local orientation and scale rather than world orientation and scale, which can prevent common UI scaling issues.

Parent of RectTransform is being set with parent property. Consider using the SetParent method instead, with the worldPositionStays argument set to false. This will retain local orientation and scale rather than world orientation and scale, which can prevent common UI scaling issues.

Parent of RectTransform is being set with parent property. Consider using the SetParent method instead, with the worldPositionStays argument set to false. This will retain local orientation and scale rather than world orientation and scale, which can prevent common UI scaling issues.

Parent of RectTransform is being set with parent property. Consider using the SetParent method instead, with the worldPositionStays argument set to false. This will retain local orientation and scale rather than world orientation and scale, which can prevent common UI scaling issues.

Parent of RectTransform is being set with parent property. Consider using the SetParent method instead, with the worldPositionStays argument set to false. This will retain local orientation and scale rather than world orientation and scale, which can prevent common UI scaling issues.

Parent of RectTransform is being set with parent property. Consider using the SetParent method instead, with the worldPositionStays argument set to false. This will retain local orientation and scale rather than world orientation and scale, which can prevent common UI scaling issues.

Parent of RectTransform is being set with parent property. Consider using the SetParent method instead, with the worldPositionStays argument set to false. This will retain local orientation and scale rather than world orientation and scale, which can prevent common UI scaling issues.

Parent of RectTransform is being set with parent property. Consider using the SetParent method instead, with the worldPositionStays argument set to false. This will retain local orientation and scale rather than world orientation and scale, which can prevent common UI scaling issues.

Parent of RectTransform is being set with parent property. Consider using the SetParent method instead, with the worldPositionStays argument set to false. This will retain local orientation and scale rather than world orientation and scale, which can prevent common UI scaling issues.

Parent of RectTransform is being set with parent property. Consider using the SetParent method instead, with the worldPositionStays argument set to false. This will retain local orientation and scale rather than world orientation and scale, which can prevent common UI scaling issues.

Parent of RectTransform is being set with parent property. Consider using the SetParent method instead, with the worldPositionStays argument set to false. This will retain local orientation and scale rather than world orientation and scale, which can prevent common UI scaling issues.

Parent of RectTransform is being set with parent property. Consider using the SetParent method instead, with the worldPositionStays argument set to false. This will retain local orientation and scale rather than world orientation and scale, which can prevent common UI scaling issues.

Parent of RectTransform is being set with parent property. Consider using the SetParent method instead, with the worldPositionStays argument set to false. This will retain local orientation and scale rather than world orientation and scale, which can prevent common UI scaling issues.

Parent of RectTransform is being set with parent property. Consider using the SetParent method instead, with the worldPositionStays argument set to false. This will retain local orientation and scale rather than world orientation and scale, which can prevent common UI scaling issues.

Parent of RectTransform is being set with parent property. Consider using the SetParent method instead, with the worldPositionStays argument set to false. This will retain local orientation and scale rather than world orientation and scale, which can prevent common UI scaling issues.

Parent of RectTransform is being set with parent property. Consider using the SetParent method instead, with the worldPositionStays argument set to false. This will retain local orientation and scale rather than world orientation and scale, which can prevent common UI scaling issues.

Parent of RectTransform is being set with parent property. Consider using the SetParent method instead, with the worldPositionStays argument set to false. This will retain local orientation and scale rather than world orientation and scale, which can prevent common UI scaling issues.

Parent of RectTransform is being set with parent property. Consider using the SetParent method instead, with the worldPositionStays argument set to false. This will retain local orientation and scale rather than world orientation and scale, which can prevent common UI scaling issues.

Parent of RectTransform is being set with parent property. Consider using the SetParent method instead, with the worldPositionStays argument set to false. This will retain local orientation and scale rather than world orientation and scale, which can prevent common UI scaling issues.

Parent of RectTransform is being set with parent property. Consider using the SetParent method instead, with the worldPositionStays argument set to false. This will retain local orientation and scale rather than world orientation and scale, which can prevent common UI scaling issues.

Parent of RectTransform is being set with parent property. Consider using the SetParent method instead, with the worldPositionStays argument set to false. This will retain local orientation and scale rather than world orientation and scale, which can prevent common UI scaling issues.

Parent of RectTransform is being set with parent property. Consider using the SetParent method instead, with the worldPositionStays argument set to false. This will retain local orientation and scale rather than world orientation and scale, which can prevent common UI scaling issues.

Parent of RectTransform is being set with parent property. Consider using the SetParent method instead, with the worldPositionStays argument set to false. This will retain local orientation and scale rather than world orientation and scale, which can prevent common UI scaling issues.

Parent of RectTransform is being set with parent property. Consider using the SetParent method instead, with the worldPositionStays argument set to false. This will retain local orientation and scale rather than world orientation and scale, which can prevent common UI scaling issues.

Parent of RectTransform is being set with parent property. Consider using the SetParent method instead, with the worldPositionStays argument set to false. This will retain local orientation and scale rather than world orientation and scale, which can prevent common UI scaling issues.

Parent of RectTransform is being set with parent property. Consider using the SetParent method instead, with the worldPositionStays argument set to false. This will retain local orientation and scale rather than world orientation and scale, which can prevent common UI scaling issues.

Parent of RectTransform is being set with parent property. Consider using the SetParent method instead, with the worldPositionStays argument set to false. This will retain local orientation and scale rather than world orientation and scale, which can prevent common UI scaling issues.

Parent of RectTransform is being set with parent property. Consider using the SetParent method instead, with the worldPositionStays argument set to false. This will retain local orientation and scale rather than world orientation and scale, which can prevent common UI scaling issues.

Parent of RectTransform is being set with parent property. Consider using the SetParent method instead, with the worldPositionStays argument set to false. This will retain local orientation and scale rather than world orientation and scale, which can prevent common UI scaling issues.

Parent of RectTransform is being set with parent property. Consider using the SetParent method instead, with the worldPositionStays argument set to false. This will retain local orientation and scale rather than world orientation and scale, which can prevent common UI scaling issues.

Parent of RectTransform is being set with parent property. Consider using the SetParent method instead, with the worldPositionStays argument set to false. This will retain local orientation and scale rather than world orientation and scale, which can prevent common UI scaling issues.

Parent of RectTransform is being set with parent property. Consider using the SetParent method instead, with the worldPositionStays argument set to false. This will retain local orientation and scale rather than world orientation and scale, which can prevent common UI scaling issues.

Parent of RectTransform is being set with parent property. Consider using the SetParent method instead, with the worldPositionStays argument set to false. This will retain local orientation and scale rather than world orientation and scale, which can prevent common UI scaling issues.

Parent of RectTransform is being set with parent property. Consider using the SetParent method instead, with the worldPositionStays argument set to false. This will retain local orientation and scale rather than world orientation and scale, which can prevent common UI scaling issues.

Parent of RectTransform is being set with parent property. Consider using the SetParent method instead, with the worldPositionStays argument set to false. This will retain local orientation and scale rather than world orientation and scale, which can prevent common UI scaling issues.

Parent of RectTransform is being set with parent property. Consider using the SetParent method instead, with the worldPositionStays argument set to false. This will retain local orientation and scale rather than world orientation and scale, which can prevent common UI scaling issues.

Parent of RectTransform is being set with parent property. Consider using the SetParent method instead, with the worldPositionStays argument set to false. This will retain local orientation and scale rather than world orientation and scale, which can prevent common UI scaling issues.

Parent of RectTransform is being set with parent property. Consider using the SetParent method instead, with the worldPositionStays argument set to false. This will retain local orientation and scale rather than world orientation and scale, which can prevent common UI scaling issues.

Parent of RectTransform is being set with parent property. Consider using the SetParent method instead, with the worldPositionStays argument set to false. This will retain local orientation and scale rather than world orientation and scale, which can prevent common UI scaling issues.

Parent of RectTransform is being set with parent property. Consider using the SetParent method instead, with the worldPositionStays argument set to false. This will retain local orientation and scale rather than world orientation and scale, which can prevent common UI scaling issues.

Parent of RectTransform is being set with parent property. Consider using the SetParent method instead, with the worldPositionStays argument set to false. This will retain local orientation and scale rather than world orientation and scale, which can prevent common UI scaling issues.

Parent of RectTransform is being set with parent property. Consider using the SetParent method instead, with the worldPositionStays argument set to false. This will retain local orientation and scale rather than world orientation and scale, which can prevent common UI scaling issues.

Parent of RectTransform is being set with parent property. Consider using the SetParent method instead, with the worldPositionStays argument set to false. This will retain local orientation and scale rather than world orientation and scale, which can prevent common UI scaling issues.

Parent of RectTransform is being set with parent property. Consider using the SetParent method instead, with the worldPositionStays argument set to false. This will retain local orientation and scale rather than world orientation and scale, which can prevent common UI scaling issues.

Parent of RectTransform is being set with parent property. Consider using the SetParent method instead, with the worldPositionStays argument set to false. This will retain local orientation and scale rather than world orientation and scale, which can prevent common UI scaling issues.

Parent of RectTransform is being set with parent property. Consider using the SetParent method instead, with the worldPositionStays argument set to false. This will retain local orientation and scale rather than world orientation and scale, which can prevent common UI scaling issues.

Parent of RectTransform is being set with parent property. Consider using the SetParent method instead, with the worldPositionStays argument set to false. This will retain local orientation and scale rather than world orientation and scale, which can prevent common UI scaling issues.

Parent of RectTransform is being set with parent property. Consider using the SetParent method instead, with the worldPositionStays argument set to false. This will retain local orientation and scale rather than world orientation and scale, which can prevent common UI scaling issues.

Parent of RectTransform is being set with parent property. Consider using the SetParent method instead, with the worldPositionStays argument set to false. This will retain local orientation and scale rather than world orientation and scale, which can prevent common UI scaling issues.

Parent of RectTransform is being set with parent property. Consider using the SetParent method instead, with the worldPositionStays argument set to false. This will retain local orientation and scale rather than world orientation and scale, which can prevent common UI scaling issues.

Parent of RectTransform is being set with parent property. Consider using the SetParent method instead, with the worldPositionStays argument set to false. This will retain local orientation and scale rather than world orientation and scale, which can prevent common UI scaling issues.

Parent of RectTransform is being set with parent property. Consider using the SetParent method instead, with the worldPositionStays argument set to false. This will retain local orientation and scale rather than world orientation and scale, which can prevent common UI scaling issues.

Parent of RectTransform is being set with parent property. Consider using the SetParent method instead, with the worldPositionStays argument set to false. This will retain local orientation and scale rather than world orientation and scale, which can prevent common UI scaling issues.

Parent of RectTransform is being set with parent property. Consider using the SetParent method instead, with the worldPositionStays argument set to false. This will retain local orientation and scale rather than world orientation and scale, which can prevent common UI scaling issues.

Parent of RectTransform is being set with parent property. Consider using the SetParent method instead, with the worldPositionStays argument set to false. This will retain local orientation and scale rather than world orientation and scale, which can prevent common UI scaling issues.

Parent of RectTransform is being set with parent property. Consider using the SetParent method instead, with the worldPositionStays argument set to false. This will retain local orientation and scale rather than world orientation and scale, which can prevent common UI scaling issues.

Parent of RectTransform is being set with parent property. Consider using the SetParent method instead, with the worldPositionStays argument set to false. This will retain local orientation and scale rather than world orientation and scale, which can prevent common UI scaling issues.

Parent of RectTransform is being set with parent property. Consider using the SetParent method instead, with the worldPositionStays argument set to false. This will retain local orientation and scale rather than world orientation and scale, which can prevent common UI scaling issues.

Parent of RectTransform is being set with parent property. Consider using the SetParent method instead, with the worldPositionStays argument set to false. This will retain local orientation and scale rather than world orientation and scale, which can prevent common UI scaling issues.

Parent of RectTransform is being set with parent property. Consider using the SetParent method instead, with the worldPositionStays argument set to false. This will retain local orientation and scale rather than world orientation and scale, which can prevent common UI scaling issues.

Parent of RectTransform is being set with parent property. Consider using the SetParent method instead, with the worldPositionStays argument set to false. This will retain local orientation and scale rather than world orientation and scale, which can prevent common UI scaling issues.

Parent of RectTransform is being set with parent property. Consider using the SetParent method instead, with the worldPositionStays argument set to false. This will retain local orientation and scale rather than world orientation and scale, which can prevent common UI scaling issues.

Parent of RectTransform is being set with parent property. Consider using the SetParent method instead, with the worldPositionStays argument set to false. This will retain local orientation and scale rather than world orientation and scale, which can prevent common UI scaling issues.

Parent of RectTransform is being set with parent property. Consider using the SetParent method instead, with the worldPositionStays argument set to false. This will retain local orientation and scale rather than world orientation and scale, which can prevent common UI scaling issues.

Parent of RectTransform is being set with parent property. Consider using the SetParent method instead, with the worldPositionStays argument set to false. This will retain local orientation and scale rather than world orientation and scale, which can prevent common UI scaling issues.

Parent of RectTransform is being set with parent property. Consider using the SetParent method instead, with the worldPositionStays argument set to false. This will retain local orientation and scale rather than world orientation and scale, which can prevent common UI scaling issues.

Parent of RectTransform is being set with parent property. Consider using the SetParent method instead, with the worldPositionStays argument set to false. This will retain local orientation and scale rather than world orientation and scale, which can prevent common UI scaling issues.

Parent of RectTransform is being set with parent property. Consider using the SetParent method instead, with the worldPositionStays argument set to false. This will retain local orientation and scale rather than world orientation and scale, which can prevent common UI scaling issues.

Parent of RectTransform is being set with parent property. Consider using the SetParent method instead, with the worldPositionStays argument set to false. This will retain local orientation and scale rather than world orientation and scale, which can prevent common UI scaling issues.

Parent of RectTransform is being set with parent property. Consider using the SetParent method instead, with the worldPositionStays argument set to false. This will retain local orientation and scale rather than world orientation and scale, which can prevent common UI scaling issues.

Parent of RectTransform is being set with parent property. Consider using the SetParent method instead, with the worldPositionStays argument set to false. This will retain local orientation and scale rather than world orientation and scale, which can prevent common UI scaling issues.

Parent of RectTransform is being set with parent property. Consider using the SetParent method instead, with the worldPositionStays argument set to false. This will retain local orientation and scale rather than world orientation and scale, which can prevent common UI scaling issues.

Parent of RectTransform is being set with parent property. Consider using the SetParent method instead, with the worldPositionStays argument set to false. This will retain local orientation and scale rather than world orientation and scale, which can prevent common UI scaling issues.

Parent of RectTransform is being set with parent property. Consider using the SetParent method instead, with the worldPositionStays argument set to false. This will retain local orientation and scale rather than world orientation and scale, which can prevent common UI scaling issues.

Parent of RectTransform is being set with parent property. Consider using the SetParent method instead, with the worldPositionStays argument set to false. This will retain local orientation and scale rather than world orientation and scale, which can prevent common UI scaling issues.

Parent of RectTransform is being set with parent property. Consider using the SetParent method instead, with the worldPositionStays argument set to false. This will retain local orientation and scale rather than world orientation and scale, which can prevent common UI scaling issues.

Parent of RectTransform is being set with parent property. Consider using the SetParent method instead, with the worldPositionStays argument set to false. This will retain local orientation and scale rather than world orientation and scale, which can prevent common UI scaling issues.

Parent of RectTransform is being set with parent property. Consider using the SetParent method instead, with the worldPositionStays argument set to false. This will retain local orientation and scale rather than world orientation and scale, which can prevent common UI scaling issues.

Parent of RectTransform is being set with parent property. Consider using the SetParent method instead, with the worldPositionStays argument set to false. This will retain local orientation and scale rather than world orientation and scale, which can prevent common UI scaling issues.

Parent of RectTransform is being set with parent property. Consider using the SetParent method instead, with the worldPositionStays argument set to false. This will retain local orientation and scale rather than world orientation and scale, which can prevent common UI scaling issues.

Parent of RectTransform is being set with parent property. Consider using the SetParent method instead, with the worldPositionStays argument set to false. This will retain local orientation and scale rather than world orientation and scale, which can prevent common UI scaling issues.

Parent of RectTransform is being set with parent property. Consider using the SetParent method instead, with the worldPositionStays argument set to false. This will retain local orientation and scale rather than world orientation and scale, which can prevent common UI scaling issues.

Parent of RectTransform is being set with parent property. Consider using the SetParent method instead, with the worldPositionStays argument set to false. This will retain local orientation and scale rather than world orientation and scale, which can prevent common UI scaling issues.

Parent of RectTransform is being set with parent property. Consider using the SetParent method instead, with the worldPositionStays argument set to false. This will retain local orientation and scale rather than world orientation and scale, which can prevent common UI scaling issues.

Parent of RectTransform is being set with parent property. Consider using the SetParent method instead, with the worldPositionStays argument set to false. This will retain local orientation and scale rather than world orientation and scale, which can prevent common UI scaling issues.

Parent of RectTransform is being set with parent property. Consider using the SetParent method instead, with the worldPositionStays argument set to false. This will retain local orientation and scale rather than world orientation and scale, which can prevent common UI scaling issues.

Parent of RectTransform is being set with parent property. Consider using the SetParent method instead, with the worldPositionStays argument set to false. This will retain local orientation and scale rather than world orientation and scale, which can prevent common UI scaling issues.

Parent of RectTransform is being set with parent property. Consider using the SetParent method instead, with the worldPositionStays argument set to false. This will retain local orientation and scale rather than world orientation and scale, which can prevent common UI scaling issues.

Parent of RectTransform is being set with parent property. Consider using the SetParent method instead, with the worldPositionStays argument set to false. This will retain local orientation and scale rather than world orientation and scale, which can prevent common UI scaling issues.

Parent of RectTransform is being set with parent property. Consider using the SetParent method instead, with the worldPositionStays argument set to false. This will retain local orientation and scale rather than world orientation and scale, which can prevent common UI scaling issues.

Parent of RectTransform is being set with parent property. Consider using the SetParent method instead, with the worldPositionStays argument set to false. This will retain local orientation and scale rather than world orientation and scale, which can prevent common UI scaling issues.

Parent of RectTransform is being set with parent property. Consider using the SetParent method instead, with the worldPositionStays argument set to false. This will retain local orientation and scale rather than world orientation and scale, which can prevent common UI scaling issues.

Parent of RectTransform is being set with parent property. Consider using the SetParent method instead, with the worldPositionStays argument set to false. This will retain local orientation and scale rather than world orientation and scale, which can prevent common UI scaling issues.

Parent of RectTransform is being set with parent property. Consider using the SetParent method instead, with the worldPositionStays argument set to false. This will retain local orientation and scale rather than world orientation and scale, which can prevent common UI scaling issues.

Parent of RectTransform is being set with parent property. Consider using the SetParent method instead, with the worldPositionStays argument set to false. This will retain local orientation and scale rather than world orientation and scale, which can prevent common UI scaling issues.

Parent of RectTransform is being set with parent property. Consider using the SetParent method instead, with the worldPositionStays argument set to false. This will retain local orientation and scale rather than world orientation and scale, which can prevent common UI scaling issues.

Parent of RectTransform is being set with parent property. Consider using the SetParent method instead, with the worldPositionStays argument set to false. This will retain local orientation and scale rather than world orientation and scale, which can prevent common UI scaling issues.

Parent of RectTransform is being set with parent property. Consider using the SetParent method instead, with the worldPositionStays argument set to false. This will retain local orientation and scale rather than world orientation and scale, which can prevent common UI scaling issues.

Parent of RectTransform is being set with parent property. Consider using the SetParent method instead, with the worldPositionStays argument set to false. This will retain local orientation and scale rather than world orientation and scale, which can prevent common UI scaling issues.

Parent of RectTransform is being set with parent property. Consider using the SetParent method instead, with the worldPositionStays argument set to false. This will retain local orientation and scale rather than world orientation and scale, which can prevent common UI scaling issues.

Parent of RectTransform is being set with parent property. Consider using the SetParent method instead, with the worldPositionStays argument set to false. This will retain local orientation and scale rather than world orientation and scale, which can prevent common UI scaling issues.

Parent of RectTransform is being set with parent property. Consider using the SetParent method instead, with the worldPositionStays argument set to false. This will retain local orientation and scale rather than world orientation and scale, which can prevent common UI scaling issues.

Parent of RectTransform is being set with parent property. Consider using the SetParent method instead, with the worldPositionStays argument set to false. This will retain local orientation and scale rather than world orientation and scale, which can prevent common UI scaling issues.

Parent of RectTransform is being set with parent property. Consider using the SetParent method instead, with the worldPositionStays argument set to false. This will retain local orientation and scale rather than world orientation and scale, which can prevent common UI scaling issues.

Parent of RectTransform is being set with parent property. Consider using the SetParent method instead, with the worldPositionStays argument set to false. This will retain local orientation and scale rather than world orientation and scale, which can prevent common UI scaling issues.

Parent of RectTransform is being set with parent property. Consider using the SetParent method instead, with the worldPositionStays argument set to false. This will retain local orientation and scale rather than world orientation and scale, which can prevent common UI scaling issues.

Parent of RectTransform is being set with parent property. Consider using the SetParent method instead, with the worldPositionStays argument set to false. This will retain local orientation and scale rather than world orientation and scale, which can prevent common UI scaling issues.

Parent of RectTransform is being set with parent property. Consider using the SetParent method instead, with the worldPositionStays argument set to false. This will retain local orientation and scale rather than world orientation and scale, which can prevent common UI scaling issues.

Parent of RectTransform is being set with parent property. Consider using the SetParent method instead, with the worldPositionStays argument set to false. This will retain local orientation and scale rather than world orientation and scale, which can prevent common UI scaling issues.

Parent of RectTransform is being set with parent property. Consider using the SetParent method instead, with the worldPositionStays argument set to false. This will retain local orientation and scale rather than world orientation and scale, which can prevent common UI scaling issues.

Parent of RectTransform is being set with parent property. Consider using the SetParent method instead, with the worldPositionStays argument set to false. This will retain local orientation and scale rather than world orientation and scale, which can prevent common UI scaling issues.

Parent of RectTransform is being set with parent property. Consider using the SetParent method instead, with the worldPositionStays argument set to false. This will retain local orientation and scale rather than world orientation and scale, which can prevent common UI scaling issues.

Parent of RectTransform is being set with parent property. Consider using the SetParent method instead, with the worldPositionStays argument set to false. This will retain local orientation and scale rather than world orientation and scale, which can prevent common UI scaling issues.

Parent of RectTransform is being set with parent property. Consider using the SetParent method instead, with the worldPositionStays argument set to false. This will retain local orientation and scale rather than world orientation and scale, which can prevent common UI scaling issues.

Parent of RectTransform is being set with parent property. Consider using the SetParent method instead, with the worldPositionStays argument set to false. This will retain local orientation and scale rather than world orientation and scale, which can prevent common UI scaling issues.

Parent of RectTransform is being set with parent property. Consider using the SetParent method instead, with the worldPositionStays argument set to false. This will retain local orientation and scale rather than world orientation and scale, which can prevent common UI scaling issues.

Parent of RectTransform is being set with parent property. Consider using the SetParent method instead, with the worldPositionStays argument set to false. This will retain local orientation and scale rather than world orientation and scale, which can prevent common UI scaling issues.

Parent of RectTransform is being set with parent property. Consider using the SetParent method instead, with the worldPositionStays argument set to false. This will retain local orientation and scale rather than world orientation and scale, which can prevent common UI scaling issues.

Parent of RectTransform is being set with parent property. Consider using the SetParent method instead, with the worldPositionStays argument set to false. This will retain local orientation and scale rather than world orientation and scale, which can prevent common UI scaling issues.

Parent of RectTransform is being set with parent property. Consider using the SetParent method instead, with the worldPositionStays argument set to false. This will retain local orientation and scale rather than world orientation and scale, which can prevent common UI scaling issues.

Parent of RectTransform is being set with parent property. Consider using the SetParent method instead, with the worldPositionStays argument set to false. This will retain local orientation and scale rather than world orientation and scale, which can prevent common UI scaling issues.

Parent of RectTransform is being set with parent property. Consider using the SetParent method instead, with the worldPositionStays argument set to false. This will retain local orientation and scale rather than world orientation and scale, which can prevent common UI scaling issues.

Parent of RectTransform is being set with parent property. Consider using the SetParent method instead, with the worldPositionStays argument set to false. This will retain local orientation and scale rather than world orientation and scale, which can prevent common UI scaling issues.

Parent of RectTransform is being set with parent property. Consider using the SetParent method instead, with the worldPositionStays argument set to false. This will retain local orientation and scale rather than world orientation and scale, which can prevent common UI scaling issues.

Parent of RectTransform is being set with parent property. Consider using the SetParent method instead, with the worldPositionStays argument set to false. This will retain local orientation and scale rather than world orientation and scale, which can prevent common UI scaling issues.

Parent of RectTransform is being set with parent property. Consider using the SetParent method instead, with the worldPositionStays argument set to false. This will retain local orientation and scale rather than world orientation and scale, which can prevent common UI scaling issues.

Parent of RectTransform is being set with parent property. Consider using the SetParent method instead, with the worldPositionStays argument set to false. This will retain local orientation and scale rather than world orientation and scale, which can prevent common UI scaling issues.

Parent of RectTransform is being set with parent property. Consider using the SetParent method instead, with the worldPositionStays argument set to false. This will retain local orientation and scale rather than world orientation and scale, which can prevent common UI scaling issues.

Parent of RectTransform is being set with parent property. Consider using the SetParent method instead, with the worldPositionStays argument set to false. This will retain local orientation and scale rather than world orientation and scale, which can prevent common UI scaling issues.

Parent of RectTransform is being set with parent property. Consider using the SetParent method instead, with the worldPositionStays argument set to false. This will retain local orientation and scale rather than world orientation and scale, which can prevent common UI scaling issues.

Parent of RectTransform is being set with parent property. Consider using the SetParent method instead, with the worldPositionStays argument set to false. This will retain local orientation and scale rather than world orientation and scale, which can prevent common UI scaling issues.

Parent of RectTransform is being set with parent property. Consider using the SetParent method instead, with the worldPositionStays argument set to false. This will retain local orientation and scale rather than world orientation and scale, which can prevent common UI scaling issues.

Parent of RectTransform is being set with parent property. Consider using the SetParent method instead, with the worldPositionStays argument set to false. This will retain local orientation and scale rather than world orientation and scale, which can prevent common UI scaling issues.

Parent of RectTransform is being set with parent property. Consider using the SetParent method instead, with the worldPositionStays argument set to false. This will retain local orientation and scale rather than world orientation and scale, which can prevent common UI scaling issues.

Parent of RectTransform is being set with parent property. Consider using the SetParent method instead, with the worldPositionStays argument set to false. This will retain local orientation and scale rather than world orientation and scale, which can prevent common UI scaling issues.

Parent of RectTransform is being set with parent property. Consider using the SetParent method instead, with the worldPositionStays argument set to false. This will retain local orientation and scale rather than world orientation and scale, which can prevent common UI scaling issues.

Parent of RectTransform is being set with parent property. Consider using the SetParent method instead, with the worldPositionStays argument set to false. This will retain local orientation and scale rather than world orientation and scale, which can prevent common UI scaling issues.

Parent of RectTransform is being set with parent property. Consider using the SetParent method instead, with the worldPositionStays argument set to false. This will retain local orientation and scale rather than world orientation and scale, which can prevent common UI scaling issues.

Parent of RectTransform is being set with parent property. Consider using the SetParent method instead, with the worldPositionStays argument set to false. This will retain local orientation and scale rather than world orientation and scale, which can prevent common UI scaling issues.

Parent of RectTransform is being set with parent property. Consider using the SetParent method instead, with the worldPositionStays argument set to false. This will retain local orientation and scale rather than world orientation and scale, which can prevent common UI scaling issues.

Parent of RectTransform is being set with parent property. Consider using the SetParent method instead, with the worldPositionStays argument set to false. This will retain local orientation and scale rather than world orientation and scale, which can prevent common UI scaling issues.

Parent of RectTransform is being set with parent property. Consider using the SetParent method instead, with the worldPositionStays argument set to false. This will retain local orientation and scale rather than world orientation and scale, which can prevent common UI scaling issues.

Parent of RectTransform is being set with parent property. Consider using the SetParent method instead, with the worldPositionStays argument set to false. This will retain local orientation and scale rather than world orientation and scale, which can prevent common UI scaling issues.

Parent of RectTransform is being set with parent property. Consider using the SetParent method instead, with the worldPositionStays argument set to false. This will retain local orientation and scale rather than world orientation and scale, which can prevent common UI scaling issues.

Parent of RectTransform is being set with parent property. Consider using the SetParent method instead, with the worldPositionStays argument set to false. This will retain local orientation and scale rather than world orientation and scale, which can prevent common UI scaling issues.

Parent of RectTransform is being set with parent property. Consider using the SetParent method instead, with the worldPositionStays argument set to false. This will retain local orientation and scale rather than world orientation and scale, which can prevent common UI scaling issues.

Parent of RectTransform is being set with parent property. Consider using the SetParent method instead, with the worldPositionStays argument set to false. This will retain local orientation and scale rather than world orientation and scale, which can prevent common UI scaling issues.

Parent of RectTransform is being set with parent property. Consider using the SetParent method instead, with the worldPositionStays argument set to false. This will retain local orientation and scale rather than world orientation and scale, which can prevent common UI scaling issues.

Parent of RectTransform is being set with parent property. Consider using the SetParent method instead, with the worldPositionStays argument set to false. This will retain local orientation and scale rather than world orientation and scale, which can prevent common UI scaling issues.

Parent of RectTransform is being set with parent property. Consider using the SetParent method instead, with the worldPositionStays argument set to false. This will retain local orientation and scale rather than world orientation and scale, which can prevent common UI scaling issues.

Parent of RectTransform is being set with parent property. Consider using the SetParent method instead, with the worldPositionStays argument set to false. This will retain local orientation and scale rather than world orientation and scale, which can prevent common UI scaling issues.

Parent of RectTransform is being set with parent property. Consider using the SetParent method instead, with the worldPositionStays argument set to false. This will retain local orientation and scale rather than world orientation and scale, which can prevent common UI scaling issues.

Parent of RectTransform is being set with parent property. Consider using the SetParent method instead, with the worldPositionStays argument set to false. This will retain local orientation and scale rather than world orientation and scale, which can prevent common UI scaling issues.

Parent of RectTransform is being set with parent property. Consider using the SetParent method instead, with the worldPositionStays argument set to false. This will retain local orientation and scale rather than world orientation and scale, which can prevent common UI scaling issues.

Parent of RectTransform is being set with parent property. Consider using the SetParent method instead, with the worldPositionStays argument set to false. This will retain local orientation and scale rather than world orientation and scale, which can prevent common UI scaling issues.

Parent of RectTransform is being set with parent property. Consider using the SetParent method instead, with the worldPositionStays argument set to false. This will retain local orientation and scale rather than world orientation and scale, which can prevent common UI scaling issues.

Parent of RectTransform is being set with parent property. Consider using the SetParent method instead, with the worldPositionStays argument set to false. This will retain local orientation and scale rather than world orientation and scale, which can prevent common UI scaling issues.

Parent of RectTransform is being set with parent property. Consider using the SetParent method instead, with the worldPositionStays argument set to false. This will retain local orientation and scale rather than world orientation and scale, which can prevent common UI scaling issues.

Parent of RectTransform is being set with parent property. Consider using the SetParent method instead, with the worldPositionStays argument set to false. This will retain local orientation and scale rather than world orientation and scale, which can prevent common UI scaling issues.

Parent of RectTransform is being set with parent property. Consider using the SetParent method instead, with the worldPositionStays argument set to false. This will retain local orientation and scale rather than world orientation and scale, which can prevent common UI scaling issues.

Parent of RectTransform is being set with parent property. Consider using the SetParent method instead, with the worldPositionStays argument set to false. This will retain local orientation and scale rather than world orientation and scale, which can prevent common UI scaling issues.

Parent of RectTransform is being set with parent property. Consider using the SetParent method instead, with the worldPositionStays argument set to false. This will retain local orientation and scale rather than world orientation and scale, which can prevent common UI scaling issues.

Parent of RectTransform is being set with parent property. Consider using the SetParent method instead, with the worldPositionStays argument set to false. This will retain local orientation and scale rather than world orientation and scale, which can prevent common UI scaling issues.

Parent of RectTransform is being set with parent property. Consider using the SetParent method instead, with the worldPositionStays argument set to false. This will retain local orientation and scale rather than world orientation and scale, which can prevent common UI scaling issues.

Parent of RectTransform is being set with parent property. Consider using the SetParent method instead, with the worldPositionStays argument set to false. This will retain local orientation and scale rather than world orientation and scale, which can prevent common UI scaling issues.

Parent of RectTransform is being set with parent property. Consider using the SetParent method instead, with the worldPositionStays argument set to false. This will retain local orientation and scale rather than world orientation and scale, which can prevent common UI scaling issues.

Parent of RectTransform is being set with parent property. Consider using the SetParent method instead, with the worldPositionStays argument set to false. This will retain local orientation and scale rather than world orientation and scale, which can prevent common UI scaling issues.

Parent of RectTransform is being set with parent property. Consider using the SetParent method instead, with the worldPositionStays argument set to false. This will retain local orientation and scale rather than world orientation and scale, which can prevent common UI scaling issues.

Parent of RectTransform is being set with parent property. Consider using the SetParent method instead, with the worldPositionStays argument set to false. This will retain local orientation and scale rather than world orientation and scale, which can prevent common UI scaling issues.

Parent of RectTransform is being set with parent property. Consider using the SetParent method instead, with the worldPositionStays argument set to false. This will retain local orientation and scale rather than world orientation and scale, which can prevent common UI scaling issues.

Parent of RectTransform is being set with parent property. Consider using the SetParent method instead, with the worldPositionStays argument set to false. This will retain local orientation and scale rather than world orientation and scale, which can prevent common UI scaling issues.

Parent of RectTransform is being set with parent property. Consider using the SetParent method instead, with the worldPositionStays argument set to false. This will retain local orientation and scale rather than world orientation and scale, which can prevent common UI scaling issues.

DontDestroyOnLoad only works for root GameObjects or components on root GameObjects.

DontDestroyOnLoad only works for root GameObjects or components on root GameObjects.

DontDestroyOnLoad only works for root GameObjects or components on root GameObjects.

Coroutine couldn't be started because the the game object 'OptionsMenuScreen' is inactive!

DontDestroyOnLoad only works for root GameObjects or components on root GameObjects.

Performing automatic level start.

Game controller set to None.

Couldn't find a Hero, make sure one exists in the scene.

Couldn't find a Hero, make sure one exists in the scene.

Couldn't find a Hero, make sure one exists in the scene.

Couldn't find a Hero, make sure one exists in the scene.

Couldn't find a Hero, make sure one exists in the scene.

Couldn't find a Hero, make sure one exists in the scene.

Couldn't find a Hero, make sure one exists in the scene.

Couldn't find a Hero, make sure one exists in the scene.

Couldn't find a Hero, make sure one exists in the scene.

Couldn't find a Hero, make sure one exists in the scene.

Couldn't find a Hero, make sure one exists in the scene.

Couldn't find a Hero, make sure one exists in the scene.

Couldn't find a Hero, make sure one exists in the scene.

Couldn't find a Hero, make sure one exists in the scene.

Couldn't find a Hero, make sure one exists in the scene.

Couldn't find a Hero, make sure one exists in the scene.

Couldn't find a Hero, make sure one exists in the scene.

Couldn't find a Hero, make sure one exists in the scene.

Couldn't find a Hero, make sure one exists in the scene.

Couldn't find a Hero, make sure one exists in the scene.

Couldn't find a Hero, make sure one exists in the scene.

Couldn't find a Hero, make sure one exists in the scene.

Couldn't find a Hero, make sure one exists in the scene.

Couldn't find a Hero, make sure one exists in the scene.

Couldn't find a Hero, make sure one exists in the scene.

Couldn't find a Hero, make sure one exists in the scene.

Couldn't find a Hero, make sure one exists in the scene.

Couldn't find a Hero, make sure one exists in the scene.

Couldn't find a Hero, make sure one exists in the scene.

Couldn't find a Hero, make sure one exists in the scene.

Couldn't find a Hero, make sure one exists in the scene.

Couldn't find a Hero, make sure one exists in the scene.

Couldn't find a Hero, make sure one exists in the scene.

Couldn't find a Hero, make sure one exists in the scene.

Couldn't find a Hero, make sure one exists in the scene.

Couldn't find a Hero, make sure one exists in the scene.

Couldn't find a Hero, make sure one exists in the scene.

Couldn't find a Hero, make sure one exists in the scene.

Couldn't find a Hero, make sure one exists in the scene.

Couldn't find a Hero, make sure one exists in the scene.

Couldn't find a Hero, make sure one exists in the scene.

Couldn't find a Hero, make sure one exists in the scene.

Couldn't find a Hero, make sure one exists in the scene.

Couldn't find a Hero, make sure one exists in the scene.

Couldn't find a Hero, make sure one exists in the scene.

Couldn't find a Hero, make sure one exists in the scene.

Couldn't find a Hero, make sure one exists in the scene.

Couldn't find a Hero, make sure one exists in the scene.

Couldn't find a Hero, make sure one exists in the scene.

Couldn't find a Hero, make sure one exists in the scene.

Couldn't find a Hero, make sure one exists in the scene.

Couldn't find a Hero, make sure one exists in the scene.

Couldn't find a Hero, make sure one exists in the scene.

Couldn't find a Hero, make sure one exists in the scene.

Couldn't find a Hero, make sure one exists in the scene.

Couldn't find a Hero, make sure one exists in the scene.


Unloading 957 unused Assets to reduce memory usage. Loaded Objects now: 76490.
Total: 228.364800 ms (FindLiveObjects: 3.155700 ms CreateObjectMapping: 1.213000 ms MarkObjects: 221.999700 ms  DeleteObjects: 1.995800 ms)

Couldn't find a Hero, make sure one exists in the scene.

Couldn't find a Hero, make sure one exists in the scene.

Couldn't find a Hero, make sure one exists in the scene.

Couldn't find a Hero, make sure one exists in the scene.

Couldn't find a Hero, make sure one exists in the scene.

Couldn't find a Hero, make sure one exists in the scene.

Couldn't find a Hero, make sure one exists in the scene.

Couldn't find a Hero, make sure one exists in the scene.

Couldn't find a Hero, make sure one exists in the scene.

Couldn't find a Hero, make sure one exists in the scene.

Couldn't find a Hero, make sure one exists in the scene.

Couldn't find a Hero, make sure one exists in the scene.

Couldn't find a Hero, make sure one exists in the scene.

Couldn't find a Hero, make sure one exists in the scene.

Couldn't find a Hero, make sure one exists in the scene.

Couldn't find a Hero, make sure one exists in the scene.

Couldn't find a Hero, make sure one exists in the scene.

Couldn't find a Hero, make sure one exists in the scene.

Couldn't find a Hero, make sure one exists in the scene.

Couldn't find a Hero, make sure one exists in the scene.

Couldn't find a Hero, make sure one exists in the scene.

Couldn't find a Hero, make sure one exists in the scene.

Couldn't find a Hero, make sure one exists in the scene.

Couldn't find a Hero, make sure one exists in the scene.

Couldn't find a Hero, make sure one exists in the scene.

Couldn't find a Hero, make sure one exists in the scene.

Couldn't find a Hero, make sure one exists in the scene.

Couldn't find a Hero, make sure one exists in the scene.

Couldn't find a Hero, make sure one exists in the scene.

Couldn't find a Hero, make sure one exists in the scene.

Couldn't find a Hero, make sure one exists in the scene.

Couldn't find a Hero, make sure one exists in the scene.

Couldn't find a Hero, make sure one exists in the scene.

Couldn't find a Hero, make sure one exists in the scene.

Couldn't find a Hero, make sure one exists in the scene.

Couldn't find a Hero, make sure one exists in the scene.

Couldn't find a Hero, make sure one exists in the scene.

Couldn't find a Hero, make sure one exists in the scene.

Couldn't find a Hero, make sure one exists in the scene.

Couldn't find a Hero, make sure one exists in the scene.

Couldn't find a Hero, make sure one exists in the scene.

Couldn't find a Hero, make sure one exists in the scene.

Couldn't find a Hero, make sure one exists in the scene.

Couldn't find a Hero, make sure one exists in the scene.

Couldn't find a Hero, make sure one exists in the scene.

Couldn't find a Hero, make sure one exists in the scene.

Couldn't find a Hero, make sure one exists in the scene.

Couldn't find a Hero, make sure one exists in the scene.

Couldn't find a Hero, make sure one exists in the scene.

Couldn't find a Hero, make sure one exists in the scene.

Couldn't find a Hero, make sure one exists in the scene.

Couldn't find a Hero, make sure one exists in the scene.

Couldn't find a Hero, make sure one exists in the scene.

Couldn't find a Hero, make sure one exists in the scene.

Couldn't find a Hero, make sure one exists in the scene.

Couldn't find a Hero, make sure one exists in the scene.

Couldn't find a Hero, make sure one exists in the scene.

Couldn't find a Hero, make sure one exists in the scene.

Couldn't find a Hero, make sure one exists in the scene.

Couldn't find a Hero, make sure one exists in the scene.

Couldn't find a Hero, make sure one exists in the scene.

Couldn't find a Hero, make sure one exists in the scene.

Couldn't find a Hero, make sure one exists in the scene.

Couldn't find a Hero, make sure one exists in the scene.

Couldn't find a Hero, make sure one exists in the scene.

Couldn't find a Hero, make sure one exists in the scene.

Couldn't find a Hero, make sure one exists in the scene.

Couldn't find a Hero, make sure one exists in the scene.

Couldn't find a Hero, make sure one exists in the scene.

Couldn't find a Hero, make sure one exists in the scene.

Couldn't find a Hero, make sure one exists in the scene.

Couldn't find a Hero, make sure one exists in the scene.

Couldn't find a Hero, make sure one exists in the scene.

Couldn't find a Hero, make sure one exists in the scene.

Couldn't find a Hero, make sure one exists in the scene.

Couldn't find a Hero, make sure one exists in the scene.

Couldn't find a Hero, make sure one exists in the scene.

Couldn't find a Hero, make sure one exists in the scene.

Couldn't find a Hero, make sure one exists in the scene.

Couldn't find a Hero, make sure one exists in the scene.

Couldn't find a Hero, make sure one exists in the scene.

Couldn't find a Hero, make sure one exists in the scene.

Couldn't find a Hero, make sure one exists in the scene.

Couldn't find a Hero, make sure one exists in the scene.

Couldn't find a Hero, make sure one exists in the scene.

Couldn't find a Hero, make sure one exists in the scene.

Couldn't find a Hero, make sure one exists in the scene.

Couldn't find a Hero, make sure one exists in the scene.

Couldn't find a Hero, make sure one exists in the scene.

Couldn't find a Hero, make sure one exists in the scene.

Couldn't find a Hero, make sure one exists in the scene.

Couldn't find a Hero, make sure one exists in the scene.

Couldn't find a Hero, make sure one exists in the scene.

Couldn't find a Hero, make sure one exists in the scene.

Couldn't find a Hero, make sure one exists in the scene.

Couldn't find a Hero, make sure one exists in the scene.

Couldn't find a Hero, make sure one exists in the scene.

Couldn't find a Hero, make sure one exists in the scene.

Couldn't find a Hero, make sure one exists in the scene.

Couldn't find a Hero, make sure one exists in the scene.

Couldn't find a Hero, make sure one exists in the scene.

Couldn't find a Hero, make sure one exists in the scene.

Couldn't find a Hero, make sure one exists in the scene.

Couldn't find a Hero, make sure one exists in the scene.

Couldn't find a Hero, make sure one exists in the scene.

Couldn't find a Hero, make sure one exists in the scene.

Couldn't find a Hero, make sure one exists in the scene.

Couldn't find a Hero, make sure one exists in the scene.

Couldn't find a Hero, make sure one exists in the scene.

Couldn't find a Hero, make sure one exists in the scene.

Couldn't find a Hero, make sure one exists in the scene.

Couldn't find a Hero, make sure one exists in the scene.

Couldn't find a Hero, make sure one exists in the scene.

Couldn't find a Hero, make sure one exists in the scene.

Couldn't find a Hero, make sure one exists in the scene.

Couldn't find a Hero, make sure one exists in the scene.

Couldn't find a Hero, make sure one exists in the scene.

Couldn't find a Hero, make sure one exists in the scene.

Couldn't find a Hero, make sure one exists in the scene.

Couldn't find a Hero, make sure one exists in the scene.

Setting up 6 worker threads for Enlighten.
  Thread -> id: 620c -> priority: 1 
  Thread -> id: 8e28 -> priority: 1 
  Thread -> id: 9bd4 -> priority: 1 
  Thread -> id: 9774 -> priority: 1 
  Thread -> id: 5750 -> priority: 1 
  Thread -> id: 5814 -> priority: 1 
Shutting down Steam API.

